Sat.ElapsedSecs           Sat.Earth.Latitude        Sat.Earth.Longitude       
0                         0.1400255816230603        -100.5794252793815        
59.99999988125637         3.212654408680936         -98.40682065591189        
146.8048329348676         7.645750212871768         -95.23433799769427        
237.2292249114253         12.23084168798601         -91.85109787645318        
328.0493305181153         16.78057667876213         -88.32147785907947        
418.928101065103          21.25309164759807         -84.60119396182468        
509.830587473698          25.61821469569577         -80.62872210953515        
534.6880532917567         26.78868814768211         -79.48962265406412        
557.649854477495          27.85983068879496         -78.41474070252144        
625.3776124329306         30.95657584707293         -75.10520445796644        
713.4287243708968         34.81805148902313         -70.44693586601194        
804.0956391720101         38.55345378724456         -65.15320824448028        
895.0823253602721         41.99428672129297         -59.24757318003058        
986.1342212883756         45.05385605267544         -52.66627336106478        
1077.219557238277         47.64390735761881         -45.36491310079901        
1168.332819384523         49.67059141627561         -37.35701244021261        
1259.468768304214         51.04351415891892         -28.74503330474458        
1350.623412115965         51.6907853156421          -19.73420268712674        
1441.790402785409         51.57490601346745         -10.612527017123          
1532.96452886425          50.70253740370715         -1.692996606744523        
1624.140199203975         49.1226675533747          6.756469663794253         
1715.311596973334         46.91431475027789         14.5608228535948          
1806.473163084593         44.17019124521677         21.64666312369386         
1897.619410743937         40.98288248847578         28.02152471486203         
1988.744819525164         37.43643984199451         33.74339490557603         
2079.847971524578         33.6027787066044          38.89456805034114         
2170.92531271046          29.54173122901077         43.56366856473394         
2261.974504846148         25.30233623030502         47.83626864067731         
2352.996089821681         20.92469956948777         51.7907897189958          
2443.990825780202         16.44205523708598         55.4973928241512          
2534.960541129112         11.88244517236036         59.01868536026098         
2600.537689018529         8.560900991317331         61.47459925276125         
2626.453038293403         7.242416214329748         62.43116786028188         
2650.11707333615          6.036217320301527         63.29923885173582         
2716.819997469429         2.627884985589067         65.72604700966671         
2804.667287401389         -1.868865185414748        68.90292870203746         
2895.233466604259         -6.496756092141894        72.19744951571995         
2986.102389462758         -11.11186846809104        75.57069088524352         
3077.00966267148          -15.679043742171          79.06426292909025         
3167.930611060001         -20.1731410591314         82.7325697947112          
3258.86724377051          -24.56693745098084        86.636855896912           
3349.823548598215         -28.82845920833087        90.84579380916719         
3440.80390058225          -32.91922260033891        95.43629353833964         
3531.810579809826         -36.79220149971456        100.4928142267284         
3622.845685633365         -40.3899303023532         106.1040457490794         
3713.909287832212         -43.64284402358692        112.3543966236241         
3805.00148384599          -46.46913137987969        119.3081645239861         
3896.119639032986         -48.77732333281567        126.9844388487251         
3987.259453162551         -50.4737595614199         135.3266415670527         
4078.418003360275         -51.47558370299886        144.178863214645          
4169.588671275415         -51.72696732603681        153.287440305049          
4260.766498488374         -51.21282627845338        162.3425147261615         
4351.945038267877         -49.96284936206884        171.0463080515243         
4443.117841368075         -48.04366120992702        179.1756202512298         
4534.278094558977         -45.54347622178469        -173.3905198501839        
4625.420354108792         -42.5563909821126         -166.6796508731188        
4716.539853962604         -39.17125805137049        -160.6540973569267        
4807.632502284832         -35.46604763983465        -155.2404465421242        
4898.696544533595         -31.50626713444118        -150.3513941550191        
4989.729198964778         -27.34591953870035        -145.8990874654709        
5080.730048159603         -23.02914827637517        -141.8013787852465        
5171.700179984327         -18.59225565904789        -137.9841437842913        
5262.641216337215         -14.06558832748618        -134.3812955467691        
5353.557278285734         -9.475016648403246        -130.9335761081224        
5444.451678777114         -4.843418727171444        -127.5870980421792        
5535.32969589578          -0.1916530307787505       -124.2915030826819        
5626.198058633599         4.460445921453766         -120.9982300744191        
5717.061955493409         9.093014469757973         -117.6588770844705        
5807.928002311382         13.68541545873751         -114.2233496024841        
5898.802973341662         18.21521032630735         -110.6381486945712        
5989.692486135755         22.65699596471703         -106.8446793121275        
6062.212112965062         26.1176231147837          -103.6257305023675        
6150.354153674562         30.19657034434288         -99.42683598385393        
6240.500171331223         34.18673127995655         -94.73619131620109        
6331.394469353836         37.97491386898628         -89.51660092616433        
6422.402942413464         41.47051382315697         -83.70989698209817        
6513.452175096609         44.5967228287148          -77.23981841065455        
6604.532712616492         47.26780869086572         -70.0539610098529         
6695.641815662384         49.39054696506822         -62.15407972343236        
6786.775185889564         50.87309245112569         -53.62680526524767        
6877.927987149451         51.63945756464934         -44.66138694471486        
6969.094194844365         51.64575558439151         -35.53573931669234        
7060.268717596773         50.89140917640933         -26.56370750856407        
7151.445308583789         49.4192924910739          -18.02462397047715        
7242.618180834688         47.30474154038059         -10.10992581260691        
7333.780497545376         44.63939217300047         -2.908419828026066        
7424.927339900751         41.51657044426472         3.576636149462026         
7516.05358037632          38.02202451046646         9.397223664114357         
7607.156252092682         34.22972123455391         14.6331516873185          
7698.232237924822         30.20135082163667         19.37288561392994         
7789.280724723358         25.98746902877169         23.70296494472725         
7880.3015861311           21.62947537428474         27.70305662081354         
7971.295598207507         17.16157038772661         31.44461598636293         
8062.263983348384         12.6125386854625          34.99134838258745         
8153.210996522103         8.00710893104438          38.40063247315676         
8178.601836785674         6.714157698621043         39.33524445181001         
8204.228103754576         5.40691065392256          40.27299049828397         
8276.845465356018         1.693977118638333         42.90970064008507         
8365.465664933436         -2.842456531524263        46.11480256410143         
8456.140743289143         -7.471908218193252        49.42345682432457         
8547.020559583325         -12.07914330763001        52.81781039720141         
8637.929570046254         -16.63316687611391        56.34340774810692         
8728.851132618729         -21.10863116760903        60.0560377830091          
8819.789384084288         -25.47752492452235        64.01846655206826         
8910.747936309781         -29.70663103645398        68.30104428644864         
9001.730252173729         -33.75581395057882        72.98236302291475         
9092.739920283202         -37.57607207860951        78.14825819663164         
9183.778209867887         -41.1074762871327         83.88742248398206         
9274.844358698465         -44.27780225976372        90.28160098092965         
9365.938550967257         -47.00287623056548        97.38797608911713         
9457.058189436793         -49.18997262477875        105.2123117237276         
9548.199262737762         -50.74645112795776        113.6785512318779         
9639.358532102779         -51.59375564750172        122.6088472577807         
9730.529513710644         -51.6837144297992         131.7329515910656         
9821.706796518993         -51.01073092886926        140.737427188745          
9912.883418623824         -49.61328378102112        149.3358091463526         
10004.05370809603         -47.56392351026011        157.3255568782262         
10095.21098246332         -44.95330092629033        164.6070429663789         
10186.349059653           -41.87517526520681        171.1689960224769         
10277.46344204061         -38.41641750860248        177.0589127923864         
10368.55101281544         -34.65238305272317        -177.6453082634965        
10459.60724669276         -30.64615579823698        -172.855539642899         
10550.63212009845         -26.44940866862775        -168.4846246565323        
10641.62585777231         -22.1044534909228         -164.4520002315493        
10732.58900726214         -17.64622349668873        -160.6853142655849        
10823.52412180044         -13.10398028273655        -157.1200144217578        
10914.43467526697         -8.502884663605839        -153.6981314008553        
11005.32505715964         -3.865267669777735        -150.3666408494206        
11096.20167366229         0.7883495514745115        -147.0756790268527        
11187.06963626901         5.438135723602613         -143.7769086786751        
11277.93465431314         10.06415314778021         -140.4217065825665        
11368.80331157008         14.6454675052652          -136.9594076620377        
11459.68267366989         19.15914121427646         -133.3355578959635        
11550.57883593254         23.57902456879091         -129.4902364288146        
11611.09984642826         26.45442526504659         -126.7749818195572        
11638.94144946244         27.75570581672729         -125.477262693982         
11664.69874915201         28.94616572799418         -124.2467429530346        
11741.96731672855         32.43028720945642         -120.3639959331039        
11831.27738318872         36.26412033086647         -115.4647255522566        
11922.11641502799         39.89856395164865         -109.9469273540316        
12013.13289856771         43.20498709685522         -103.7930799091981        
12104.19653471326         46.09767153427963         -96.94194215164804        
12195.29173941119         48.48566603390159         -89.36700240283898        
12286.41418068437         50.27492860929439         -81.11226657041303        
12377.55867160158         51.38006773562401         -72.31901884198224        
12468.72028077487         51.74046635343705         -63.2285109327488         
12559.89341705572         51.33473357758135         -54.14651837004689        
12651.07120937901         50.18644177816493         -45.37696407302308        
12742.24792263703         48.35781510263372         -37.15623358991508        
12833.41773308348         45.93499295487199         -29.61992390058205        
12924.57410126226         43.01206029561571         -22.80744627708798        
13015.71196659934         39.67907755659555         -16.68849940641154        
13106.8267896655          36.01573256142562         -11.19321236263842        
13197.91581417667         32.0893068678913          -6.235286521714641        
13288.97670598235         27.95531095721428         -1.72639577931909         
13380.00892224954         23.65913456901443         2.416648729993453         
13471.01310765138         19.23805980141314         6.269142753607768         
13561.99049244169         14.72316228481348         9.898256297752623         
13652.94498112053         10.14082326049944         13.36413884230661         
13707.70162028493         7.358941352075733         15.3953139510871          
13740.66707402235         5.678235304365548         16.60399194001994         
13777.35819591908         3.803823781793744         17.94025934170451         
13859.42749497481         -0.3964653654184216       20.9107349402627          
13949.31390109705         -4.994711469839213        24.16925543167106         
14040.13294209726         -9.619135220045576        27.51325558858545         
14131.02958967211         -14.20484020947542        30.96204810379856         
14221.9431433361          -18.72569570345427        34.56720099559357         
14312.87045453209         -23.15547882823417        38.38768516204605         
14403.81567858858         -27.46397079152736        42.48965966036515         
14494.7820904199          -31.61495999646082        46.94728432545533         
14585.77347319806         -35.5644573111291         51.84280312032057         
14676.79240750149         -39.25861571876055        57.26418406922664         
14767.83971528057         -42.63191957353423        63.29857304866124         
14858.915317012           -45.60641452001818        70.01909055918811         
14950.01685874304         -48.09320508523866        77.46267890616694         
15041.14274120657         -49.99823757415253        85.60081091141632         
15132.28901306866         -51.23340300946628        94.31122925955383         
15223.45086049754         -51.73229555842038        103.3694937026185         
15314.62228812743         -51.46555636479608        112.4771490223393         
15405.79725344433         -50.44864007609547        121.3245172934952         
15496.96928457124         -48.73764314326824        129.6590976722722         
15588.13163397135         -46.41561315553605        137.3261514186209         
15679.27847035462         -43.57623579663914        144.2703855532187         
15770.40509744547         -40.310929905461          150.5117695130653         
15861.50668255286         -36.70154892011782        156.1149404226285         
15952.5792749715          -32.81770597770231        161.1644794555694         
16043.62094979733         -28.71695725126563        165.7490993200383         
16134.62988270912         -24.44646546915708        169.9531984759416         
16225.60769560514         -20.04482153503428        173.8536458800103         
16316.55592551688         -15.5441148311911         177.5190582144828         
16407.47711121803         -10.97155127788078        -178.98927633429          
16498.37637363235         -6.350770633710724        -175.6158542770196        
16589.25793503877         -1.703194241077771        -172.3093809788252        
16680.12862846954         2.951143269478416         -169.0208831359368        
16770.99374709651         7.592466674070355         -165.7021110055396        
16861.86073059216         12.20055795283918         -162.303659515293         
16952.73411021335         16.7535661730198          -158.773403437994         
17043.62080165884         21.22723032427305         -155.0545464470213        
17134.52566842316         25.59342948818855         -151.0841123668465        
17168.67114618653         27.19880252314156         -149.513834013884         
17202.57603828795         28.77115079530259         -147.9059161641528        
17237.87129136035         30.38271392150192         -146.1760846353866        
17319.08480176935         33.97880322891469         -141.9527886051332        
17408.91696230974         37.73835434454931         -136.8257621720964        
17499.82423394686         41.25188290255234         -131.0663891535714        
17590.85778136505         44.4048482358067          -124.6433528739102        
17681.93303199951         47.10908146152961         -117.5059561560308        
17773.03824626142         49.27130149712526         -109.6519165187065        
17864.16809734656         50.79912673001819         -101.1614980198611        
17955.31852170825         51.61499243898162         -92.21706005199658        
18046.48527349345         51.67239899800619         -83.09173663251789        
18137.66120754881         50.96770471756068         -74.09943772971006        
18228.84041431826         49.54112566880681         -65.52386541267316        
18320.01759182895         47.46631294704181         -57.56322315931974        
18411.18505523773         44.8343431196687          -50.31297001171557        
18502.33780589188         41.73879697570326         -43.78113937930753        
18593.47045317991         38.26612658391094         -37.91847863747277        
18684.57857554313         34.49119610535747         -32.6463740592716         
18775.65980362706         30.47646836582182         -27.87643661981207        
18866.71284399927         26.2732043220596          -23.52178442070707        
18957.73721794831         21.92336957619809         -19.50221397232419        
19048.73327625683         17.46160802147569         -15.74572235852799        
19139.70275775064         12.91699102773453         -12.18809078505143        
19230.64984353259         8.314470273184094         -8.771560168214265        
19258.26453922782         6.908760534460131         -7.753838184825047        
19290.72224482661         5.253017349020085         -6.566025929902442        
19325.90311195236         3.455121649139598         -5.286326428191698        
19407.17669797596         -0.704873603717731        -2.345764128625664        
19496.94104525261         -5.296086458051952        0.9101454730804682        
19587.74754671613         -9.917759836699123        4.258663860907753         
19678.6443520803          -14.49993965974952        7.715800445277069         
19769.55960968044         -19.01576370079368        11.33301287115489         
19860.48923522467         -23.43872087881724        15.16964323695066         
19951.43789889989         -27.73827996648469        19.2923754944082          
20042.40807661554         -31.87774097063431        23.77588275438317         
20133.40275411028         -35.8125032999901         28.70285042829828         
20224.42336594686         -39.48797455736243        34.16137997602578         
20315.47220195644         -42.83790951878576        40.23827419555143         
20406.54838832561         -45.78354480941677        47.00502338442839         
20497.64917097054         -48.23542624814818        54.49521450945814         
20588.77277963329         -50.09951140114645        62.67496680003023         
20679.91597271757         -51.28863232783365        71.41539848027716         
20771.07528703054         -51.73837995545524        80.48613994712184         
20862.24358244799         -51.4221664498577         89.58577269819959         
20953.41605802532         -50.35831416437801        98.40654502056037         
21044.58543250803         -48.6051327677122         106.7014065206986         
21135.74646270135         -46.24678500053285        114.322495661452          
21226.8921131501          -43.37715421270399        121.2201450073645         
21318.01833068021         -40.08717302683129        127.4181445461211         
21409.11873236764         -36.45799929445644        132.9829639196517         
21500.19011842087         -32.55841770953812        137.9998841637375         
21591.22949335724         -28.44530668789573        142.5574747079091         
21682.23746067379         -24.1651146814321         146.7398214260804         
21773.21276717121         -19.75609279885684        150.6231264184301         
21864.1583281802          -15.24990799458195        154.2755619120675         
21955.07739221212         -10.67347013910338        157.758015098478          
22045.97342497436         -6.050324712961906        161.1256048223127         
22136.85209745308         -1.401711538570261        164.429470841635          
22227.71998085082         3.252368762767544         167.7184793574654         
22318.58243937604         7.892134300553465         171.0408975628988         
22409.44636452477         12.49727117692245         174.4462369463288         
22500.31797451666         17.04588226915654         177.9869270625863         
22591.2031914806          21.51345157443055         -178.2799190980419        
22682.10764711257         25.87160352771228         -174.2908356702803        
22716.28041740041         27.47463834153569         -172.7110456549636        
22750.19951431314         29.04367758430714         -171.0935232694839        
22785.51941238111         30.65180823562423         -169.3523728348892        
22867.43396442616         34.26578014091977         -165.0642977260109        
22957.35426099272         38.00987964026676         -159.8932023896029        
23048.27289849054         41.49942876807539         -154.086994721831         
23139.30958220735         44.62214507541059         -147.6122769845529        
23230.38585784379         47.28935840807605         -140.4209468966261        
23321.49142634589         49.40752704696244         -132.5157852867236        
23412.62073994149         50.88483627445518         -123.9842796561157        
23503.76975771505         51.64550010042451         -115.0164065496441        
23594.93351338897         51.6459228619662          -105.8905194310192        
23686.10824736534         50.88582995084687         -96.92038326960575        
23777.28587246966         49.40838142654621         -88.38506484004299        
23868.46172260121         47.28907100502511         -80.47517109077616        
23959.62805476738         44.61961157021577         -73.27887127006341        
24050.78038957436         41.49328779630621         -66.79885122653351        
24141.91371485358         37.99576283934962         -60.98280883360265        
24233.02333652973         34.20098167922338         -55.75089065719415        
24324.10593191162         30.17056475077008         -51.01458491947259        
24415.16054294771         25.95500537842289         -46.68736452309913        
24506.18632505648         21.59568162000268         -42.6896276524494         
24597.18407912878         17.12675109469626         -38.94995686458979        
24688.15602175891         12.57691674959493         -35.40464877736019        
24779.10511951195         7.970948592291407         -31.99641033485137        
24809.08325918717         6.444043431581407         -30.89383740867599        
24837.14249487966         5.012105306183229         -29.8684836078061         
24876.83642625343         2.983039855540004         -28.42607790803076        
24959.5220589079          -1.24957157016021         -25.4356223987988         
25049.46582427947         -5.848184169469957        -22.16936123044254        
25140.29499334283         -10.46676566544517        -18.81028374937762        
25231.19773152284         -15.04235251977116        -15.33697849269344        
25322.11711962009         -19.54854016402112        -11.69689258943062        
25413.05244538235         -23.9585298589463         -7.829792295541863        
25504.00675364072         -28.24107756554026        -3.668135506608099        
25594.98379330616         -32.35869965330486        0.8638055810312388        
25685.98522210959         -36.26565535948523        5.849509183430828         
25777.01332108118         -39.90607460397365        11.37743976633742         
25868.06816848693         -43.21215302324084        17.53334516180258         
25959.14966500131         -46.10373927231832        24.38561525829738         
26050.25628365111         -48.49044578511848        31.96152376535188         
26141.38389739674         -50.27828182569501        40.21689627112539         
26232.52845935058         -51.38193851722286        49.01036856700583         
26323.68637933396         -51.74086997669151        58.10070123994466         
26414.85284477239         -51.33372633860676        67.18217671197098         
26506.0224487097          -50.18407875249979        75.95107899228546         
26597.18903704779         -48.35413919441195        84.17107965796592         
26688.34646920441         -45.93003589513229        91.70665554198111         
26779.48905816302         -43.0058057395507         98.51853605673506         
26870.61077964026         -39.67151851607869        104.6369900138416         
26961.70866298489         -36.00678776646959        110.1320030729004         
27052.77832467109         -32.07895330623706        115.0897718491351         
27143.81732179318         -27.94353938769801        119.5986210982616         
27234.82362446375         -23.64602312619242        123.741674844069          
27325.79811372561         -19.22370238670184        127.5942494329464         
27416.74262867309         -14.70765197609923        131.2235413892487         
27507.65991710359         -10.12434324573245        134.6896534351735         
27598.55316089233         -5.497021490457888        138.0471266439603         
27689.42957811523         -0.8466582143379492       141.3467947635469         
27780.2938920795          3.806729267806914         144.6373002791692         
27871.15333374823         8.443426804173814         147.9670269722661         
27962.01379067497         13.04293378370069         151.3857044897895         
28052.88145530503         17.58309941676041         154.9462217769134         
28143.76407314558         22.03910839895052         158.7064315733449         
28234.66635933146         26.38198563513771         162.7306171175464         
28266.41515677329         27.86571440631278         164.2111103451138         
28302.5723613915          29.53131786084918         165.9510334631483         
28345.18990960205         31.45802583119898         168.082104309909          
28428.77711055335         35.10438320355025         172.5461056987889         
28518.90824194998         38.79878204552565         177.8473322136033         
28609.83101591701         42.21431928205733         -176.2080843980027        
28700.87142497068         45.2452428352556          -169.5802766123881        
28791.95096389158         47.80074932246172         -162.2306249855797        
28883.05922612781         49.78664554919551         -154.1780278003248        
28974.19073148631         51.11322864434158         -145.5316671943118        
29065.34046685556         51.71040392949346         -136.5034811674262        
29156.5042919945          51.54341027733923         -127.3851010501759        
29247.67646047985         50.6218864784318          -118.4887586756468        
29338.851226517           48.99727484611655         -110.0773631373522        
29430.02185199875         46.75003872985422         -102.3191762128757        
29521.18303055177         43.9732698090796          -95.28133411032495        
29612.32907044468         40.75920498545754         -88.95198275715461        
29703.45591850346         37.19111152951057         -83.27068115218465        
29794.55990251154         33.34016918565039         -78.15436987111632        
29885.63887376804         29.26538865893901         -73.51429662158542        
29976.68920280412         25.01522215713593         -69.26533252988465        
30067.71154843736         20.62926011421509         -65.32957092229972        
30158.70672161691         16.14034423869213         -61.63737045795106        
30249.67725262977         11.57619468300021         -58.12654745350591        
30340.62568056397         6.960926756959782         -54.74101041185823        
30363.80380400224         5.779039012525931         -53.89183873904982        
30384.91311416728         4.701220614641957         -53.1218771158735         
30449.0437202272          1.421139388705335         -50.79627783785981        
30536.50330889504         -3.055655057655841        -47.63314714009313        
30627.02343530254         -7.676064014824076        -44.3280304687154         
30717.8885683883          -12.28049958722777        -40.92994828620079        
30808.7994509493          -16.8315444532725         -37.39765261943192        
30899.72714718897         -21.30308565661158        -33.67555191900657        
30990.67151849158         -25.6667051198988         -29.700730905949          
31081.63659225684         -29.88894369123389        -25.40245683747808        
31172.62709147763         -33.92937446780332        -20.70170007833401        
31263.64279895788         -37.73839466705622        -15.51256041911617        
31354.68510054052         -41.25558434135315        -9.74640178843018         
31445.75569513254         -44.4082741274387         -3.321961444387325        
31536.85152878752         -47.11171632557932        3.816076871124053         
31627.97045469051         -49.27302143150968        11.67052193932821         
31719.10889460705         -50.79988774190295        20.16114714679074         
31810.26323289843         -51.61478665118636        29.10555474522888         
31901.42702534795         -51.67125685124556        38.230356402289           
31992.59622412501         -50.96570434131183        47.22199096210474         
32083.76476565609         -49.53834530640888        55.79682672539862         
32174.92687617196         -47.4628337754044         63.75670930065951         
32266.07638208661         -44.83019173488828        71.00637005825543         
32357.20844662283         -41.73396414492356        77.53779586993552         
32448.32006329671         -38.26048682311465        83.40036906699306         
32539.40516476287         -34.48466425397037        88.67254652083314         
32630.46225139406         -30.46892081840871        93.44273312218502         
32721.48898149608         -26.26457299296019        97.79773155311791         
32812.4845588929          -21.91362259717684        101.817722113839          
32903.44844860956         -17.45078507546722        105.5746695318905         
32994.38437944045         -12.90506564116421        109.1328731098098         
33085.29437750112         -8.301558789902506        112.5500073152824         
33176.18412352167         -3.662442384792378        115.8789795585683         
33267.05726080108         0.9916654242825674        119.1694609973737         
33357.92059502564         5.641024820968629         122.46983096197           
33448.78018882591         10.26568297363529         125.8287777000721         
33539.64098239085         14.84454961383117         129.2970284075471         
33630.5118226097          19.35466034749986         132.929299726157          
33721.39779488789         23.76964664327314         136.7857353310595         
33797.90649244096         27.38920805351481         140.2543303447034         
33820.97932482138         28.45992575853721         141.3472860712241         
33845.46959130093         29.58459133519966         142.5336645439598         
33929.53049089992         33.34048480831198         146.8335570851739         
34019.70303790877         37.15504642539438         151.8977172125415         
34110.61240764102         40.71942725278807         157.5616665074697         
34201.63478942122         43.9349857395172          163.8767217777586         
34292.69804523792         46.71577438105214         170.8999512955869         
34383.79109777743         48.96940221954499         178.6439557655129         
34474.90978259593         50.60262171453266         -172.9566179865637        
34566.04899134254         51.53446379908764         -164.0679188868093        
34657.20512660919         51.71259752484231         -154.9511173774622        
34748.371879966           51.12626838288617         -145.9181603044081        
34839.54372721491         49.8092261715271          -137.2618401997185        
34930.71388498647         47.83088808122581         -129.1960992233545        
35021.87702239025         45.28061023255689         -121.8319815854479        
35113.02841769066         42.25231663272715         -115.1894093303756        
35204.16281166254         38.83396017601504         -109.2261712172538        
35295.27560232673         35.10233058689664         -103.8667889992286        
35386.36511686491         31.1217384414425          -99.02346293395566        
35477.42852292722         26.94514041746444         -94.60871012074053        
35568.46419232897         22.61587829116131         -90.54115831495169        
35659.47283166461         18.16960155440849         -86.74748027128857        
35750.45580666047         13.63615879628823         -83.16230491591584        
35841.41594903776         9.041109444494351         -79.7269895554668         
35893.02101827925         6.415014983734914         -77.8237977700085         
35918.98870394798         5.089933767978086         -76.87482138839835        
35943.929582485           3.815556989550003         -75.96743525930682        
36017.68050387036         0.04155696931123266       -73.2978244606612         
36106.51492383331         -4.503474302791711        -70.08029983958755        
36197.19726867042         -9.123736010503926        -66.74954905828947        
36288.08431969956         -13.71411010048342        -63.31496592070671        
36379.00171217043         -18.24290756562565        -59.72955949028949        
36469.933877117           -22.68366468446802        -55.93547157019999        
36560.88492994895         -27.00670403310607        -51.8673486910851         
36651.85795730213         -31.17653122448924        -47.45192199128678        
36742.85588865168         -35.15005540856604        -42.60779151995342        
36833.88128414517         -38.87458267081016        -37.24738826236473        
36924.93477242533         -42.28590832431043        -31.28299943111876        
37016.01574905217         -45.30738591603404        -24.63914199027281        
37107.12231206708         -47.85113247010524        -17.27363850989795        
37198.25065503828         -49.82318582362083        -9.206660722174885        
37289.39703219803         -51.13415117186362        -0.5494619518926217       
37380.55767231854         -51.71454548199964        8.484022153601646         
37471.72499459703         -51.53049502128349        17.60065138716628         
37562.8968176432          -50.59261088954404        26.48892627062786         
37654.06450956361         -48.95314570692961        34.88739017129815         
37745.22247763816         -46.69299869275761        42.63018030734988         
37836.3658671733          -43.90535174775679        49.65222144151815         
37927.48950632522         -40.68229171849331        55.96677281951995         
38018.58942112885         -37.10683998613571        61.63499552721671         
38109.66264847666         -33.24988463449517        66.74023768271489         
38200.70675300667         -29.17021300631518        71.37120886148276         
38291.72096777475         -24.91595457990502        75.61301693240229         
38382.70537261851         -20.52657877117087        79.54332952871736         
38473.66076434264         -16.03482968002954        83.23159462224977         
38564.58958773874         -11.46837339230066        86.73983416150099         
38655.49459940521         -6.851288549918258        90.1240300869507          
38746.38095609844         -2.205153258257136        93.43589443157197         
38837.25357066141         2.449798233661066         96.72452170666108         
38928.11668234644         7.093731544558151         100.0381225893975         
39018.97828906076         11.70655044526182         103.425925875203          
39109.84429250238         16.26667158486881         106.939717656673          
39200.72050730232         20.75009821951297         110.6356672765573         
39291.61337924888         25.12925075403753         114.5760529507874         
39352.13332010899         27.97082598510036         117.3687472192501         
39376.07290592277         29.07557447290506         118.5166066808294         
39405.4151036893          30.41311264791067         119.9600168848854         
39482.13578963187         33.81366238915236         123.9436171316346         
39571.37722559273         37.56019714457867         129.0143322169101         
39662.20859804889         41.08669592366486         134.7399090592379         
39753.22300266707         44.25881088834498         141.128754897881          
39844.28567164578         46.98680227909641         148.2304812529408         
39935.37804085063         49.17740967001554         156.050142834206          
40026.49661439937         50.73800161116023         164.512278694431          
40117.63664038153         51.58991647835799         173.4395384558844         
40208.79330496537         51.68482134638172         -177.4376462600389        
40299.961000029           51.01686449932387         -168.4325664003087        
40391.13298746524         49.62427533240449         -159.8319317992935        
40482.30386911891         47.57941583766178         -151.8388130864997        
40573.46605287166         44.97286930465575         -144.5535139099108        
40664.61603121134         41.89829139367777         -137.9875871348254        
40755.74881680077         38.44257481228916         -132.0939133326849        
40846.86007986311         34.6811585253914          -126.7948381900453        
40937.94701696606         30.67709195807382         -122.0021960346019        
41029.00827338453         26.48213313529342         -117.6289023419624        
41120.04298630636         22.1386655802578          -113.594402052016         
41211.05116578983         17.68165899213496         -109.8263070888153        
41302.03474774025         13.14040441496235         -106.2600310492665        
41392.99562091473         8.540131839977905         -102.837611291562         
41447.80850537354         5.74848075249995          -100.8220090900556        
41480.70877451682         4.06822193189882          -99.62330553945186        
41519.85557014123         2.066042047282312         -98.20399916483801        
41577.36196210608         -0.8776640706874203       -96.12512054842662        
41663.65544112632         -5.290538730654216        -92.9950060030487         
41754.05981020303         -9.891171942525558        -89.66194583099464        
41844.91877410328         -14.47106654687924        -86.20740928938068        
41935.8367364388          -18.98681453425291        -82.59168313482552        
42026.77390412427         -23.41011684559058        -78.75678368047178        
42117.72962808609         -27.71021887655904        -74.63629388280647        
42208.70763649            -31.85053277024081        -70.15554523709066        
42299.71077174414         -35.78651466670068        -65.23190738916608        
42390.74099395657         -39.46366822146832        -59.7772638792332         
42481.79870451568         -42.81575951372923        -53.70488277336148        
42572.88328200812         -45.76412984610131        -46.94310925218666        
42663.99352101143         -48.21943401889344        -39.45788800470148        
42755.1258627791          -50.08758119454195        -31.28267786477802        
42846.27703585429         -51.28132103352709        -22.54566048620798        
42937.44015188422         -51.73604480576179        -13.47689144445004        
43028.61163766356         -51.42493714105967        -4.377084506234847        
43119.78356475011         -50.36605750088761        4.445600117181403         
43210.95091751777         -48.61747884220951        12.74384666779175         
43302.10714048008         -46.26326255567686        20.36903122294333         
43393.24719758006         -43.39720383762093        27.27106937104906         
43484.36611593934         -40.11028690276895        33.47326157193609         
43575.46032109531         -36.48361831540025        39.04201068250327         
43666.52656170772         -32.58603735739699        44.06245106901857         
43757.56244264776         -28.47445236180939        48.62313290271354         
43848.56760653201         -24.19540835545734        52.8080980157891          
43939.54319308978         -19.78708702612125        56.69368202711946         
44030.49034330761         -15.28127640938133        60.34801352594051         
44121.41208221437         -10.70492947120075        63.83201278904797         
44212.31231902493         -6.081595041291669        67.20085291113453         
44303.19564566016         -1.432588940226959        70.50566550141831         
44394.06565072713         3.221918161427532         73.79523356511456         
44484.92982733296         7.862241570869647         77.11791373721113         
44575.79456563108         12.46803511371444         80.52319878591507         
44666.66478569387         17.01733599831993         84.06345315639928         
44757.5467871502          21.48565566439934         87.79577003528441         
44848.44615863403         25.84463439072882         91.78356252387576         
44904.84151131241         28.47901795476034         94.41641237338156         
44938.58308108756         30.02490093667739         96.05907105782597         
44977.20280189533         31.76304212699819         98.00761715702363         
45029.45746842306         34.05557102665664         100.7714323738703         
45115.02504455857         37.63791902704248         105.6537785648408         
45205.40761607699         41.1409602650572          111.3624753907277         
45296.37006463017         44.304807856571           117.7586141530278         
45387.42566263536         47.0248573178801          124.8710308189964         
45478.51702946937         49.20626744112223         132.7012798640772         
45569.63399620727         50.75631395258863         141.1719092235374         
45660.7726684073          51.59671602786415         150.1040536563881         
45751.92832307657         51.67973381194781         159.2270489434781         
45843.09581854613         51.00021096840175         168.2275572342501         
45934.26849057432         49.59698522654841         176.8198422090742         
46025.43998484034         47.54282886415523         -175.1976925736849        
46116.60478123231         44.92840948621296         -167.9236403961876        
46207.75691927411         41.84739289699245         -161.3686207431448        
46298.89237942407         38.38648422068739         -155.484777137906         
46390.00636670971         34.62094473660834         -150.194203002216         
46481.09552229289         30.61366240409577         -145.4087113460783        
46572.15960571775         26.41618487298317         -141.0412333060169        
46663.19775165757         22.07076246085097         -137.0113426620903        
46754.20840736479         17.61233962366996         -133.2468462710842        
46845.19474779954         13.07007268342405         -129.683216950916         
46936.15882610902         8.469128633402848         -126.2625775473624        
46989.68725515297         5.742872262189715         -124.29466384509          
47015.12287803926         4.444134796249082         -123.3674165569943        
47041.36138928588         3.102839136544253         -122.4146588178235        
47132.16760848882         -1.544621194876573        -119.1306219098908        
47223.08272495866         -6.191008256272334        -115.8267211164693        
47314.00157870958         -10.81064821282428        -112.4581355071991        
47404.92442968534         -15.3820629884352         -108.9739245712073        
47495.85616149707         -19.88181326701072        -105.3189322129668        
47586.80071887793         -24.28305291059197        -101.4322819986039        
47677.76390922954         -28.55427527243521        -97.24574764773193        
47768.74855044298         -32.65742302745338        -92.68304374701185        
47859.75857404992         -36.54617719628848        -87.6600793532041         
47950.79476113897         -40.16377687473619        -82.08834216815372        
48041.85782867717         -43.44152739983509        -75.88274119651568        
48132.9469600576          -46.29838433089337        -68.97707981443564        
48224.06095425831         -48.64342344012328        -61.34829741623862        
48315.19678216428         -50.38283513933341        -53.04695766069223        
48406.34912702953         -51.43254189287602        -44.2222631038518         
48497.51299931668         -51.73448121403893        -35.12206489501715        
48588.68364082882         -51.27061410093752        -26.05436652960797        
48679.85530577134         -50.06775679537817        -17.31981959484751        
48771.02099892218         -48.19049075906284        -9.14789964130118         
48862.17416039435         -45.72607923026512        -1.666388932328856        
48953.30988048809         -42.76858582228557        5.091769695415663         
49044.42419121042         -39.40737999369883        11.16090086655577         
49135.51173935411         -35.72126067268059        16.61270140364357         
49226.57047711546         -31.7765548897563         21.53401987430544         
49317.59851605166         -27.62794042540011        26.01295532471847         
49408.59504741384         -23.32016381119352        30.13210979139649         
49499.56154285464         -18.88996848310591        33.96616698126763         
49590.50033400999         -14.368012383559          37.58174091206644         
49681.41351708909         -9.780520506693341        41.03842126392277         
49772.30623533251         -5.150454129325982        44.39046926742737         
49863.18272233475         -0.4988326990126416       47.68839420247058         
49954.04818357201         4.154383010436849         50.98077982033561         
50044.91027402692         8.789465275385668         54.3160818251431          
50135.77333322028         13.3857303098534          57.74416167732566         
50226.64391915314         17.9208661346031          61.31824161601801         
50317.52910657087         22.36975647209591         65.09659523625881         
50408.43265475705         26.70300988883539         69.14401798944209         
50448.10602039797         28.54895779905209         71.01267091170315         
50482.49257825082         30.12305937587206         72.68973160341434         
50516.57110304805         31.65695121125609         74.40892955540717         
50598.61748870462         35.22802044465948         78.80845785319211         
50688.55420761975         38.90588692036033         84.11599492339319         
50779.47480585426         42.31079965666326         90.0802771998496          
50870.50940813497         45.32843150172031         96.72933609188053         
50961.58314248314         47.86786540551089         104.1005452269318         
51052.68479548395         49.83487401622858         112.1725457371817         
51143.81051638629         51.14018127211973         120.8332297940463         
51234.95544043835         51.71456743847484         129.8677797612133         
51326.11497886246         51.52454152861385         138.9829894472465         
51417.283893493           50.58109979957169         147.8672931609583         
51508.4568392951          48.93675029039328         156.2602734122169         
51599.62678804295         46.67254484973375         163.9968020797508         
51690.78752560308         43.88172071026502         171.0124517294583         
51781.93504154915         40.65625915335272         177.3210766175056         
51873.06526290486         37.07906129842361         -177.0159232743491        
51964.17302882764         33.22097699732861         -171.9152418034629        
52055.25673816446         29.14064182649086         -167.2881186205882        
52146.31465900457         24.88612046809633         -163.049541716393         
52237.34582480974         20.49683854371405         -159.1219459304681        
52328.35160979303         16.00542921889276         -155.4359128693706        
52419.33292674366         11.43955949268016         -151.929528404272         
52510.2941522724          6.823158280664431         -148.5467835828175        
52548.95655037835         4.850766194595804         -147.1334775074485        
52587.80873415526         2.864885856088476         -145.7223805480575        
52631.52765092673         0.6276459293834389        -144.1407887184151        
52715.36073102616         -3.662204604001524        -141.1076397702333        
52805.45830704505         -8.257219573411858        -137.8108757613307        
52896.28721993649         -12.85338416045965        -134.400851838007         
52987.20510809217         -17.39545986947844        -130.848214473701         
53078.14338753233         -21.85491944967071        -127.0981297518017        
53169.09875913989         -26.20261987082054        -123.0869087954797        
53260.07363533136         -30.40425753471699        -118.7428717286172        
53351.07160062762         -34.41835773409762        -113.9860655580254        
53442.09505958715         -38.19418498264729        -108.7298063785193        
53533.14492814243         -41.66982465529781        -102.8857185513814        
53624.22094163485         -44.77098923060639        -96.37470599014213        
53715.32241390087         -47.41170872913847        -89.14623425524456        
53806.44582045497         -49.49853496288841        -81.20633518141599        
53897.58789738407         -50.94015932663438        -72.64734062720341        
53988.74439852079         -51.66205457046188        -63.66443097550265        
54079.90938539151         -51.62264215619505        -54.53939731636356        
54171.07875138754         -50.8239813945269         -45.58588803711086        
54262.24526397418         -49.31121753706503        -37.07930344061086        
54353.40421996079         -47.1610539574547         -29.2049693847677         
54444.54923642334         -44.46554348013256        -22.04596304253133        
54535.67501830403         -41.31776072253675        -15.60149182248634        
54626.77719402127         -37.80280590057188        -9.817229615924154        
54717.85264927894         -33.99392647688929        -4.612454656341524        
54808.89846843202         -29.95212813578045        0.1014022976472247        
54899.91291925544         -25.72744445687913        4.410515421228405         
54990.89612684911         -21.36082623989767        8.394096417927315         
55081.84955783654         -16.88611668630173        12.12314939764509         
55172.77509217383         -12.33184115060835        15.66098289661572         
55263.67717719404         -7.722574301092452        19.0646505466586          
55354.55986890011         -3.080320681773416        22.38650213583646         
55445.42778844479         1.574482016082471         25.67597284682669         
55536.28738098778         6.222092966948157         28.98137766646811         
55627.14521741727         10.8424910540211          32.35159311417297         
55718.00747666275         15.41443493985086         35.83778756290622         
55808.88000321575         19.91446179628387         39.49517841819136         
55899.7680430999          24.31570967166905         43.38473326770899         
55990.67706236383         28.58656667412894         47.57471092855811         
56015.65209631808         29.7319823757107          48.78814478796037         
56046.4398134267          31.12510756298594         50.32543034504371         
56125.41464280803         34.5911760945362          54.49987014081248         
56214.95466332417         38.29825525984059         59.69332186321554         
56305.82519676536         41.75964710672534         65.54683490238411         
56396.84902222361         44.84925194755105         72.07628585282119         
56487.91721477173         47.47635642576757         79.32469519450407         
56579.01492178207         49.54699390334979         87.28327826570617         
56670.13774747029         50.97007985691471         95.85688986026773         
56761.28063031938         51.67180381785182         104.8474868384474         
56852.43846669327         51.61172901691276         113.9716176015674         
56943.60534012085         50.79320937547995         122.9156166992734         
57034.77729958249         49.26243759107664         131.4063851940727         
57125.94689346151         47.09680154376792         139.2611909710836         
57217.10918156896         44.38851759258672         146.3997496080457         
57308.25922685908         41.23049882587491         152.8247526420676         
57399.39171981532         37.70755745965803         158.5914999527848         
57490.50325287972         33.89258408597474         163.781116458151          
57581.59069509711         29.846239629945           168.4822023805916         
57672.65297777485         25.61821511294646         172.7808158653487         
57763.68898161454         21.24925740440635         176.755894540248          
57854.69944747165         16.77303337668775         -179.5217977599346        
57945.68570555421         12.21792512841175         -175.9891518895562        
58036.64985521464         7.608489598542925         -172.5893358446206        
58091.8756473111          4.792418524074664         -170.5674249894117        
58124.86474084435         3.10631066967898          -169.3690766779106        
58164.6545675816          1.070364355154193         -167.9290893661951        
58223.77376889344         -1.955737642883451        -165.792273126239         
58310.34747987287         -6.379202156754702        -162.6440683257937        
58400.79140252201         -10.97324978302793        -159.2899961067937        
58491.66366473073         -15.53999371754932        -155.8030246668339        
58582.59273204021         -20.03665414052364        -152.1414768468988        
58673.54049801361         -24.43410929171209        -148.2457968652778        
58764.50761203887         -28.70040116975846        -144.0476724545318        
58855.4961775546          -32.79718172977278        -139.4705464240087        
58946.50923593435         -36.67776772195585        -134.4301254964188        
59037.54833709681         -40.28503848141978        -128.8377853016756        
59128.61428381875         -43.5498613034063         -122.6087410198975        
59219.70532878768         -46.39074340577162        -115.6778690716116        
59310.81957538845         -48.71648870122737        -108.0241842803112        
59401.95343689993         -50.43337993680035        -99.70139912835826        
59493.10368178412         -51.45799814483682        -90.86217037478239        
59584.26563513931         -51.7334453228161         -81.75731352940629        
59675.43233506149         -51.24322248732226        -72.69607420498227        
59766.59866094124         -50.01566561555431        -63.9775543651872         
59857.75913981488         -48.11640929430715        -55.82786210601186        
59948.90765718883         -45.63318832126879        -48.37119242389605        
60040.03897489747         -42.66007177134032        -41.63768295152869        
60131.14939180668         -39.2861244960993         -35.59122020070781        
60222.2338866326          -35.5897155338429         -30.15924225252423        
60313.28995674849         -31.63676787627698        -25.2546954439095         
60404.31582529563         -27.48158345944102        -20.7895735203378         
60495.31118581071         -23.16858100850071        -16.68149718237879        
60586.27778749214         -18.73425228841528        -12.85605460685996        
60677.21571709262         -14.2091899064138         -9.246979113501194        
60768.1281555444          -9.619441416185069        -5.794840333104399        
60859.01888413355         -4.987954159033931        -2.445576565852972        
60949.89355372963         -0.335627794091766        0.8512837365326378        
61040.75594467577         4.317520457106498         4.144239957310066         
61131.61283248337         8.951704996567923         7.481739542823444         
61222.47071543243         13.54630892820994         10.91380378622027         
61313.33622067468         18.07894519763698         14.493799764727           
61404.21399199404         22.52426104250614         18.28009797758592         
61495.11028595734         26.8528257195072          22.3378380089302          
61541.7036584462          29.01482421903688         24.54601642417521         
61567.55783292465         30.19521631808697         25.81404086427651         
61598.93711636541         31.60757653753256         27.3973924102562          
61679.64913960313         35.12484335775071         31.71696491488807         
61769.41189452773         38.80365301273053         36.99881122493208         
61860.30781664886         42.21810210256098         42.9428962121391          
61951.3355752104          45.24842354234169         49.57098428478299         
62042.40545597859         47.80335295114462         56.92098542406509         
62133.50495210616         49.78863898128009         64.97378026291925         
62224.62909951573         51.11461469829576         73.62015853296039         
62315.77410497703         51.71121784207106         82.64825703390996         
62406.93388574291         51.54370094186887         91.76624689851513         
62498.10269350419         50.62174795331428         100.661943424394          
62589.27501129219         48.99682613687199         109.0725518809094         
62680.44496758375         46.74938066036322         116.829977286021          
62771.60611753352         43.97251779450878         123.8670521578523         
62862.75361430598         40.75843098014521         130.1957340551721         
62953.8825472584          37.19039689648047         135.8764178763022         
63044.98976060422         33.33955672970364         140.9921969811044         
63136.07181189582         29.26496113323867         145.6317502295705         
63227.12855528807         25.01488647971211         149.8803656456239         
63318.15918611828         20.62896937607073         153.8158551413342         
63409.16411646176         16.14005657334449         157.5078332492685         
63500.14448541915         11.57592664046516         161.0184274249308         
63591.10494023189         6.960578692529625         164.4038113304778         
63634.88059232477         4.727275781825726         166.0040249411654         
63659.30638143327         3.478946745836611         166.8916265506727         
63688.14877553377         2.003540815151352         167.936458519058          
63766.19088894222         -1.991145496839017        170.7575303403484         
63855.54975128034         -6.556614300298286        174.008064381833          
63946.3198448997          -11.16584174752759        177.3778953760577         
64037.22752421163         -15.73196265148851        -179.127707173685         
64128.15915418323         -20.22526707338742        -175.4575014624565        
64219.10642761504         -24.6179734375061         -171.5505417459696        
64310.07231735857         -28.87800443552875        -167.3380931915866        
64401.05861598859         -32.96668847092945        -162.7432719708923        
64492.07011627732         -36.83702408978426        -157.6814171798392        
64583.10770901153         -40.43138105468294        -152.0638812960996        
64674.17146679945         -43.68007395099657        -145.8063681542963        
64765.26072673732         -46.50115977309671        -138.8449770576759        
64856.37413472869         -48.80315378292887        -131.1611754347166        
64947.50757976435         -50.49244229106312        -122.8124927760962        
65038.65685119526         -51.48636190227142        -113.9560963502755        
65129.81655589538         -51.7294891211554         -104.8464500376427        
65220.98212300334         -51.20721630013015        -95.79365245898748        
65312.14694768423         -49.94968216186701        -87.09501207103793        
65403.30552899977         -48.02380291700132        -78.97264734767546        
65494.45205923403         -45.51788400992917        -71.54638649802261        
65585.58166514849         -42.52596809551164        -64.84291487341271        
65676.687879581           -39.13685710590931        -58.82418071499757        
65767.77014083927         -35.42824794484908        -53.41632237048468        
65858.82321452955         -31.46565375038152        -48.53219961783962        
65949.84604736092         -27.30289534174219        -44.0838991843928         
66040.83854818018         -22.98401122930942        -39.98934181051038        
66131.80230336729         -18.54521259262832        -36.17447223091063        
66222.73817793466         -14.0168374221514         -32.5733125302357         
66313.65028131986         -9.424729593501533        -29.12666063345482        
66404.54162126407         -4.791770042128215        -25.78067488338601        
66495.41649328312         -0.1388673232907056       -22.48504531189665        
66586.28113225568         4.514108144386783         -19.19122087304981        
66677.14006283786         9.147239325906702         -15.85079849635915        
66768.00021235831         13.73987632133779         -12.41363006517356        
66858.86817999417         18.26953265708279         -8.826163566194369        
66949.74855043693         22.71070427096335         -5.029772277090567        
67040.64698398579         27.03372358672056         -0.9590221714646253       
67095.3598410124          29.56380531236537         1.65328287934523          
67128.28916696599         31.05589005675492         3.293168684546415         
67164.16872334667         32.65238304453685         5.143451525788838         
67246.37744624633         36.17885483454715         9.660578698193419         
67336.335605965           39.78688199923443         15.10962639890305         
67427.2583500715          43.10263634510051         21.2361592521836          
67518.29405562021         46.01012826418868         28.06209236177289         
67609.36882942915         48.41638102033971         35.61218066056228         
67700.47198677203         50.22712423192839         43.84484575664728         
67791.59972090274         51.35647638255136         52.62247013193146         
67882.74637120776         51.74272132187784         61.70682346821662         
67973.90858859289         51.3629713548275          70.7936267835038          
68065.07904056925         50.23926125770579         79.57770594902273         
68156.25169310952         48.43267125673282         87.81958468914239         
68247.42113265675         46.02874732456983         95.3801414215567          
68338.58016250888         43.12151076697814         102.2169720593445         
68429.72436582204         39.80124103598277         108.358537136654          
68520.84953006124         36.14798885372054         113.8737784967801         
68611.95192266023         32.22947476721772         118.8486418909782         
68703.02824450191         28.10161649353534         123.3714868457825         
68794.07748441445         23.8101288023797          127.5257351752091         
68885.10003089905         19.39254266998462         131.3869714068562         
68976.09677945729         14.8801266673626          135.0226331089733         
69067.06969082588         10.29948618709807         138.4930314372297         
69158.0234688241          5.673838112216722         141.8529458167124         
69188.10488381423         4.137555125835599         142.9487654396749         
69220.43787863804         2.484130156673184         144.1214369605375         
69259.79768922552         0.4696433503462275        145.5448058924256         
69342.45141983265         -3.759982340109011        148.5355061619142         
69432.40065659629         -8.347223927430109        151.82794653974           
69523.23873792775         -12.94325684318919        155.2403912820012         
69614.15578621672         -17.48424406132496        158.7961727379505         
69705.09123016382         -21.94200514733852        162.5505269967893         
69796.0430351668          -26.28737187077776        166.5673318301822         
69887.01548416866         -30.4860049435346         170.9185198778626         
69978.01038105972         -34.49618370022176        175.6841277311633         
70069.03025109787         -38.26697855562154        -179.0490493636475        
70160.07620446617         -41.73624823419304        -173.1926631723478        
70251.14726519678         -44.82943564758607        -166.6679968698868        
70342.24370737793         -47.46040068400612        -159.4252478128368        
70433.36251572473         -49.53562477020098        -151.4717974274362        
70524.49964523548         -50.96393791214266        -142.9019722217622        
70615.65117380815         -51.67129974882601        -133.9129307815748        
70706.81273551891         -51.61689370075251        -124.787618354004         
70797.97810837626         -50.80365393290534        -115.8398909536756        
70889.14050743915         -49.2774949069433         -107.3437933327953        
70980.29474389041         -47.11561002460145        -99.48271503292146        
71071.43520143582         -44.41019782362871        -92.33777820734123        
71162.55629081279         -41.2542678507743         -85.90685375908053        
71253.65453436971         -37.73268881129455        -80.13478500681867        
71344.72533075605         -33.91853048584527        -74.94062045270479        
71435.76664819848         -29.87254028087458        -70.23568767209886        
71526.77747206762         -25.64452527227471        -65.93387573721591        
71617.7576628048          -21.27529186788399        -61.95613964586679        
71708.70846512262         -16.79857500680813        -58.23163926240597        
71799.63314859197         -12.24274249228888        -54.69714659560719        
71890.53588582901         -7.63231904226225         -51.29572661989946        
71981.42000235384         -2.989306291859021        -47.97512613529025        
72072.29099030374         1.665923078899594         -44.68591084579131        
72163.15410010284         6.313569705719836         -41.37980546777062        
72254.01580677135         10.93359264700934         -38.00789795313349        
72344.88135067513         15.50467013949527         -34.51898225123222        
72435.75671649305         20.00329357004269         -30.85773075125718        
72526.64682775503         24.40250800427644         -26.96305342929134        
72617.55703106755         28.67058998715002         -22.76653917058598        
72645.51300401799         29.95079405277919         -21.40399448166844        
72679.31924101431         31.47564888558186         -19.70536368041267        
72716.15832938114         33.10566988599318         -17.78605188899587        
72797.90994822979         36.58824488790089         -13.24392258474128        
72887.81086091185         40.16165786221372         -7.735715546405393        
72978.73073054943         43.43680748931492         -1.537778188160671        
73069.76819724077         46.29458976912652         5.365439353800825         
73160.84418558748         48.64105128827393         12.99223879077583         
73251.94764782209         50.38213775604422         21.29164720884834         
73343.07474733796         51.43378886499564         30.1148345962122          
73434.22020982252         51.73787925354961         39.21414748879435         
73525.38021564251         51.27627526905857         48.2817758071623          
73616.5492472006          50.07567339564071         57.01700722469253         
73707.72062139586         48.20054766551457         65.19016520132212         
73798.88823064975         45.73807753140962         72.673226645041           
73890.04618426552         42.78231729587562         79.43293779518234         
73981.18997047422         39.42264900176391         85.50345015808703         
74072.31469403487         35.73785395763858         90.95643060304478         
74163.41653468553         31.79433116316831         95.87862015484133         
74254.49326168746         27.64677134205193         100.3581376928775         
74345.54367370438         23.33992641210627         104.4776136234209         
74436.56685889            18.91063446151471         108.311681135693          
74527.56340219639         14.38961574727721         111.926942743675          
74618.53755576303         9.802953845878708         115.3831191101045         
74709.49112442322         5.173736616207333         118.7343785162891         
74740.33038709313         3.59801599988446          119.8560208838116         
74774.86925187986         1.831192440557689         121.1072394446682         
74815.45619918033         -0.2463826199359199       122.5742811424766         
74898.93755115336         -4.517023761522753        125.5980880190621         
74988.99104611482         -9.104973376010339        128.9053423843758         
75079.81368986657         -13.69205178635362        132.3366446770123         
75170.73028993327         -18.2209397212485         135.9208885568245         
75261.66870893212         -22.66230701659775        139.7138396100742         
75352.62430653675         -26.98606384631129        143.7804780655239         
75443.60090929549         -31.15678461278511        148.1940667167552         
75534.60034215823         -35.13137186451573        153.0359104805687         
75625.62423582422         -38.85715381988015        158.393483164802          
75716.67428731453         -42.27004459744484        164.3545475224711         
75807.75053969119         -45.29349518070786        170.994705007418          
75898.85045072297         -47.83966684835482        178.3562851012474         
75989.97215396957         -49.81467305873848        -173.5803545740917        
76081.11223495798         -51.12905969668547        -164.9259121060325        
76172.26525655715         -51.71318205590742        -155.8939762951563        
76263.42664884869         -51.53295982958402        -146.7770979327204        
76354.59138206206         -50.59876251149681        -137.8871311256593        
76445.75287650805         -48.96262848193641        -129.4857293652961        
76536.90677349223         -46.70529011335048        -121.7392065559168        
76628.04554030299         -43.91995398961483        -114.7133643649399        
76719.1650753608          -40.69870802129028        -108.3951888788582        
76810.26013735682         -37.12468127690251        -102.723779267647         
76901.32794234669         -33.2688302976231         -97.61582780381528        
76992.36660408787         -29.18998563083327        -92.98259009802628        
77083.37439475581         -24.93637794809355        -88.73897160510627        
77174.35238241451         -20.54747824376578        -84.80721465372604        
77265.30183283612         -16.05604349805359        -81.11781581911589        
77356.22402373701         -11.48982630147605        -77.60876829522164        
77447.12432812667         -6.872794869945102        -74.22396769290945        
77538.00720402505         -2.22657704929654         -70.91171622148234        
77628.87740742881         2.428574399508251         -67.62291695899673        
77719.74098650971         7.072911359470171         -64.30929017828656        
77810.60440717265         11.68625642399727         -60.921662448689          
77901.47322661942         16.24701069217106         -57.40826547333076        
77992.35333900433         20.73118830665783         -53.71293661813392        
78083.25031001586         25.1111796834534          -49.77344986157092        
78174.16837293422         29.35426656790452         -45.52012786623902        
78206.50889984099         30.82307405922224         -43.91729543750722        
78237.24439779762         32.19640575806076         -42.34489749395164        
78285.47582592582         34.30256706442474         -39.77290581157798        
78370.13400464784         37.8327723619288          -34.91381025273153        
78460.40776502341         41.31468212003377         -29.18004945627402        
78551.35668958537         44.45719829540872         -22.74944050643985        
78642.40900418954         47.15171617931826         -15.60015000434478        
78733.49568323465         49.30277364322333         -7.7349350358745          
78824.60739074741         50.81805809055395         0.7639014069478122        
78915.7401257311          51.6204926041245          9.712238508822766         
79006.88898854423         51.66432094393851         18.83577780945929         
79098.04886392085         50.94672452816076         27.82094310142384         
79189.21469757333         49.50856753241236         36.38541946808769         
79280.38063558051         47.42388287566612         44.33281361098901         
79371.54094220605         44.7837729141913          51.5695473551819          
79462.69215268549         41.68161302331567         58.08885976066789         
79553.82858094526         38.20360477065823         63.94057147271636         
79644.94500673609         34.42437507682238         69.20344668120151         
79736.03910030797         30.40614628284438         73.96585307127424         
79827.10783506045         26.20006176012409         78.31446197926866         
79918.15096016508         21.847926264252           82.32934210103259         
80009.16756691877         17.38432985178174         86.08230290159642         
80100.16059799818         12.83820020977894         89.63749745496561         
80191.13161023706         8.23456133026356          93.05249987941207         
80282.08471715916         3.595595027180503         96.38010997331622         
80326.05001442134         1.346391641005791         97.97229444266839         
80371.6883934103          -0.9897983180615563       99.62171742901052         
80456.15692759166         -5.308962278863165        102.6858280969012         
80546.32727906574         -9.89736465547867         106.0103192679219         
80637.16786050936         -14.4760463085608         109.4642026033589         
80728.09147622902         -18.99178850595753        113.0802762756775         
80819.03590410948         -23.41514357648855        116.9157114358009         
80909.99740624102         -27.71519437507163        121.0368154747633         
81000.97909974866         -31.8553165706303         125.5182325478132         
81091.98472065618         -35.79099756732059        130.4426343588776         
81183.01501862006         -39.4676812026554         135.8980520185153         
81274.07125218306         -42.81916537674157        141.9712224312971         
81365.15259342268         -45.76678559897237        148.733712711705          
81456.25759206014         -48.22120815772929        156.2194422336171         
81547.38347452367         -50.08840002473571        164.3948754607732         
81638.52624170249         -51.28115834074246        173.1316306120663         
81729.6817115508          -51.73496909054696        -177.8001533581061        
81820.84532735171         -51.42305515151284        -168.7012577587308        
81912.01097272569         -50.36349189392465        -159.8795647546042        
82003.17337901797         -48.6143413839668         -151.5823014989935        
82094.3258219515          -46.25964595613337        -143.9580145229815        
82185.46316457214         -43.39317679046945        -137.0567403419468        
82276.58126003807         -40.10586015992921        -130.8551037431069        
82367.67487364123         -36.47884001874763        -125.2868160947626        
82458.74105516123         -32.58093275286599        -120.2667240724702        
82549.77862683591         -28.46898101193122        -115.7062277726546        
82640.78531172127         -24.18960940734145        -111.5213934993522        
82731.76191950915         -19.78101654343372        -107.635898959733         
82822.71070325514         -15.27493737364526        -103.9815707257789        
82913.63308306318         -10.69840672320618        -100.4975541491983        
83004.53438605182         -6.074905565191207        -97.12862174627227        
83095.41747506009         -1.425841371552629        -93.82370591004089        
83186.28889205866         3.22876235718488          -90.53391564477181        
83277.1550928941          7.86916315903966          -87.21092887858268        
83368.02102592774         12.47493622722498         -83.80530079684031        
83458.89361408772         17.02421432076176         -80.26458384349112        
83549.7780270176          21.49244462471535         -76.53171624891682        
83640.67963961279         25.85124947763663         -72.54328253674214        
83731.6036620643          30.06692298575511         -68.22816915996414        
83756.81448576506         31.20498349878626         -66.96361656231466        
83782.26408557966         32.33844165328569         -65.65376772803626        
83861.08322781511         35.73893334293501         -61.36430661297734        
83950.61512406683         39.36328195759336         -56.00775566430696        
84041.49348442443         42.72073163430374         -49.96310301645799        
84132.52514339983         45.68175921217642         -43.22349765930455        
84223.5985599691          48.15288109006578         -35.76015501361736        
84314.69883027021         50.039663891896           -27.60495939061678        
84405.82151922863         51.25450185852109         -18.88316577792887        
84496.9608936226          51.73198602834817         -9.821881344697687        
84588.11424494488         51.4440873609541          -0.720275272100847        
84679.27515978226         50.40753856923344         8.11298281093395          
84770.43841442792         48.67935478260962         16.42812502651906         
84861.59843627829         46.34298028613998         24.07353285232034         
84952.74959112285         43.49207217713813         30.99638373523791         
85043.8887828961          40.21769636223329         37.21829172096766         
85135.01045785379         36.60131645503597         42.80454800682811         
85226.11314245733         32.71202092282109         47.84003413603958         
85317.19256727956         28.6070872414826          52.41319439171426         
85408.2473863964          24.33334796082836         56.60821176320863         
85499.27728800103         19.92923935019538         60.50161271112719         
85590.28353095055         15.4266745464927          64.16178435481915         
85681.26720216824         10.85278578695998         67.64978831340635         
85772.23156430991         6.231198326363876         71.02094612986241         
85830.80037853215         3.239868737802188         73.15399478531381         
85873.53346121963         1.053381861889196         74.70082325562097         
85913.34731688257         -0.9846765294105244       76.13972613574028         
85973.32636693027         -4.052923827662879        78.31236308125557         
86060.07781469962         -8.475737099049203        81.49074896884652         
86150.54399601649         -13.05146117753237        84.89248758581169         
86241.42465437762         -17.58865698552119        88.45115504041418         
86332.36213858472         -22.04390323268976        92.21126160543578         
86423.31959948642         -26.38615544204354        96.2355396686854          
86514.2958835233          -30.58065848815917        100.5958710026615         
86605.29514539521         -34.58560734209419        105.3725649690499         
86696.31832146551         -38.34976515049317        110.6524159183476         
86787.36663444433         -41.81073123844236        116.5236533653929         
86878.44004221261         -44.89371416187238        123.0645712130993         
86969.53779825708         -47.5123355028434         130.3238433987317         
87060.65720821498         -49.57306211654279        138.2923453523568         
87151.7955978401          -50.98501786130939        146.8735570524192         
87242.9478154052          -51.67478636996982        155.8679243967658         
87334.10975367296         -51.60253016752097        164.9911990932877         
87425.27559172595         -50.77224870219089        173.9298764584297         
87516.43927604891         -49.23071087866946        -177.5882114270553        
87607.59550404036         -47.05559530653777        -169.7440100721485        
87698.73870749725         -44.33920909360435        -162.6164171130848        
87789.86372746294         -41.17439299473692        -156.2017475573352        
87880.96645104233         -37.64575511209078        -150.4440781438469        
87972.04339178279         -33.82600837675092        -145.2621011021807        
88063.0916560418          -29.77564690131571        -140.5672148910054        
88154.1110489401          -25.54419993665822        -136.273429982956         
88245.1004716102          -21.17232796715654        -132.3019542796588        
88336.06133535504         -16.69361499294714        -128.582136547564         
88426.99578636093         -12.13638087365514        -125.0509576038           
88517.90675127413         -7.525143243726375        -121.6516497707161        
88608.79911370575         -2.881780288370319        -118.3319827091978        
88699.677080533           1.773292219299503         -115.0426121674056        
88790.54707019823         6.420336306061184         -111.7352245610178        
88881.4143717871          11.03923173074654         -108.3609169220183        
88972.2859657486          15.60870406815924         -104.868344529244         
89063.16758813336         20.10516447118666         -101.2020724343862        
89154.06436332269         24.50156947342257         -97.30084672043913        
89244.9815489701          28.76605602045234         -93.09607309891723        
89281.48677366553         30.43252952315118         -91.30567864741789        
89312.86125207553         31.84061826432703         -89.71413168281229        
89344.2320057773          33.22416301094731         -88.07032178553143        
89425.7924298523          36.69179448027179         -83.52545182199019        
89515.71462114807         40.25714687628445         -77.99940639395179        
89606.64347911952         43.52149004893576         -71.78192672264531        
89697.68717628904         46.3658780968942          -64.85796500183523        
89788.76887491206         48.6962476686034          -57.21076981311865        
89879.8761577229          50.41860560495903         -48.89398488938292        
89971.00348009262         51.44942436590085         -40.05960091318256        
90062.14743980672         51.73163350297074         -30.95750215454794        
90153.30335850595         51.24840538957078         -21.89629217764289        
90244.46555105969         50.0277021871011          -13.17532698570864        
90335.62740886118         48.13489226272465         -5.021495653880086        
90426.78386913612         45.65752935932033         2.440269943224866         
90517.92934230762         42.68963777154192         9.179079495838923         
90609.05995342182         39.32031092447578         15.23054656881522         
90700.17110364279         35.62795551475841         20.66699187625508         
90791.26086335164         31.67852453797786         25.57538424340842         
90882.32778729871         27.52634627231373         30.04372020047533         
90973.37041891878         23.21592021592592         34.15435271627403         
91064.38853912987         18.78384925118763         37.98167096459595         
91155.38412281312         14.26063413449335         41.59208746644515         
91246.3587491191          9.672386479356485         45.04502610278526         
91337.31538366992         5.042069273036876         48.39456969636274         
91376.38617513003         3.045203379281459         49.81443046683344         
91410.67440602928         1.290728750790919         51.05558104723264         
91441.81307929102         -0.3032959414087187       52.18101897172061         
91524.72416617675         -4.544700363915654        55.18463376450664         
91614.71179981017         -9.129135350579123        58.49013747393374         
91705.55709293112         -13.7170735901231         61.923203325901           
91796.48108489346         -18.24588898317949        65.50894608819736         
91887.42467070697         -22.68689112198951        69.30364697881599         
91978.38337474968         -27.00997184549399        73.37232421726613         
92069.36188135296         -31.17971250712726        77.78830955450687         
92160.36271546036         -35.15300306780676        82.63296864887377         
92251.38756780652         -38.87711992820353        87.99378282648            
92342.43778462987         -42.28790594223521        93.95843950231807         
92433.51331029553         -45.30876049240934        100.6023749462273         
92524.61154410848         -47.85182224711774        107.967609291039          
92615.73292989051         -49.82328007700532        116.0342465326486         
92706.87233760254         -51.13372390414634        124.6908957627408         
92798.02590989275         -51.71370011824694        133.7236226060352         
92889.18801412219         -51.52934860341946        142.8395414050648         
92980.35281585762         -50.59129682252523        151.7268785772324         
93071.5155427577          -48.95174980504562        160.1246367794023         
93162.66959847417         -46.6915755843003         167.8668900035178         
93253.80965620279         -43.9039356853569         174.8885279469952         
93344.93087665178         -40.68088113672638        -178.7971804192185        
93436.02897342062         -37.10542513071308        -173.1291207555088        
93527.10091959452         -33.24844742039336        -168.0239702910347        
93618.14443917247         -29.1687221734703         -163.3930293344391        
93709.15801021038         -24.91441153843373        -159.1512390416883        
93800.14279444003         -20.52493463979896        -155.2208902505026        
93891.10051717144         -16.03298909701131        -151.5325086831187        
93982.03150561312         -11.46634779459511        -148.0241626345361        
94072.94093538076         -6.848971194522215        -144.6397774317416        
94163.83241174044         -2.202519556819036        -141.3276977006245        
94254.71145763295         2.452799138490461         -138.0388000211934        
94345.58304750826         7.097182411677602         -134.7248362607934        
94436.4536699024          11.71044981387962         -131.3366168339357        
94527.32829926535         16.27096394144832         -127.822373243442         
94618.21363818599         20.7547645249616          -124.1258816394019        
94709.11356853321         25.13413894286033         -120.184951645992         
94800.03448171774         29.37644436562538         -115.9297735591213        
94835.0263188011          30.96421127502084         -114.19245661665          
94869.24362528371         32.48900327068158         -112.4331457826542        
94905.40033044526         34.06742028409263         -110.5040833236498        
94988.38127556955         37.54433640578454         -105.775145998762         
95078.449167707           41.04402478357892         -100.1030925170739        
95169.37389298109         44.21839334743643         -93.72978566797778        
95260.4220101377          46.9528109743586          -86.63934569679508        
95351.5080844285          49.15152378309748         -78.83003310172998        
95442.61965395417         50.72155351969696         -70.37662856082275        
95533.75194605906         51.58395726090062         -61.45498732531961        
95624.90005670115         51.68989312622329         -52.33357094211615        
95716.05891744839         51.0328726035563          -43.32539980371466        
95807.22205988131         49.65052512831405         -34.71794820039781        
95898.38374574902         47.61481261253359         -26.71571644424141        
95989.53857752495         45.01608054749194         -19.42027176725359        
96080.68121488905         41.94803587429336         -12.84443166100517        
96171.80803183001         38.49764176393887         -6.94165100435779         
96262.91445434326         34.74050028335216         -1.63461398798658         
96353.99778932333         30.73981427720581         3.16476643440351          
96445.05584657891         26.54752068972189         7.543577848086506         
96536.08952286886         22.20603636951887         11.58255552370783         
96627.0995876519          17.75037926650929         15.35421908789235         
96718.08589382563         13.21000868618487         18.92316751678958         
96809.05236789258         8.610101470435268         22.3475274801467          
96900.00131131383         3.973108353572635         25.68035363416879         
96934.73409666913         2.196650734175251         26.93963334095692         
96967.18954103999         0.5354091118255551        28.11330746321916         
97024.40737498691         -2.393450220117246        30.1820907007422          
97110.68888087757         -6.800716796955554        33.3240339272858          
97201.09371860744         -11.38963585175766        36.6855266872785          
97291.96290486725         -15.9510145276364         40.1860681597298          
97382.89255084237         -20.4401608377123         43.86660450008312         
97473.84063805221         -24.82737690772337        47.7871494893485          
97564.80671858881         -29.08013527532621        52.01668296788306         
97655.79321681289         -33.15942630983182        56.632508250213           
97746.80216072593         -37.01767017965484        61.71942585353095         
97837.83576032147         -40.59676045750617        67.36613500377436         
97928.89475488337         -43.82645668644461        73.65636961745614         
98019.97854594374         -46.62429433365546        80.65242581270688         
98111.08476980589         -48.89849336404737        88.36973717837209         
98202.21148679266         -50.55573535889129        96.74653601868363         
98293.35478768917         -51.51432575699139        105.6206924663483         
98384.51021856163         -51.72056512295624        114.7339795918982         
98475.6725821062          -51.1619894766101         123.775299977155          
98566.83369402308         -49.87077839141306        132.4496827369584         
98657.99033880467         -47.91519728412776        140.5399116504807         
98749.13721636403         -45.38409065194288        147.9311056690917         
98840.2671840624          -42.37147991957207        154.6001937819808         
98931.3760827994          -38.96562814323789        160.5876899542624         
99022.46065431973         -35.24372823157427        165.9683216114902         
99113.51733987685         -31.27063251857691        170.8295722591649         
99204.54446633812         -27.09966668849127        175.2591242011074         
99295.54171686759         -22.77445804918078        179.3386762709605         
99386.51028557215         -18.3309103958311         -176.858134617094         
99477.45207000989         -13.79906640006318        -173.2656520790498        
99568.37013387121         -9.204646157975208        -169.8250095712132        
99659.26923535299         -4.570323725065838        -166.4825111479595        
99750.1534207142          0.08304908465183881       -163.1879833968834        
99841.0270932829          4.735532330684489         -159.892981233775         
99931.89758397639         9.367333350187939         -156.5489532653104        
100022.7708743303         13.9576888554254          -153.1056501930735        
100113.6507251998         18.48385603823665         -149.5094098769225        
100204.543904867          22.9202692732183          -145.7012195084006        
100295.4551793868         27.23697537153069         -141.6153060018293        
100368.0042505846         30.57146542001016         -138.1071428847029        
100391.3090656511         31.61801665819043         -136.9262702546322        
100418.3743857429         32.81672926933505         -135.5188148843523        
100498.825165804          36.26091089399269         -131.084736219746         
100588.5681870044         39.85401322856289         -125.6371860234306        
100679.4727579923         43.16175337292422         -119.4994251163117        
100770.5087542883         46.06036041189615         -112.6600755322166        
100861.5848183865         48.45602796557657         -105.0965197695479        
100952.6873791474         50.25444065751943         -96.85219749887179        
101043.8119216589         51.37004777789134         -88.06677996989085        
101134.954639175          51.74180200002229         -78.97999560309555        
101226.1098163901         51.34766718225857         -69.89697849386654        
101317.2727365978         50.21051315278077         -61.12188026230719        
101408.4370426484         48.39201604877726         -52.892457590604          
101499.5972732082         45.9780030406996          -45.34585555376462        
101590.7471006736         43.06247207058276         -38.52281279623111        
101681.8821368041         39.73552785179422         -32.39387885420456        
101772.9985635378         36.07696524823665         -26.8896229132974         
101864.0929824323         32.15424641643537         -21.92396976368896        
101955.1628000219         28.02304202172312         -17.40860559262592        
102046.2064949912         23.72891533921594         -13.26029498118057        
102137.225742673          19.30920199799976         -9.403572078650404        
102228.2209850033         14.79509293192382         -5.771179886031177        
102319.1941475146         10.2131270628462          -2.302934477983911        
102410.1493669907         5.586507031234395         1.055834324245557         
102470.6517888349         2.494239904259412         3.254802807927637         
102495.6040813238         1.217218091593916         4.15757220608438          
102521.2283529807         -0.09459810006436152      5.083681482325225         
102602.1827877732         -4.236676865802976        8.01510557797352          
102691.9252906577         -8.810848890284575        11.30687632026113         
102782.7393144602         -13.40098158496532        14.73038412018108         
102873.6589977052         -17.93502305373941        18.30373577083152         
102964.6001789602         -22.38324631232431        22.08188885735693         
103055.5568062817         -26.71580033350377        26.12929939249818         
103146.5320810326         -30.89765117870691        30.51866713718421         
103237.5280287            -34.88626028441469        35.33079653338887         
103328.5466518253         -38.62965380519741        40.65288156034397         
103419.5897376398         -42.06453983448105        46.57292191149559         
103510.6571582146         -45.11517945391913        53.16775611380106         
103601.747532736          -47.69442221243912        60.48266356163096         
103692.8597189602         -49.70856813169592        68.50293435729407         
103783.990270982          -51.06748578922419        77.12432508000363         
103875.1350501319         -51.69979636524394        86.13970473113358         
103966.2901880569         -51.56875855435978        95.26021764556216         
104057.4500106275         -50.68182206489297        104.1730457442195         
104148.6082188436         -49.08863502248411        112.6116118390597         
104239.7594720707         -46.86857643222407        120.4028500806496         
104330.8982244227         -44.11443497902975        127.4751201342088         
104422.0184629317         -40.91869533116795        133.8371419755215         
104513.1167281768         -37.36511770385039        139.5476994090023         
104604.1890559369         -33.52548537698429        144.6891743298868         
104695.2331843553         -29.45937758365199        149.3502796342153         
104786.2473356305         -25.21564497269478        153.6164985631816         
104877.2314635571         -20.83430335599413        157.5660688835867         
104968.1869734661         -16.34847936915494        161.2690271730778         
105059.116877499          -11.78611258148981        164.7878942965914         
105150.0245828996         -7.171459302551927        168.1790405825927         
105240.9149339888         -2.526248248219479        171.4944124287061         
105331.7923633265         2.129192849246472         174.7832161865406         
105422.6627996424         6.775108474630573         178.0937370843299         
105513.5318991495         11.39133632985571         -178.5249835633999        
105604.4061173801         15.95644133414172         -175.0213590315571        
105695.2909294982         20.44660487881556         -171.3395680601223        
105786.1912813503         24.83445991476527         -167.4178410251236        
105877.1119226469         29.08768680185148         -163.1869866083233        
105921.6626554029         31.11071164124297         -160.9783443067574        
105948.5513105406         32.30927744061023         -159.5965384308356        
105974.4421317475         33.44598634117835         -158.2287992318512        
106047.0999707119         36.53436108001937         -154.1780562336627        
106135.8005450922         40.06624492701447         -148.7557142292771        
106226.5880656312         43.3472365985638          -142.585830448761         
106317.6119391806         46.21806573233822         -135.7046755505101        
106408.6867023027         48.58077396993696         -128.0988191649346        
106499.7895164066         50.34082050707414         -119.8174817942267        
106590.9131979919         51.41358986171542         -111.0067532849656        
106682.0547342882         51.74002653291274         -101.9115336279508        
106773.2088984456         51.30071453288001         -92.83886575167527        
106864.3703183974         50.12111260865816         -84.09063438088042        
106955.5333379307         48.26477545684401         -75.89909562666001        
107046.6931875329         45.8184057626258          -68.39518374520199        
107137.8441038076         42.87601306913587         -61.61461367071092        
107228.9805660141         39.52724211487049         -55.52486833201059        
107320.0983342715         35.85119489258543         -50.05499754444321        
107411.1944250413         31.91458690443325         -45.11844811949805        
107502.2669633967         27.77240418776382         -40.62702860060617        
107593.3135180618         23.46971527843241         -36.49797363886214        
107684.3345419737         19.04349943166771         -32.65635516394814        
107775.3317626426         14.52457371353674         -29.03531211783591        
107866.3069198374         9.939260175506799         -25.57504293288163        
107957.264259411          5.310603059234221         -22.22114924076785        
108017.7678250708         2.217676972110838         -20.02380768659788        
108091.1021452281         -1.536233895172003        -17.37271491037553        
108159.4500428997         -5.031245521146584        -14.89313111351765        
108247.5360743701         -9.516199830858566        -11.65099030563382        
108338.1614729762         -14.08890510285025        -8.216138129235373        
108429.0634064935         -18.61058602356384        -4.616750786011528        
108520.0067691389         -23.04330029556061        -0.8025251950427912       
108610.969113023          -27.35562280470004        3.29150303690204          
108701.9505403005         -31.5113667862766         7.739156988628077         
108792.9534033523         -35.46671538226577        12.6224097406745          
108883.9796836604         -39.16809666006826        18.02907089310095         
108975.0287767849         -42.55029744645674        24.04627798063728         
109066.1018397426         -45.53578799286544        30.74773456939505         
109157.1967012016         -48.03598664937853        38.17159004536584         
109248.3123980812         -49.95696460186003        46.29140313413391         
109339.4440121949         -51.21035679416915        54.98750120137954         
109430.5894881953         -51.72910121858161        64.0382966787981          
109521.7433015699         -51.48274738101722        73.14681338949529         
109612.8999356646         -50.48554789440837        82.00297296182968         
109704.0556689142         -48.79255810041009        90.35243427619679         
109795.2033501933         -46.48621971637153        98.03763258997446         
109886.3383332035         -43.65999246732039        105.0008804735833         
109977.4557110737         -40.40539680702427        111.2604014637042         
110068.5508566792         -36.80452880842827        116.8798990716411         
110159.6204045811         -32.92727169003712        121.9436092200783         
110250.6611373858         -28.83151996908464        126.5401418198348         
110341.6729079909         -24.56460414123486        130.7541184907221         
110432.6543151517         -20.16545760897677        134.6624769598509         
110523.6068720114         -15.66633397328265        138.3340571724959         
110614.5329494961         -11.09457135077254        141.8303343122438         
110705.4357662564         -6.473998029517207        145.2068944929205         
110796.3222753955         -1.825961022719283        148.5152414487072         
110887.195786403          2.82928485214184          151.8042812444955         
110978.0627764994         7.472007863997846         155.1223213516805         
111068.9289732487         12.0819101672168          158.5186692464126         
111159.8010085174         16.63728105440005         162.0454457614896         
111250.6840708083         21.11383691328678         165.7592493057037         
111341.5839656373         25.48360412898881         169.7229165524893         
111432.5044293422         29.7133290850856          174.0068031064627         
111470.6720610964         31.43751647023123         175.9188242044586         
111503.2373711583         32.88090294416072         177.6101544417596         
111534.8164501484         34.25392190289428         179.3069461296466         
111583.8006226346         36.32643144898461         -177.9419189611764        
111668.7553748838         39.73068178695821         -172.7900115706174        
111759.077009547          43.03146829166293         -166.7166447792701        
111850.0441128854         45.94705245044332         -159.9122311977523        
111941.1081714788         48.36569187726983         -152.3797290520034        
112032.2052765638         50.19119949777613         -144.1623908002358        
112123.3255135012         51.33719008138284         -135.3958893233111        
112214.462886611          51.74123669588666         -126.3163276851215        
112305.6131336954         51.37947804537227         -117.2271111338355        
112396.7712366139         50.27292850766888         -108.4338880287736        
112487.9320408101         48.48185400674889         -100.1780765093847        
112579.0895405458         46.0913875695413          -92.60128677451357        
112670.2388182632         43.1954030298803          -85.74780865535364        
112761.3758088439         39.88429612683804         -79.59055402220628        
112852.4956626236         36.23838479828135         -74.06135545179595        
112943.5950468527         32.32564578212967         -69.07450392888522        
113034.6713608364         28.20221433294283         -64.54160011461309        
113125.72341864           23.91402134177197         -60.37910092911804        
113216.7499918956         19.49884505111801         -56.51131099448332        
113307.7527710237         14.9880488259445          -52.87057459539785        
113398.7336532678         10.40833941995571         -49.39642838144965        
113489.6950919065         5.783118802383798         -46.03405470824929        
113562.4228016823         2.066003921902704         -43.39141360585121        
113590.3684105142         0.6356407144329357        -42.38094745518656        
113617.6490451442         -0.7609368044915973       -41.39513318058008        
113693.7852300704         -4.655315498395512        -38.63606157119104        
113782.9102608841         -9.195278903084416        -35.36122446636099        
113873.6569007859         -13.77754028924059        -31.93049903914291        
113964.5740386564         -18.30502716272075        -28.34297809397463        
114055.5218546069         -22.7448896038799         -24.54525273915768        
114146.486652398          -27.06648796012427        -20.47254005535317        
114237.4707316048         -31.23420117608937        -16.05148669953272        
114328.4768321668         -35.20481800390084        -11.20060355589342        
114419.5053199539         -38.92542326059183        -5.832421122230182        
114510.5577722308         -42.33172027992216        0.140694748230333         
114601.6338900779         -45.34695136674767        6.793876298387562         
114692.7314525004         -47.88315973594521        14.16854469696498         
114783.8476136327         -49.84646825081673        22.24346952885474         
114874.9802722363         -51.14774581293339        30.90616129789422         
114966.1252899561         -51.7179407941912         39.94140188518715         
115057.2786582517         -51.52376193906049        49.05581479472603         
115148.4343902441         -50.57640949505269        57.93788227193191         
115239.5889605046         -48.92851320913721        66.32776789539625         
115330.7357047917         -46.66116184873467        74.06085869430399         
115421.8687789282         -43.8675603862579         81.07315617549142         
115512.9847970442         -40.63960909273428        87.37880532053859         
115604.0800363175         -37.06012497505163        93.03933257381884         
115695.1506755431         -33.19983941874265        98.13812932921941         
115786.1943833996         -29.11737299780675        102.7638718832279         
115877.2090294166         -24.8607889908829         107.0015050487578         
115968.1946308818         -20.46946572891797        110.9285903413796         
116059.1508565005         -15.97613499002696        114.6144333807479         
116150.0819232082         -11.40832853879421        118.1210481599198         
116240.989141725          -6.790168212469288        121.5043013764768         
116331.8776380038         -2.143220415808997        124.8158705740041         
116422.7528438321         2.512307779965065         128.1048579589759         
116513.6193209561         7.156587050028865         131.4194985728574         
116604.4828349724         11.7693840326259          134.8089752670698         
116695.3513045795         16.32918221201935         138.325208699369          
116786.2297463464         20.81189358215986         142.0244232496389         
116877.1235383116         25.18981956794439         145.9689566529933         
116968.0384033243         29.43020422258859         150.2286947323125         
117022.7591633331         31.89938960137442         152.9762347963911         
117056.0400401358         33.36539619135442         154.7243691868181         
117089.645919262          34.81523768659672         156.5539855243154         
117171.5608334052         38.20334453101815         161.3124992171894         
117261.4947495167         41.63976121320635         167.086357129015          
117352.4286413449         44.74190136606415         173.5839499343178         
117443.4761257726         47.38760817889156         -179.1960166530054        
117534.5599360066         49.4807042851453          -171.2636793118405        
117625.6675947458         50.92955845213739         -162.7110899556552        
117716.7947891867         51.65945812957543         -153.7323772607357        
117807.9372741049         51.62848067743047         -144.6084135262169        
117899.0887184395         50.83825889170431         -135.652983487639         
117990.2449888643         49.33351632022453         -127.1418014345487        
118081.4003835898         47.19068903266589         -119.2613093335849        
118172.5504178787         44.50165291625916         -112.0954500693235        
118263.6898661382         41.35945721160255         -105.6442221709511        
118354.8139167367         37.8492696909667          -99.85380950365703        
118445.9206960048         34.04436457098765         -94.64364350557268        
118537.0064346003         30.005853821636           -89.92527235515804        
118628.0687593971         25.7838596174762          -85.61252008693496        
118719.107507891          21.41938691040735         -81.62610845791475        
118810.1226235041         16.94637428968744         -77.89500266250863        
118901.1148216319         12.39341049897098         -74.35584315677089        
118992.0873338124         7.785121492880422         -70.95153624561399        
119083.0430932925         3.143544897159036         -67.62970396351983        
119117.813329096          1.364517734192757         -66.37107188827893        
119145.1961276005         -0.03718272365974152      -65.38143556877088        
119174.6637468226         -1.545568795026283        -64.31637918438761        
119252.238582226          -5.511353940937947        -61.50033705124763        
119341.5787873906         -10.05624185127381        -58.20362157744359        
119432.3388525867         -14.62896780454483        -54.7485839869525         
119523.2607228798         -19.14191287020167        -51.12656502089132        
119614.2125696875         -23.56196345504485        -47.28273973100597        
119705.1818468724         -27.85758921114132        -43.15087452802766        
119796.1720952648         -31.99195322037571        -38.65600932964497        
119887.1844803682         -35.92013326824731        -33.71534710639179        
119978.2204923802         -39.58725399324251        -28.2407215806821         
120069.2808008054         -42.92669405886717        -22.14566849681029        
120160.3647298529         -45.8594133309026         -15.35945759214756        
120251.4705020352         -48.29581216037609        -7.849944851340887        
120342.5949672237         -50.14189424285659        0.3465170144646944        
120433.7339336285         -51.31098391824433        9.098077915608137         
120524.883542012          -51.73965249742484        18.1718446396031          
120616.0391907091         -51.40259417696235        27.26568963509228         
120707.195660728          -50.31936346761994        36.07288221839729         
120798.3485625708         -48.54910900439757        44.34918822232318         
120889.4911009236         -46.17641590537252        51.94950188272904         
120980.6203299668         -43.29502988032921        58.8268229459842          
121071.7306569801         -39.99563883832119        65.00624942927472         
121162.8187086666         -36.35890285575197        70.55509994947228         
121253.8816476474         -32.45319539566552        75.55878739018333         
121344.9174833251         -28.33500869095298        80.10577752843517         
121435.9259108081         -24.05055996706123        84.2798540516292          
121526.9060996594         -19.6378766390716         88.15697765201308         
121617.8593310528         -15.1285602081631         91.8050290330612          
121708.7875767262         -10.54948961224079        95.28468184380135         
121799.6939406032         -5.924173172226871        98.65093437751786         
121890.5824777437         -1.273909842070322        101.9548132076629         
121981.4583279309         3.381221603897266         105.2451291002814         
122072.3278193967         8.021458577635865         108.570226275507          
122163.1952922908         12.62630205487397         111.9796081500363         
122254.0659530321         17.17372441697043         115.5257882195797         
122344.946766668          21.63915342853525         119.2660794229901         
122435.8430295135         25.99405340456972         123.2641255948141         
122526.7594510457         30.20449020055021         127.5912756007944         
122565.2521932498         31.93358045910275         129.5412195443839         
122598.2165129157         33.38513398811025         131.2739249949267         
122632.5496562524         34.86556130094474         133.1449005781431         
122714.2176018097         38.24063228111425         137.8949975378269         
122804.1184591711         41.67240989575311         143.6732667100699         
122895.0471338932         44.7702005370434          150.1776443197479         
122986.0923555214         47.41074919404571         157.4048936029571         
123077.1732960013         49.49773398162912         165.3438815899337         
123168.2790436666         50.93965512570202         173.9017025001457         
123259.4052885426         51.66204162480764         -177.1167656435383        
123350.5469103344         51.62335931038554         -167.9931106973009        
123441.6969612823         50.82570888636416         -159.0411214884994        
123532.8519530478         49.31420445364497         -150.5357220878612        
123624.0069608437         47.16549451235621         -142.6622451103           
123715.156239504          44.47155237642237         -135.5037718634782        
123806.2944069039         41.32539282173806         -129.0596108892767        
123897.418260423          37.81201620006937         -123.2754551841275        
123988.523576525          34.00466124667704         -118.0707337508865        
124079.6081474167         29.96425954627553         -113.3568876187737        
124170.6698005088         25.74081959556825         -109.0477968041295        
124261.7076591589         21.37529706756596         -105.0643035672966        
124352.7238104609         16.90146191475307         -101.3353710031212        
124443.7192627578         12.34783644407096         -97.79771281904161        
124534.694749047          7.739137620946497         -94.39439009243877        
124625.6534354878         3.097370842246584         -91.07305012053624        
124663.9898232417         1.135858804935524         -89.68559926282261        
124696.7209107941         -0.5395896444982676       -88.50279897953314        
124728.9478001534         -2.188937385302614        -87.33753157282493        
124811.65709052           -6.41438875150213         -84.32883279973107        
124901.6264089616         -10.98396425079411        -80.9919337029835         
124992.4746180419         -15.54914885042875        -77.50559383875876        
125083.4108833107         -20.04574112330496        -73.84338827849278        
125174.3675166043         -24.44310975215714        -69.94684596820031        
125265.3417572379         -28.70911963476767        -65.74778138944481        
125356.3366302405         -32.80545678270268        -61.16959081981675        
125447.353952704          -36.6853752104799         -56.12805415975996        
125538.3954401943         -40.2917607912674         -50.53458128790224        
125629.4609682402         -43.55545692394794        -44.3045341116189         
125720.5500326701         -46.39504339603464        -37.37284002214471        
125811.6610521334         -48.71937551004718        -29.71865566841803        
125902.7897917782         -50.43479448819482        -21.39593804932456        
125993.933751178          -51.45799994291822        -12.55742603851787        
126085.0875082891         -51.7322081933667         -3.454035660520173        
126176.2452861993         -51.24103072173388        5.605237834941011         
126267.4025819404         -50.01284743681207        14.32159586355374         
126358.5538295098         -48.11328947896089        22.46916753532276         
126449.6945960331         -45.63000206390237        29.92406426733409         
126540.8190486487         -42.65699417042189        36.65614973094155         
126631.9228242617         -39.28329010899471        42.70148445927447         
126723.0030490318         -35.58711976668173        48.13271899699146         
126814.0569600742         -31.63436313945607        53.03681356024742         
126905.0835072412         -27.47925177595507        57.50174453586751         
126996.0821231827         -23.16618927906756        61.60982370825478         
127087.0534560294         -18.73170566805413        65.43538256073549         
127177.9982629814         -14.20635432976535        69.04470005143813         
127268.9199770568         -9.616167518186261        72.49720818148224         
127359.8226262839         -4.984081830470597        75.84697930220337         
127450.7098775357         -0.3311049613798843       79.14442487898869         
127541.5856249398         4.322740701737831         82.43806975378334         
127632.4558717199         8.957616241845122         85.77635981419598         
127723.3258893597         13.55282630502996         89.20930031671912         
127814.2015160643         18.08592707944145         92.79025625442695         
127905.0891998224         22.53163488811453         96.57770123518159         
127995.9921853733         26.86034947107989         100.6366764523611         
128086.9151696214         31.03684032906071         105.0401947683612         
128114.8027861607         32.28077482367438         106.4719330940762         
128140.2164628147         33.39717539450079         107.8134672513837         
128166.022924881          34.51287157535284         109.2136707811085         
128241.0266891238         37.64095184030385         113.5189441035767         
128330.1131153014         41.09616675183101         119.1424063323793         
128420.9431424621         44.2613440051999          125.5201329951751         
128511.9710094645         46.98809004255235         132.6201993232501         
128603.0446897494         49.17804495600025         140.4390705856858         
128694.1446218407         50.73811770763253         148.9000499149413         
128785.2660965757         51.58971728893446         157.825813140405          
128876.4041809947         51.68457125990794         166.9468893698931         
128967.5538931042         51.01685771942268         175.9502213643638         
129058.7089716224         49.62478523410769         -175.4506928636575        
129149.8652634211         47.58063658510123         -167.4587286479688        
129241.017014219          44.97486032359579         -160.1740670746364        
129332.15975028           41.90105498062638         -153.6084381713031        
129423.2891720021         38.44603015540969         -147.7147780344943        
129514.4005274749         34.68519803728738         -142.4155512832438        
129605.4918807931         30.68154242700883         -137.6226122004852        
129696.5607359307         26.48685262342584         -133.2489811858479        
129787.6053565764         22.14354498107012         -129.2141598251026        
129878.6278860876         17.68647987914866         -125.4456754453457        
129969.6283401805         13.1450363982027          -121.8790233773001        
130060.6097174808         8.544386271038896         -118.4561891957497        
130151.5750109567         3.906910681601487         -115.1241418892173        
130212.084545265          0.8115265402849907        -112.9331179146935        
130234.5355060184         -0.3376599237709764       -112.1218747457499        
130258.3646251587         -1.557284583145991        -111.2605873588867        
130336.3096509827         -5.541560593818589        -108.43106525756          
130425.684332801          -10.08755684834959        -105.1326657394194        
130516.4665158489         -14.66059008525542        -101.6759904541507        
130607.3969734018         -19.17298618277563        -98.05242060848643        
130698.3542928589         -23.59214076687662        -94.20670941181402        
130789.3280286924         -27.88659563845189        -90.07249398666103        
130880.3211242077         -32.01944303820376        -85.57479823619357        
130971.3357743109         -35.94575206907346        -80.63074341360564        
131062.3735355213         -39.61057995433132        -75.15215839220701        
131153.435504192          -42.94724243949855        -69.05262218490209        
131244.5206396049         -45.87661034709559        -62.26162628492177        
131335.6269653072         -48.30903489014252        -54.74743073937537        
131426.7527742195         -50.15056805373542        -46.54684592244191        
131517.8933524643         -51.31462062856377        -37.79245366801716        
131609.0440175962         -51.73797382243643        -28.71782264150521        
131700.2022720175         -51.39561076732373        -19.62509988060038        
131791.3604818052         -50.30737712106586        -10.82099747522202        
131882.5133320992         -48.53267598210915        -2.549193169365062        
131973.6555344425         -46.15618235515075        5.046087180190192         
132064.7823727573         -43.27170335018643        11.91830982321256         
132155.8885633014         -39.96987620073951        18.09300344077073         
132246.9720846741         -36.33122930856344        23.63776414628016         
132338.0287447711         -32.42410442091349        28.63797033643505         
132429.0579155786         -28.30486032605554        33.18213561507238         
132520.0588131789         -24.01967273988583        37.35395330595091         
132611.0310289543         -19.60650181138665        41.2293309881404          
132701.9771739724         -15.09684741837586        44.87613262016124         
132792.8997646901         -10.51753419687811        48.35498873390803         
132883.8019773248         -5.892049746963746        51.72085244935808         
132974.6879766346         -1.241679388704336        55.02472464014807         
133065.5627735308         3.413491755798149         58.31539921036509         
133156.4334176132         8.053730849767161         61.64125179211149         
133247.303417651          12.65848153859606         65.05177808174264         
133338.1785992766         17.20572406592537         68.59955553250629         
133429.0643993067         21.67077716125667         72.34189317300292         
133519.9659452657         26.02505510476545         76.3424928996061          
133610.88737268           30.23454322700972         80.67274845256551         
133658.5876677884         32.37114418550451         83.10237800063794         
133682.9484712682         33.4403265346203          84.39041057806971         
133709.201705642          34.57444218263534         85.81675110685758         
133779.8536191811         37.52284486644895         89.86865115370394         
133868.3368236758         40.96581219797308         95.43292184946155         
133959.0793921729         44.14355782017776         101.7777397431293         
134050.0968529377         46.88937249004125         108.8482814302512         
134141.1680491408         49.10242563912604         116.6392593552022         
134232.2669342277         50.68916025063433         125.0772857146439         
134323.3866383904         51.57008447060538         133.9889612266686         
134414.5241252845         51.69546251398451         143.1079910153914         
134505.6729670381         51.05766971760136         152.1216241424571         
134596.8281464535         49.6932787480653          160.7411542866708         
134687.9838960478         47.67352916553145         168.7596114104747         
134779.1371933068         45.08838542194468         176.0730652236668         
134870.2815924422         42.03158557310964         -177.3333778986272        
134961.4125203923         38.59033896127386         -171.4144257346105        
135052.5267361896         34.84048419920293         -166.0932240089493        
135143.6210368993         30.84552785371375         -161.2818564661074        
135234.693704755          26.65763432004326         -156.8931265763194        
135325.7435814827         22.31952016746212         -152.8462092210445        
135416.7703870218         17.86641726641452         -149.0684093782538        
135507.7754883561         13.32783002579243         -145.4948679677614        
135598.7617382663         8.729071256741257         -142.06734267431          
135689.7307479638         4.092680514900414         -138.7326862662004        
135758.1456793821         0.5930744372522527        -136.2554082309205        
135826.3381850556         -2.896580256349742        -133.7896587839296        
135895.1829691767         -6.412479924919068        -131.283215384765         
135983.350236062          -10.89058450439351        -128.0143756947919        
136073.9960221807         -15.44654374044076        -124.5391078235399        
136164.9156931671         -19.94393548718705        -120.8823579885376        
136255.8777632774         -24.34389435956525        -116.9918532484212        
136346.8587602489         -28.61337255960269        -112.8003787669658        
136437.8594409674         -32.71411285003412        -108.2316086822228        
136528.8808206911         -36.59954850237881        -103.201519079847         
136619.9242616887         -40.21281541542699        -97.62159035786098        
136710.9912472428         -43.4851096020404         -91.40687181740056        
136802.0808035857         -46.33526062284076        -84.49164630840434        
136893.1910067564         -48.6722846002521         -76.85378096816176        
136984.3190124608         -50.40249687730237        -68.54509783909921        
137075.4599905224         -51.44216041658193        -59.71617968627954        
137166.6111959727         -51.73375488042382        -50.61573595509536        
137257.7668550424         -51.25985764226755        -41.55211437513748        
137348.9214275032         -50.04786658414886        -32.82521766340498        
137440.0714797084         -48.1626679730951         -24.66285953223166        
137531.2096753973         -45.69163945878901        -17.19154443465004        
137622.3334732815         -42.72869503370088        -10.44302322228769        
137713.4366626851         -39.36310024362675        -4.38256442178619         
137804.5156037668         -35.67339426245918        1.061881473609434         
137895.5670803902         -31.72576515249203        5.977112523642607         
137986.5914675407         -27.57463443872965        10.45125663233023         
138077.5863153976         -23.26469882791842        14.5667027298             
138168.5526486486         -18.83263610922937        18.39799646322424         
138259.4925836194         -14.30905528315562        22.01164466100655         
138350.4090944189         -9.720098946208843        25.46719597167366         
138441.3048515213         -5.088833781277133        28.81877119038131         
138532.1860731463         -0.4361742224150865       32.11693303630756         
138623.0568376137         4.217852095226124         35.41022907905504         
138713.923585054          8.85343303066821          38.74710119558194         
138804.7903378378         13.4498344219635          42.17745175314776         
138895.6642040284         17.9847241138147          45.75460013703999         
138986.549430422          22.43278404243301         49.53680006134566         
139077.4519448052         26.76465158063788         53.5890423396235          
139168.3750554104         30.94517126755375         57.98410534958421         
139207.2971194284         32.67794703169204         59.98969928250921         
139241.1791697959         34.15436917419819         61.80377288252038         
139273.4554978204         35.53051403746532         63.59525793372651         
139354.4036719599         38.83428834826412         68.38683318942155         
139444.2188013112         42.20729076477486         74.26250016701646         
139535.1409186609         45.23566146590158         80.88084996087682         
139626.1889245478         47.79214851770978         88.22643891188861         
139717.2725911369         49.77970577932764         96.27522092673401         
139808.3801474073         51.10847959204707         104.9178982769366         
139899.507278041          51.70835758770927         113.9430642182485         
139990.6480093603         51.54447841811539         123.0593080887293         
140081.7985908827         50.62633283513149         131.9547786935129         
140172.9552538949         49.00514218637913         140.3666347601578         
140264.1113039805         46.76118695041895         148.126259343525          
140355.2604559693         43.98747498684708         155.1660256047636         
140446.3995415019         40.77610572052522         161.4976218155597         
140537.5244065071         37.21031684972368         167.1812060632867         
140628.6315830774         33.36127520982703         172.2996834440762         
140719.7182960692         29.28802768498953         176.9416895674844         
140810.7828066568         25.03895152082881         -178.8075869503674        
140901.8249080167         20.65368444354051         -174.8702888983259        
140992.8447277634         16.16510963975957         -171.1767860720456        
141083.8436423102         11.60101176862408         -167.6649085839959        
141174.8250790173         6.9854654982119           -164.2784949120291        
141265.7904831343         2.340237951630952         -160.9658556171466        
141307.2636947385         0.2178352024625781        -159.4664762365935        
141342.7070868434         -1.596213103876825        -158.1856400023555        
141386.1206435482         -3.81664936104014         -156.6130956657953        
141469.8720063781         -8.087695815399645        -153.5493913695418        
141559.9809205974         -12.64883904641409        -150.1714698033389        
141650.8364901412         -17.1904867626976         -146.6293057656976        
141741.7854477069         -21.65442207664248        -142.8896384553366        
141832.757006865          -26.00830094055356        -138.8916265315777        
141923.7460221746         -30.21773434747989        -134.5642556529902        
142014.7550990456         -34.24158165697251        -129.8279817898498        
142105.7854916202         -38.02953849448115        -124.5964392077519        
142196.8394218362         -41.52031154577388        -118.7811093264316        
142287.9156660405         -44.64017830361668        -112.3022323852771        
142379.0135959047         -47.30369762837922        -105.1074815850106        
142470.1302231755         -49.41767548026655        -97.19964658435897        
142561.2627337337         -50.89049653489465        -88.66655233755857        
142652.4076722446         -51.64656995391372        -79.69860745300301        
142743.5594189563         -51.64253964988625        -70.57445115610589        
142834.7138050245         -50.8783903325473         -61.60770684096918        
142925.8653131663         -49.39743023113682        -53.07667823559685        
143017.0088004554         -47.27521291116592        -45.17141865833668        
143108.1396460533         -44.60332989709831        -37.97936782814208        
143199.2520768195         -41.47500367416099        -31.50306545830509        
143290.3444180498         -37.97567228841863        -25.68990844490838        
143381.4116107416         -34.17919178106695        -20.4601285442783         
143472.4521606113         -30.1470323503578         -15.72521629527343        
143563.4648044012         -25.92965477880491        -11.39877611648745        
143654.4487207895         -21.56841998117381        -7.401298282559691        
143745.4053355381         -17.09746096153568        -3.661409934279669        
143836.33598577           -12.54554759486957        -0.1154913180921268       
143927.245151822          -7.937411584735125        3.293782339731835         
144018.135987909          -3.295212307723321        6.618923247613642         
144109.012621385          1.360521295482416         9.909469021799849         
144199.8798016459         6.009935859318749         13.21371568625677         
144290.7435322297         10.63299661781104         16.58047995578411         
144381.6087592975         15.2084601778912          20.06075958968432         
144472.4828901468         19.71305290219823         23.7096237080961          
144563.370200491          24.12003354990678         27.5877145902509          
144654.2763421428         28.39803991335607         31.76294496961383         
144745.2053987654         32.5092994889343          36.31132616636742         
144770.1378415455         33.60140402748358         37.63436005944514         
144793.2600981323         34.59896504755753         38.89348081313143         
144865.433738858          37.60801074652484         43.03890498694727         
144954.0700219455         41.04974595771662         48.62698869637089         
145044.8485286906         44.21915701682735         54.99128970338098         
145135.8697433956         46.95316076365653         62.08028018087832         
145226.9413988222         49.15192006368329         69.88886476447452         
145318.0414817878         50.72213507809734         78.34162670508955         
145409.1616351157         51.58481935046453         87.26243670085543         
145500.2990604029         51.69117534599464         96.38310493664197         
145591.4475862635         51.03471189807171         105.3905733089946         
145682.6016573817         49.65303961519387         113.9974990193586         
145773.7567123258         47.61806040139055         121.9994748047696         
145864.9077188107         45.02005954161315         129.2948948439915         
145956.0500167077         41.95267772783654         135.8709033758479         
146047.178831161          38.50288727002836         141.7738890495678         
146138.29048021           34.74623858514408         147.081176720476          
146229.3818621314         30.74593662983752         151.8807960341446         
146320.4525613924         26.5538254140335          156.2599017418432         
146411.501056992          22.21242263955486         160.2991037334408         
146502.5265379809         17.75682072787636         164.0708693105844         
146593.5317015508         13.21633485648947         167.6399283144756         
146684.517969063          8.616260515492268         171.0643207660304         
146775.4881870118         3.979016090824346         174.3971386888387         
146848.2232525363         0.2580064363985612        177.0298712778371         
146870.9721550578         -0.9064134923334771       177.8517906950267         
146901.0746688698         -2.446808197588482        178.9404154976816         
146982.4877280858         -6.605009804621655        -178.0965525109867        
147072.306128894          -11.16516557168426        -174.7620508094373        
147163.1416497636         -15.72713354168708        -171.2709707048703        
147254.0846587974         -20.22053680248686        -167.6009926028021        
147345.0503844651         -24.61371775658072        -163.6940041106401        
147436.0329052666         -28.87416461519268        -159.4816195904091        
147527.0347052836         -32.96324757803149        -154.8869224815833        
147618.0583097739         -36.83388077512561        -149.825379502176         
147709.1038727551         -40.4284384372945         -144.2084271860814        
147800.1722290646         -43.67731299194923        -137.9517710646889        
147891.2624762859         -46.49861130014652        -130.9915633475442        
147982.3724936927         -48.80090372492415        -123.3093472824514        
148073.4990934376         -50.49068444195739        -114.962527800095         
148164.6401742822         -51.48537227155322        -106.1079222254241        
148255.7894020225         -51.72953317802593        -96.9998748955198         
148346.941828297          -51.20853794212541        -87.94834316809344        
148438.0931440741         -49.95244139933768        -79.2503307341771         
148529.2374001932         -48.02806936375784        -71.12805867089145        
148620.3710404225         -45.52358548336407        -63.7013219250528         
148711.4879354951         -42.53299587530302        -56.99710557728432        
148802.5837669498         -39.14498796030262        -50.97737500914755        
148893.656082137          -35.4373074837977         -45.5685203053236         
148984.7031246289         -31.47531524473978        -40.68328513647715        
149075.7222883869         -27.31289308428011        -36.23390481378387        
149166.7137560318         -22.99407339241672        -32.13831126631144        
149257.6788939186         -18.55508803276122        -28.32246545008397        
149348.6181879882         -14.02630697736762        -24.72039776380271        
149439.5344394725         -9.433655684222074        -21.27293980850153        
149530.4311656277         -4.800006417735235        -17.92620929857352        
149621.3130297256         -0.1462653830588275       -14.62986226189752        
149712.1835722821         4.507542321609761         -11.33542363326951        
149803.0492390855         9.141581306694967         -7.99439994280714         
149893.9155452186         13.73511353912532         -4.556675298047058        
149984.7873491468         18.2655514385552          -0.9687512455598878       
150075.6701895269         22.70742830504228         2.828042151310319         
150166.5689694579         27.03103225635007         6.899106972617867         
150257.4882648303         31.20086582814546         11.31778264550444         
150301.7388835433         33.16173823069882         13.61780607622836         
150324.2468697368         34.1393769096241          14.82971691659068         
150349.354235502          35.2129109789547          16.21714783035865         
150421.308246057          38.17939341101678         20.41750585157995         
150509.9671046482         41.5720612939926          26.10125225181767         
150600.7293031435         44.67766913018595         32.57180283868951         
150691.7493303423         47.33435239163141         39.77348459715333         
150782.8223967575         49.44117544701903         47.68956342760048         
150873.9226268255         50.90585813629806         56.22930974226689         
150965.0449788314         51.65307230783254         65.20092581378748         
151056.1825056444         51.63995942156999         74.32481612593932         
151147.3322356702         50.86708770740956         83.28749422638931         
151238.4875329561         49.37827276227035         91.81140246134413         
151329.6441070153         47.24935907518476         99.7078475374627          
151420.7956871367         44.57207395033573         106.8904749182289         
151511.9368871092         41.4395728366477          113.3576753032227         
151603.064277058          37.9372117876465          119.1624554172326         
151694.1735473229         34.13864213573267         124.3848689764409         
151785.2619391051         30.105206541641           129.1134040701498         
151876.3278361643         25.88721709256954         133.4344007901257         
151967.3709380091         21.52586048870371         137.4273122768523         
152058.3918019314         17.05517773919544         141.163384550498          
152149.3920331704         12.50380716140292         144.7061712262461         
152240.3733419487         7.896515170629116         148.1128341297196         
152331.3395082951         3.255336466241664         151.4358752793245         
152422.2940240055         -1.399252552709411        154.724792463405          
152512.2754422482         -5.998195013988278        157.9925503616709         
152603.1195635791         -10.61527838817444        161.3538793592497         
152694.0544150304         -15.18953552221906        164.8317889631645         
152785.0065937615         -19.69363950557774        168.4784185040264         
152875.9708848665         -24.10044847674385        172.3540551117752         
152966.9500546879         -28.37854387774723        176.5264857180059         
153057.9474013997         -32.49020726260186        -178.9283229012839        
153148.9653380471         -36.3894577254966         -173.9266476298933        
153240.0051935809         -40.0200543760176         -168.3800398152647        
153331.0680492665         -43.3138691518119         -162.2030133031644        
153422.1534314216         -46.19039774845186        -155.3281464395365        
153513.2595408708         -48.55905303930637        -147.7300328092113        
153604.382707912          -50.32597715908346        -139.4556152121338        
153695.5197440693         -51.40646149814586        -130.649488735627         
153786.6657342995         -51.74105075219025        -121.5557728777893        
153877.8173936298         -51.30983598827029        -112.4809826910673        
153968.9684749232         -50.13777822267975        -103.727560228844         
154060.1135724806         -48.28807398243096        -95.52877851506804        
154151.2474346207         -45.84727543345098        -88.01677403424627        
154242.3651865334         -42.90937214357347        -81.22812524401169        
154333.4630079567         -39.56404745008674        -75.13080677570316        
154424.5373228565         -35.89051414271303        -69.65415718710413        
154515.5855390243         -31.9556219102434         -64.71172571539589        
154606.6054521245         -27.81451915029779        -60.21533928822727        
154697.5975040928         -23.51227377366124        -56.08204575302655        
154788.5633438593         -19.08591816613488        -52.23681245836118        
154879.5040184283         -14.56640303634051        -48.61274862547774        
154970.421466534          -9.980133929468495        -45.14998674102674        
155061.3198695937         -5.350243734445495        -41.79408295229081        
155152.2039188538         -0.6978087475795213       -38.49436267338238        
155243.0772692431         3.957089122211151         -35.20222114012215        
155333.9454072411         8.594606894296108         -31.86927721125596        
155424.8153186403         13.19423013573338         -28.44564176216662        
155515.6902035465         17.73355451403635         -24.87836434613862        
155606.5756971133         22.18752496906667         -21.10946021147517        
155697.4761388614         26.52697537409988         -17.07441722153779        
155788.396078907          30.71717979099302         -12.70087036150999        
155848.9309192286         33.40332114473241         -9.562540611832295        
155871.5415703249         34.38190136828552         -8.33775066518872         
155896.1663418333         35.43087029383479         -6.968887565677738        
155965.4091724777         38.27687236105801         -2.909424990262688        
156053.6180281662         41.64438051479452         2.760173027100252         
156144.3453109008         44.73979999498945         9.243169265123749         
156235.3604544885         47.38548630929651         16.45989109554723         
156326.4319662703         49.47943061122193         24.3903178604215          
156417.5303295837         50.92943213421334         32.94134702127987         
156508.6491907365         51.6606985597022          41.91889311593361         
156599.7849080013         51.63124297234631         51.04231160975655         
156690.9316519741         50.84259224078983         59.99790839640476         
156782.0859437459         49.3393477636099          68.50991588332383         
156873.2414648286         47.19786632534559         76.39162120093883         
156964.3930754391         44.50999731411933         83.55881825425757         
157055.5354773765         41.36878260538796         90.01135465787571         
157146.6644599917         37.85937108891226         95.80299621277693         
157237.7753332956         34.05516424278105         101.014109629387          
157328.8659668178         30.01722732830239         105.7332545932954         
157419.9344551424         25.79567071509428         110.0466398565765         
157510.9791946015         21.43157433184275         114.0334949843571         
157602.0002732053         16.95887693515581         117.764885956461          
157693.0000427063         12.40608744313106         121.3042538465463         
157783.9813543134         7.797848214593213         124.7086867216033         
157874.9468725291         3.156207612329414         128.0305627337396         
157947.6794036804         -0.5658005982125108       130.6607950188581         
157975.2322032116         -1.975929718698142        131.6568363118358         
158001.0357075138         -3.295837232392415        132.5913076098981         
158072.4596411688         -6.941969494823993        135.1956035703043         
158160.9619630035         -11.43290202396963        138.4874142995866         
158251.644174254          -15.98371564290346        141.9812390592526         
158342.5681995344         -20.47132432976745        145.6622847431625         
158433.531041618          -24.85783242706445        149.584648212561          
158524.5124836685         -29.1096867975361         153.8166102352915         
158615.5133429216         -33.18774875663299        158.4354794885814         
158706.5352683072         -37.04435588574792        163.5260959277788         
158797.579412756          -40.62128222439122        169.1771053837269         
158888.6452309205         -43.8481683737617         175.4720528763408         
158979.7330097761         -46.64252934006065        -177.5269751432116        
159070.8403931698         -48.9125712663806         -169.8050149471899        
159161.9646653649         -50.56503187290406        -161.4245779367625        
159253.1020598486         -51.51841718888014        -152.5485224931233        
159344.248902204          -51.71933471211133        -143.4355211330769        
159435.3988220799         -51.15567401597384        -134.3968407268275        
159526.5484747826         -49.85985887765827        -125.7265395826654        
159617.6924473839         -47.90032738678939        -117.6413555748054        
159708.8247985812         -45.36599733257233        -110.2555256375152        
159799.9402537476         -42.35079950225141        -103.5914664065909        
159891.035315115          -38.94287454597082        -97.60836169927582        
159982.1065509226         -35.21931291938743        -92.23141390937509        
160073.1514902902         -31.24482288147516        -87.37309888249143        
160164.1685590963         -27.07264276600399        -82.94580393404181        
160255.1573716686         -22.74634195967867        -78.86791593690231        
160346.1196511169         -18.30175642729077        -75.06584997705306        
160437.0563001721         -13.76895158920207        -71.47404943103095        
160527.9704805929         -9.173630647455472        -68.03368217097378        
160618.8656530576         -4.538532022175906        -64.6911221216167         
160709.7483761958         0.1156140912127006        -61.39611062992067        
160800.6211639498         4.768756875966693         -58.10026325283576        
160891.4914214169         9.401085496351264         -54.75500202430483        
160982.363708457          13.99173567004361         -51.31009365956508        
161073.2428404735         18.51798178414744         -47.71178695736241        
161164.1340996372         22.95413993849854         -43.90106855667361        
161255.0426898524         27.27022539699634         -39.81208292258432        
161345.9710920579         31.43025892834537         -35.37110485372601        
161400.6994655589         33.8405518423743          -32.49513901831008        
161433.656545775          35.25243757727114         -30.67983422416346        
161468.2700911188         36.69973483090772         -28.70016910590042        
161549.1377911298         39.92007137362737         -23.75593135897597        
161638.9484646614         43.18348374109976         -17.68280822058034        
161729.8737487989         46.07569180828089         -10.84642608894949        
161820.9234903683         48.46745297245418         -3.280304373529978        
161912.0081879315         50.26179846491894         4.966362231117565         
162003.1157058547         51.37310516150433         13.75273613965589         
162094.2408185452         51.74056149167613         22.83854672310267         
162185.3802507743         51.34242194203848         31.91887597176404         
162276.5285927569         50.20178480786001         40.68988601380487         
162367.6808612421         48.3804367174404          48.9145597031233          
162458.8322471129         45.96419738480468         56.45638570159802         
162549.9778909609         43.04694287461023         63.27512775654993         
162641.1120523349         39.71870744390047         69.40032356564878         
162732.2320683044         36.05913054769192         74.9015318604532          
162823.3340406558         32.13559032963475         79.86476245212123         
162914.4156908733         28.00365934600295         84.37828150482109         
163005.4751544027         23.70884976985733         88.52523853084988         
163096.5121760149         19.28854190672155         92.38096259229773         
163187.5271662138         14.77389629156641         96.01267866739393         
163278.5226185108         10.19139907886571         99.48057066743536         
163369.4996515755         5.564389477305603         102.8391866097063         
163460.4628538713         0.913953177896192         106.1393401802151         
163499.7253948823         -1.095693874621923        107.5580669106396         
163521.8098210869         -2.225799404238957        108.3567497358843         
163545.7604917581         -3.450759135512075        109.2244750336406         
163615.5414830195         -7.012505681371453        111.769929919987          
163703.8299176493         -11.49187870027862        115.0552434488611         
163794.4793854142         -16.04008363347267        118.5498417613271         
163885.4028225993         -20.52637552476029        122.2336012709843         
163976.3680896722         -24.91132693059754        126.1596126620434         
164067.3523860751         -29.16117994238034        130.3961543818349         
164158.3556332276         -33.23665720194408        135.0205895240278         
164249.3789359694         -37.08995608541717        140.1177873884558         
164340.4250559281         -40.66277860717248        145.7764687115783         
164431.4934971044         -43.88460882573004        152.0800219818695         
164522.5829047733         -46.6727717691078         159.0899759345757         
164613.6914483272         -48.93543635444119        166.820511533748          
164704.8166807741         -50.57942724386143        175.2079699353398         
164795.9549908759         -51.5235266962578         -175.9117825018146        
164887.1017433354         -51.71481193495804        -166.7984662743175        
164978.2533199992         -51.14173876128449        -157.7632331684567        
165069.4034052081         -49.83726222912141        -149.0997097843411        
165160.547520197          -47.87016803908456        -141.0232717071209        
165251.6802435508         -45.32949441533987        -133.6468212707683        
165342.7972759819         -42.30909723686446        -126.9917432961018        
165433.8945655734         -38.89699399329249        -121.0167130828579        
165524.9680550653         -35.17013463924863        -115.6467322696893        
165616.0156155587         -31.19305605895505        -110.7942146688168        
165707.0360340877         -27.01884264683112        -106.3715965881689        
165798.0287561892         -22.69096010198887        -102.2973817959349        
165888.9936322463         -18.2452519642323         -98.49817220101671        
165979.9327766988         -13.71166488923623        -94.9084503885701         
166070.849812415          -9.115834608885208        -91.46944366357751        
166161.7485429975         -4.480452541736192        -88.12756938978546        
166252.6328531443         0.1736300783512073        -84.83269835986556        
166343.5080294264         4.82650831057508          -81.53635577573756        
166434.380131017          9.458295698964506         -78.19000235295863        
166525.2540339832         14.04812597300022         -74.74336238617062        
166616.1358103855         18.57330482784444         -71.1425819021391         
166707.0303919259         23.0080819120407          -67.328581328559          
166797.9418559815         27.32235186114309         -63.23545850340658        
166888.8739973539         31.48010980837847         -58.78932452138982        
166940.2912162011         33.74519308441773         -56.088881964439          
166966.9269055012         34.89034229499658         -54.63035123347973        
166991.4753516088         35.92712919513897         -53.2475598395766         
167064.2472310807         38.88392000173068         -48.91378993110776        
167153.0312373536         42.21522630813919         -43.10050016312083        
167243.8170596142         45.23805323368842         -36.49084142846904        
167334.8470262834         47.79330441767219         -29.14610170384864        
167425.9257448255         49.78002762723322         -21.09735961318027        
167517.0282779261         51.10799728928813         -12.45499677607211        
167608.1478249282         51.70713834300884         -3.43069956960904         
167699.2812894518         51.54267763305285         5.684452127515979         
167790.423667815          50.62414133852034         14.57861182933302         
167881.5701568732         49.00279534752199         22.98900627997098         
167972.7171705337         46.75884996163841         30.74743069330536         
168063.8599059661         43.98520675946448         37.78639901122233         
168154.992661695          40.7739884680051          44.11738042437124         
168246.1131761782         37.20832873279345         49.80062658921391         
168337.2176609002         33.35937169806414         54.91896515001071         
168428.3029886778         29.28615810494497         59.56096937175459         
168519.3681634264         25.03701781234562         63.81183175298828         
168610.4112152942         20.65166499964679         67.74930893288997         
168701.4338369016         16.16290605025923         71.44308957224624         
168792.4361077719         11.59859020321156         74.95528581165334         
168883.4207731881         6.982831296874568         78.34203714510818         
168974.3898847257         2.337371668083191         81.65506148614475         
169065.3494896134         -2.317630971241173        84.94357511749246         
169149.2753664963         -6.604279562427339        87.99791485581081         
169239.4132089685         -11.18045505742684        91.34483461754202         
169330.2733339719         -15.74328941090997        94.83777956698486         
169421.2221918977         -20.23648041103969        98.50915513983196         
169512.1921979939         -24.62921746470944        102.417740620695          
169603.1780053396         -28.8889902533209         106.6319642692385         
169694.1816633102         -32.97711860369654        111.2287312113326         
169785.2060539182         -36.8464999490278         116.2925796486075         
169876.2521311291         -40.43950499197844        121.9120750532157         
169967.3209058004         -43.68649466264016        128.1714269440146         
170058.4105435526         -46.50552358591796        135.1342227683346         
170149.520842277          -48.80522660687033        142.8187688674804         
170240.6474511372         -50.49211876586099        151.1671824179905         
170331.7856587702         -51.48372791814432        160.0219965014508         
170422.9334994103         -51.724864396179          169.1290656909788         
170514.0845234971         -51.20107387260262        178.1783632894511         
170605.2351169637         -49.94255976674           -173.1266984817448        
170696.3807010907         -48.01618809198695        -165.0077576203674        
170787.5152695109         -45.51017506487792        -157.5844151329969        
170878.634490876          -42.51843637805547        -150.8832292598569        
170969.734255434          -39.12957406717439        -144.8660344805963        
171060.8123767655         -35.42124406624987        -139.4591906856395        
171151.8636031891         -31.45889385750657        -134.5756603280721        
171242.8879978834         -27.29624619285116        -130.1275660287803        
171333.884945407          -22.97732972202036        -126.0329310440537        
171424.8553277459         -18.53837171420108        -122.2177794203647        
171515.7997685135         -14.00971546232404        -118.6161694435709        
171606.7217221018         -9.417238718055122        -115.1689354770242        
171697.6253039204         -4.783772627739918        -111.8221947165502        
171788.5145583423         -0.1302490950252069       -108.5256382096159        
171879.3940892327         4.523362212793928         -105.2307547930748        
171970.2689656522         9.157152200962875         -101.8890940863585        
172061.1456003855         13.75042062430513         -98.45049125330043        
172152.0283320104         18.28054037058889         -94.86144186080344        
172242.9229012923         22.72203551590385         -91.06323328710117        
172333.8337338762         27.04514426905151         -86.99044120075433        
172424.7651821701         31.21432421731577         -82.56969180628357        
172485.5156306061         33.89234267576866         -79.38299023185384        
172513.9871933847         35.11284946469166         -77.81651170703826        
172541.6260896251         36.27433856445466         -76.24773976180798        
172586.9389966945         38.12437890699913         -73.56665146625191        
172671.1607518257         41.35903661323955         -68.19019124199889        
172761.3999271067         44.47325586360524         -61.80254991131039        
172852.3627182702         47.16250455496061         -54.65582288489068        
172943.4291848796         49.31021907858756         -46.78850779574413        
173034.5262714196         50.82202038648307         -38.287992671683          
173125.6428348832         51.6208285504609          -29.3394505223589         
173216.7735060328         51.66114189822581         -20.21744969974451        
173307.9142615548         50.94040143053991         -11.23530556229271        
173399.0601499449         49.49965733238469         -2.674857958387057        
173490.2053417987         47.41303436697266         5.268074409416619         
173581.3458477496         44.77158375638032         12.50052824879329         
173672.4777057767         41.66862160104925         19.01597291982906         
173763.5970418691         38.19018950478295         24.86445202027449         
173854.6999927028         34.4107545247664          30.12477627165893         
173945.7836237736         30.39247323288479         34.88518938064478         
174036.848525377          26.18625133565384         39.23243772541455         
174127.8924648883         21.83392371188464         43.24638910262331         
174218.915437907          17.36999657814494         46.99881891442478         
174309.9198967684         12.82339322369295         50.55380804879206         
174400.9067127714         8.219154850196903         53.96887723939312         
174491.8788713403         3.57951215636743          57.29677861066452         
174582.8406585613         -1.075011589429594        60.58719951706355         
174608.1457909313         -2.36990866229285         61.50249075335694         
174632.9898292548         -3.640447409438365        62.4029346662597          
174708.7650921545         -7.50667322935399         65.1708279346871          
174797.8656637366         -12.02267917103606        68.49752442521563         
174888.6200299719         -16.56866504085755        72.01411388961371         
174979.5598417288         -21.04520052425964        75.72345027311508         
175070.5312478123         -25.41633542043661        79.68231823331742         
175161.5200311528         -29.64805749724037        83.96026039542065         
175252.5273459381         -33.70024907643237        88.63563836510637         
175343.5555524076         -37.52402548897229        93.79409390998624         
175434.6055096015         -41.0596588931573         99.52421756273687         
175525.6777540664         -44.2352224450873         105.9079275198679         
175616.7703542975         -46.96672733741044        113.0026420093478         
175707.8819357674         -49.16169994773342        120.8150425895094         
175799.010687042          -50.72759882519231        129.2706108043214         
175890.1508925017         -51.5856465257234         138.1928762938428         
175981.3002117095         -51.68725647888933        147.3133275932539         
176072.4521665019         -51.02617326752767        156.3188813366155         
176163.6015416589         -49.64020794966321        164.9226110843073         
176254.744248488          -47.60137084109416        172.9207281596723         
176345.8761722082         -44.99994750678921        -179.7877612639479        
176436.991452612          -41.92958201997025        -173.2154304008314        
176528.0867157737         -38.47714587054525        -167.3155858055464        
176619.1579050617         -34.71814618883469        -162.0108641469482        
176710.2040187339         -30.71565407368603        -157.2131399910061        
176801.2234022026         -26.52154054644554        -152.8353881381791        
176892.2162585193         -22.17823874529442        -148.7969869780728        
176983.1824490684         -17.7208189920675         -145.0255143496615        
177074.1245374549         -13.17863026622118        -141.456307061803         
177165.0448210537         -8.576965587752122        -138.0313372395241        
177255.9478116338         -3.93821055766057         -134.6974851984816        
177346.8373850919         0.7169351001664739        -131.4049066412085        
177437.7179403557         5.368565311850666         -128.1052383042053        
177528.5942488234         9.996668808995882         -124.7498653955611        
177619.4730926072         14.580309334832           -121.2881164840437        
177710.3592443629         19.09643853624187         -117.6656572910765        
177801.2572432053         23.51885824509916         -113.8227029774454        
177892.1721977997         27.81691483568691         -109.6924212110148        
177983.1080695381         31.95380856289839         -105.1999433223604        
178034.7294108826         34.21335395814967         -102.4578719353913        
178061.8992409436         35.37271762888252         -100.9518768379375        
178087.2596178087         36.43453937678539         -99.50439520755096        
178166.04609231           39.59328469296859         -94.72903250309302        
178255.5816412903         42.88105225147192         -88.73609413277978        
178346.4789329097         45.81597242775423         -81.97055357768704        
178437.5276937964         48.26042836343301         -74.47349396805204        
178528.6139444215         50.11642164157035         -66.28755450237041        
178619.7222861811         51.29673998416936         -57.54384927167541        
178710.8463436947         51.73749600840232         -48.47403736801894        
178801.9829555182         51.41278559004432         -39.37936512242456        
178893.126415147          50.34151297923366         -30.56695687586808        
178984.272540221          48.5823147979288          -22.28226289265999        
179075.4145885468         46.21949341379547         -14.67193931594181        
179166.5493757348         43.34673797930576         -7.784353672885759        
179257.6726593892         40.05476582577007         -1.595228429419372        
179348.7811523373         36.42436392843349         3.962248726456854         
179439.8719351622         32.5240525467275          8.973282495348851         
179530.942834646          28.41045880730773         13.52631132604595         
179621.9922314049         24.12996001512748         17.70513546252087         
179713.0204045563         19.72059865543005         21.5858801639618          
179804.029068409          15.2139884594668          25.23655134759517         
179895.0197565369         10.63703774933847         28.71789948944452         
179985.9943158925         6.013305850885535         32.08495440133602         
180076.9575650222         1.364022665148255         35.38882969987058         
180137.987800024          -1.759831746683785        37.5946487452332          
180166.6519704508         -3.226210931779206        38.63258705022055         
180194.4171808194         -4.645294830008071        39.64110861399801         
180253.8505934877         -7.675922767743157        41.81676190649156         
180340.5800507055         -12.07103754442606        45.05717671022926         
180431.0547369299         -16.60265956294805        48.56433423108747         
180521.9616791583         -21.0771384602615         52.27392338106328         
180612.9273781087         -25.44736140549453        56.23457591734424         
180703.9137861226         -29.67808042556075        60.5149724153294          
180794.918699807          -33.72895988169721        65.19339461218377         
180885.9439786873         -37.55102560723419        70.35550168866696         
180976.9909677445         -41.08449032710497        76.08991026081829         
181068.0592759629         -44.25730868074446        82.47838106202687         
181159.1482941876         -46.98546396571638        89.57817499333011         
181250.2558300272         -49.17642065233738        97.3954554818294          
181341.3801786024         -50.73768748009126        105.855048509781          
181432.5173810357         -51.59065515622257        114.7799301130464         
181523.6630934058         -51.68696693430493        123.9008618936295         
181614.8129016976         -51.02067305143936        132.9048644833133         
181705.9611776727         -49.62984451772911        141.5053383640637         
181797.103214683          -47.58667962916265        149.4990904755932         
181888.2336089155         -44.98157990963014        156.7857064556165         
181979.3477473897         -41.90815039564585        163.3532462019406         
182070.4417001456         -38.4532191549368         169.2486802769762         
182161.5122991381         -34.69217699973208        174.5495731537796         
182252.5564511307         -30.68810431080654        179.34397199096           
182343.5742139583         -26.49273057086952        -176.2810219555302        
182434.5645632478         -22.14848901541843        -172.2448917561912        
182525.5291491863         -17.69031964304718        -168.4751899511974        
182616.4696379914         -13.1475800843149         -164.9073435071901        
182707.3889946565         -8.545505103711504        -161.4833394002898        
182798.2911667437         -3.906491762063434        -158.1501084945209        
182889.1798274126         0.7487596584724339        -154.8578301031094        
182980.0615252345         5.400457081183858         -151.5580670935723        
183070.9397234023         10.02851929306718         -148.2022412875129        
183161.8206313346         14.61197121583757         -144.7396782297919        
183252.7083194931         19.12771328882035         -141.1160355965895        
183343.608318991          23.54957211108267         -137.2714410872495        
183434.5255282125         27.84684743656889         -133.1390091723695        
183525.4623077111         31.98261910742197         -128.6438850004176        
183586.006240407          34.62433888377914         -125.4101449912588        
183607.3369906051         35.53037751964654         -124.2191590381064        
183628.8508606609         36.42997186520577         -122.9887990225534        
183697.7404041449         39.20491700104167         -118.8384404210195        
183785.9107476077         42.48397482573805         -113.0115789843258        
183876.6457877937         45.46962066863218         -106.3475080346123        
183967.671670171          47.98176513305666         -98.94365302416145        
184058.751808817          49.91784017226163         -90.84033207958488        
184149.856059684          51.18841112834539         -82.15666415586043        
184240.9790736507         51.72570404627568         -73.11218968000321        
184332.1146963048         51.49832573772699         -64.00267742407298        
184423.2588754152         50.51949624013108         -55.13846841253643        
184514.406055666          48.84346506423208         -46.77593610543774        
184605.5513132131         46.55216383143669         -39.07487837692926        
184696.6900133877         43.73891574278409         -32.09517143170837        
184787.8171251621         40.49535561134109         -25.8201080658586         
184878.9287685533         36.90377835842102         -20.18676081080075        
184970.0226332992         33.03426957017118         -15.1111700226218         
185061.0961205908         28.94491369149193         -10.50474146787104        
185152.148818667          24.68322721700255         -6.28276268077701         
185243.1800746825         20.28823550962068         -2.368097597166075        
185334.1905216803         15.79231907222423         1.308229672616097         
185425.1825126703         11.22286540541558         4.807853824904782         
185516.1584393238         6.603762135382277         8.186462159409484         
185607.1209872025         1.956566997359769         11.49550548584641         
185683.9379623532         -1.975278075722781        14.27226825431943         
185706.4102397533         -3.124904084133385        15.08604394416548         
185731.3753612689         -4.40108333932839         15.99242933783131         
185809.3457889743         -8.375678432203324        18.84993336365795         
185898.7321578898         -12.89805897220779        22.20749176840414         
185989.5177745842         -17.43289959088685        25.75624220465283         
186080.4609319777         -21.89180206928257        29.50818793688036         
186171.4324138127         -26.23921525971669        33.52235776255443         
186262.4214926152         -30.44012935465894        37.86999136408664         
186353.4292644239         -34.45289150854818        42.63098676078412         
186444.4569748943         -38.22665343261767        47.89196672375279         
186535.5058027315         -41.69945319669034        53.741225908796           
186626.5746827004         -44.79693514500118        60.25755642593924         
186717.664712097          -47.43319089841879        67.49116451163026         
186808.7732760818         -49.5148602329386         75.43542641040816         
186899.8971167137         -50.9508056046866         83.99719292523361         
186991.0333783831         -51.66681036272428        92.98067022026544         
187082.1783552412         -51.62165502482506        102.1039271537594         
187173.3257894637         -50.81775052281323        111.0532937175467         
187264.4712676643         -49.30047662216483        119.5543034447685         
187355.6096418877         -47.14664298562955        127.4223997236568         
187446.7357104295         -44.44824757498161        134.5752889520058         
187537.8437230946         -41.29827180773834        141.0141554121911         
187628.9326335071         -37.7815515964796         146.7937267606663         
187719.9970947462         -33.97127485310128        151.9945883062431         
187811.0351284733         -29.92829352374866        156.7053061986812         
187902.0461541368         -25.70249437294457        161.0120161118144         
187993.0305372924         -21.33474379391807        164.9938403551311         
188083.9887403068         -16.85888414462972        168.7216616238858         
188174.9229266541         -12.30339670835131        172.2587477519643         
188265.8373579034         -7.692849016459546        175.6621144484116         
188356.7353114835         -3.0492808898435          178.984074943372          
188447.6214368362         1.606865499950263         -177.7259207114916        
188538.5007005534         6.255758571372301         -174.4195773471328        
188629.3789502699         10.87731696227709         -171.0479929849508        
188720.2605531667         15.45017662739177         -167.5600004649333        
188811.1510761897         19.95082265162897         -163.9003150932362        
188902.05476142           24.35229616665264         -160.0079220390127        
188992.9760794505         28.62288104816178         -155.8145170058959        
189083.9177259011         32.72435222560453         -151.2437012605093        
189130.6209411356         34.74979682910183         -148.723021427252         
189155.5134575581         35.80358594172961         -147.3258643901133        
189181.7590790684         36.89358082713431         -145.8097694955914        
189262.0507653686         40.07802454949481         -140.8756906839782        
189351.7937501078         43.32249235861313         -134.7778697135088        
189442.7153566852         46.19428834632834         -127.9100415137633        
189533.7686730316         48.56171038290073         -120.311959183412         
189624.8557974701         50.32759538777379         -112.0372862585234        
189715.9649102599         51.40705578655719         -103.23146304617          
189807.090909651          51.74073571710354         -94.13870046711214        
189898.2287712162         51.30885059265207         -85.06561862302672        
189989.37420164           50.13645386509646         -76.31425866421841        
190080.5222997093         48.28676084973246         -68.11760280896812        
190171.6683440027         45.84628391075839         -60.60755577386256        
190262.8056281595         42.90901477464209         -53.82073105751655        
190353.931214218          39.56455199956785         -47.72498453110791        
190445.0415842934         35.89203587684853         -42.24965699336195        
190536.133215786          31.95828629283681         -37.30837488484985        
190627.2040954675         27.81837880365461         -32.81297800948517        
190718.2535337168         23.51737026546751         -28.68058843664321        
190809.2810081318         19.0923388954556          -24.8362724728767         
190900.2883738372         14.57413803661364         -21.21310155152269        
190991.2783163949         9.989072743553768         -17.75118051476743        
191082.251817116          5.360374431125864         -14.39618217239289        
191173.2141229673         0.7090282698799206        -11.09740143227274        
191233.8219333091         -2.393050879097528        -8.906469306988068        
191258.6060519214         -3.660592701523065        -8.008193872193393        
191286.7147011333         -5.096724407009343        -6.98597515791599         
191348.8684159471         -8.263952257692409        -4.705651611296465        
191436.0135638039         -12.67457681363297        -1.436402921184939        
191526.5404490638         -17.19995298086744        2.093815015172551         
191617.4562598695         -21.66247479304206        5.832816114962779         
191708.4280912299         -26.01650937478536        9.831646795583413         
191799.4201240246         -30.22611664971769        14.16014783570245         
191890.4293828877         -34.2498740614295         18.89762470683996         
191981.4589443966         -38.03754224482928        24.13053113072689         
192072.5085247192         -41.52771517815196        29.94719953514523         
192163.5780936806         -44.64672461719017        36.42736568444098         
192254.6672718949         -47.30915844196848        43.62322926635898         
192345.7725760527         -49.42186144184708        51.53175604534548         
192436.89475141           -50.89336135733002        60.0652312592148          
192528.0279773637         -51.64811063719506        69.03287119563016         
192619.1692420864         -51.64287087768435        78.15623714685167         
192710.3141680243         -50.87768863388816        87.12176395551185         
192801.4585347846         -49.39588562812754        95.65143174340498         
192892.5955794286         -47.27303928812336        103.5552098260361         
192983.7202897877         -44.60074187953465        110.7457815170289         
193074.828762305          -41.47212330869539        117.2208359516766         
193165.9181712312         -37.97261423966804        123.0329158606048         
193256.9842826575         -34.1759990787381         128.2618363861841         
193348.0250157765         -30.14373783618111        132.9960508146839         
193439.0384576283         -25.92629684727874        137.3219037223144         
193530.0240810961         -21.56500624309062        141.3189034295216         
193620.9837356466         -17.09396438409651        145.0584245947072         
193711.9178792462         -12.54197464837702        148.6040396152879         
193802.8318201541         -7.933720792113007        152.0130986842826         
193893.7279808451         -3.291394844729089        155.3380832657635         
193984.6119688125         1.364552318396405         158.6285860040561         
194075.4882983398         6.014255541121108         161.9329009419706         
194166.3632445387         10.63769110886964         165.2998695986423         
194257.2414731956         15.2135949101642          168.7805035421349         
194348.1284981361         19.71858963621649         172.4298283541422         
194439.0293881064         24.12596212403562         176.308552400169          
194529.9483314389         28.40426463085871         -179.5154355822913        
194620.8883418469         32.51566045844237         -174.9661439651216        
194683.5970400716         35.22924225544828         -171.5689627787433        
194716.0482304171         36.58785864885449         -169.7164426712622        
194755.7350175804         38.20200658688563         -167.3556461424651        
194810.9408857883         40.35090842035635         -163.8845373105113        
194891.1109510926         43.2410998791788          -158.4219624737899        
194980.85975172           46.09077171811123         -151.6656350685017        
195071.8008056749         48.47720311758029         -144.1049655284049        
195162.8729068092         50.26878891536813         -135.8565801732715        
195253.9773223805         51.37725996366374         -127.0683575114573        
195345.0998818385         51.74170255671919         -117.9817004432484        
195436.2343364744         51.34054584655996         -108.9019830367523        
195527.3771121399         50.19708198158817         -100.1327232836185        
195618.5225761961         48.37324599158294         -91.91063926005008        
195709.6650303109         45.95496239945911         -84.37188365152733        
195800.8019740577         43.03605533675021         -77.55614821138586        
195891.928177129          39.70649463163682         -71.43366626748606        
195983.0396121251         36.04591593419534         -65.93487917894112        
196074.1339150351         32.12158328928577         -60.97366566465516        
196165.2089057257         27.9890141047311          -56.46178634310463        
196256.2620193348         23.69371450258917         -52.31616687680712        
196347.2945511807         19.27296190023598         -48.46145265253011        
196438.3059430285         14.7579416685147          -44.83050097642411        
196529.2988468078         10.17511838856036         -41.36315068249178        
196620.2766518458         5.547706715804471         -38.00479160262187        
196711.2415147014         0.8969113181475739        -34.70471236410251        
196783.9748190832         -2.825457077623218        -32.07503091698945        
196856.2494399492         -6.516663225933865        -29.44351654344068        
196926.5949791064         -10.09222610142194        -26.84122706664557        
197014.9741822039         -14.54506869262234        -23.47793399112017        
197105.6517899036         -19.04722412596942        -19.86971224794093        
197196.5921278344         -23.46878988872958        -16.03204924766797        
197287.574743561          -27.76786755590162        -11.90676472165647        
197378.5781208426         -31.90652871774014        -7.420072043219545        
197469.6007795399         -35.83991832971758        -2.489445384864143        
197560.6430751504         -39.51335604124174        2.973136234242081         
197651.7058758298         -42.860514549783          9.054251517119452         
197742.7875351626         -45.80261737322085        15.82502566635307         
197833.8878620416         -48.2503528267356         23.31875151716906         
197925.0033976743         -50.10977561884536        31.50076527373768         
198016.1317695631         -51.29399925075967        40.24157745964956         
198107.2692137095         -51.73897248115833        49.31033681969647         
198198.4117970103         -51.41848784355464        58.40596515609157         
198289.5548998844         -50.35113555413204        67.22122953330997         
198380.6944990181         -48.59529868044753        75.51011550736419         
198471.825591044          -46.23509181828828        83.12541794059884         
198562.9439184791         -43.36418545299976        90.0180779453631          
198654.044739157          -40.07335861842344        96.21195901183764         
198745.1241476345         -36.44351311243837        101.7736570363819         
198836.1804487766         -32.54322294583549        106.7883999016826         
198927.2108039469         -28.42924429209453        111.3446047741748         
199018.2144210557         -24.14801360300639        115.5261608720898         
199109.1911181109         -19.73768543709271        119.4092269595949         
199200.1416890882         -15.23000646674133        123.0618265850789         
199291.0683314083         -10.65193605688633        126.5447828625988         
199381.9749329123         -6.027008155224228        129.9132298558066         
199472.8657039348         -1.376557311210692        133.2182707982024         
199563.7448538677         3.27926486534979          136.5087212179436         
199654.617749434          7.920639422186714         139.8328950343118         
199745.4904604936         12.52716700239999         143.2403296553827         
199836.3688290236         17.07688153982594         146.7835051135746         
199927.2578558768         21.54516456737921         150.5195687971002         
200018.1605817983         25.90345465548297         154.5119414132237         
200109.0830200701         30.11800116148204         158.8318740407588         
200200.0289837248         34.14785448473017         163.5587567890364         
200228.7777933525         35.37532820670421         165.1510468180987         
200254.9126995611         36.46931546912404         166.6435371500741         
200280.573320284          37.52174755711553         168.1527280395005         
200352.7142891893         40.35267134626459         172.644998955715          
200441.4319595089         43.532815525662           178.7219003748139         
200532.2357449215         46.36947584064102         -174.3701279979994        
200623.2733433135         48.69900057196757         -166.7252870955688        
200714.3571862369         50.42121391698741         -158.4093874383471        
200805.4627305362         51.45205789030611         -149.575892764076         
200896.5841772966         51.73446581850541         -140.4748608206075        
200987.7163131838         51.25166109105432         -131.4148685383368        
201078.854506358          50.03162566805107         -122.695072420704         
201169.9952185038         48.13964525319089         -114.5420327190313        
201261.1353673856         45.66313787438957         -107.080578429807         
201352.2681611474         42.69607817179553         -100.3418166260306        
201443.3902186342         39.32749017375262         -94.29020287690159        
201534.4980593654         35.63569503939407         -88.85344004292295        
201625.589167513          31.68663833272153         -83.94466603463867        
201716.6612793342         27.53466860167649         -79.47596190701054        
201807.7138142777         23.22423547244156         -75.36494738887789        
201898.7452478847         18.79199756438129         -71.5372942748281         
201989.7570279194         14.26848009171406         -67.92659977905228        
202080.7510324521         9.679778888682362         -64.4734125499823         
202171.7297153897         5.048882075935447         -61.1236515523476         
202262.6967539778         0.3967546847472628        -57.82685618397555        
202328.5800678539         -2.974752452451765        -55.44447045037696        
202354.3311241781         -4.291128917168755        -54.50993318686935        
202377.9087280738         -5.495110342168569        -53.65118318075136        
202452.0729798591         -9.270171410082044        -50.92095438005467        
202540.9653342795         -13.75791901178074        -47.56019633203636        
202631.6995760892         -18.27608231457202        -43.98139322929759        
202722.645945847          -22.71593413707678        -40.185859335981          
202813.6290170252         -27.03870155408062        -36.11495479367955        
202904.6321673668         -31.20786727519784        -31.69611513784751        
202995.6548392656         -35.18012482857692        -26.84804474601641        
203086.6975001176         -38.90264272137053        -21.48330350387722        
203177.7602536487         -42.31116485660505        -15.51434528376582        
203268.8435534248         -45.32907648507356        -8.865902491844414        
203359.9451954244         -47.86852502577061        -1.496299481285863        
203451.061889017          -49.83569069079719        6.573655925153979         
203542.1921656933         -51.14144689375848        15.23217809548085         
203633.3314523916         -51.71661731059988        24.26468970370347         
203724.4749063626         -51.52770221953823        33.37818356406045         
203815.6190496404         -50.58562665819419        42.26141332813614         
203906.7588329664         -48.94278540471994        50.65398349346177         
203997.8905159165         -46.68003843068643        58.39089876420435         
204089.0085205436         -43.89048162046448        65.40751489812388         
204180.1106569706         -40.66595346138259        71.71754845649212         
204271.1923288764         -37.08932991583004        77.38213961530779         
204362.2502751765         -33.23137628515236        82.48455384345232         
204453.2837424427         -29.15070030970731        87.11348415605977         
204544.2915984895         -24.89536593423453        91.35390226093261         
204635.2733510896         -20.50481693420862        95.28335765498284         
204726.2302135234         -16.01174624861154        98.97124978620126         
204817.1636316692         -11.44385557668572        102.4795191419477         
204908.0760691781         -6.82523919646671         105.8641202909981         
204998.9714830415         -2.17754848080427         109.1767253501938         
205089.8544378346         2.478942882602482         112.4664386577586         
205180.7304939022         7.124438188966739         115.7815576358891         
205271.6041765292         11.73862569413886         119.1712390793282         
205362.4812431401         16.29987016381763         122.6873295772659         
205453.366039542          20.78404996790655         126.386016153375          
205544.2642100039         25.16348903669362         130.3296205984708         
205635.1809194544         29.40542558986199         134.5879629146721         
205726.1193368817         33.47023416121363         139.239000642199          
205771.4709966327         35.41615677450068         141.731093710525          
205796.6451362008         36.46955497461311         143.169582614286          
205822.6604736177         37.53638112459502         144.7000482758283         
205909.6316260519         40.92243258838719         150.1667528405664         
206000.1902882592         44.09964766103386         156.4896771691957         
206091.179359518          46.85225682785138         163.5477144074085         
206182.2387595545         49.07412864665802         171.3277723319835         
206273.3254650026         50.67108052781674         179.7566447861166         
206364.4325906527         51.56331315370176         -171.3374757119366        
206455.5554037681         51.70054664846573         -162.2198652977854        
206546.687483706          51.07451890883875         -153.2030314027646        
206637.8257818636         49.72117675604434         -144.5763032425291        
206728.9650563034         47.71131161192064         -136.5480934817555        
206820.1013578917         45.13472259015758         -129.2239587323797        
206911.2308962271         42.0850755719719          -122.6197866251584        
207002.3482014891         38.64972244425749         -116.6911066375844        
207093.4517680784         34.90459764631393         -111.3613213687005        
207184.5378379687         30.91339264176465         -106.5426661703191        
207275.6055294885         26.72838082900146         -102.1478739935121        
207366.6533766431         22.3924125197646          -98.09604450224427        
207457.6818078524         17.94077983440626         -94.31434141163054        
207548.6918188864         13.40307650163401         -90.73781582671515        
207639.6845199284         8.804756630907773         -87.30819807384941        
207730.6630664505         4.168319461408558         -83.97220871771071        
207821.631059947          -0.4855263280441194       -80.67988608039303        
207882.1458695107         -3.581466524259765        -78.48994820075168        
207904.6190955327         -4.729773917665167        -77.67327104965466        
207929.1687080869         -5.982741598888843        -76.77769800027771        
208005.1659513381         -9.847696698345406        -73.97226157558555        
208094.3041223567         -14.3410489929097         -70.58651420016271        
208185.0700122421         -18.85072124039457        -66.98323917663164        
208276.0231593973         -23.27724218810717        -63.15618991953012        
208367.010131618          -27.58231747554691        -59.0449634320763         
208458.0165744759         -31.72868291032736        -54.57585875684158        
208549.0433064639         -35.67198258748586        -49.66656323821893        
208640.0905325194         -39.35800335352672        -44.22918888019489        
208731.1583755421         -42.72092617592663        -38.1769025874428         
208822.2469543456         -45.68255983217714        -31.43736283223988        
208913.3532385575         -48.15387135974692        -23.97522027279982        
209004.4753793394         -50.04095901028585        -15.82139335150809        
209095.6092641107         -51.25628352814346        -7.101002220854572        
209186.7516519036         -51.73446922509729        1.959243591672328         
209277.8984383098         -51.44743282336987        11.06016831540922         
209369.044084358          -50.41184144673978        19.89322711948465         
209460.1838277653         -48.68462556274633        28.20862617269668         
209551.3131545624         -46.34913487521441        35.85469059165608         
209642.4277962651         -43.49892930233822        42.77852050793393         
209733.5246282048         -40.22504133567285        49.00155363235671         
209824.5996267535         -36.60886973417723        54.58904832557223         
209915.6510005938         -32.71952527973441        59.6257696835401          
210006.677611568          -28.61417109855594        64.20025939364947         
210097.6782693411         -24.33965871992657        68.39664583696543         
210188.6545540066         -19.93437226895137        72.29150070223733         
210279.6067651128         -15.43031849078004        75.95314754580635         
210370.5374898389         -10.85461180310589        79.44270232951854         
210461.4484091755         -6.231020744684842        82.81543216725053         
210552.3437485448         -1.580958551149988        86.12259036681048         
210643.2280935813         3.075403730173101         89.41308055681813         
210734.1057602316         7.718192385446978         92.73517882351312         
210824.9818807351         12.32699834471853         96.1383114668607          
210915.8618086134         16.8799125605659          99.67478233927004         
211006.7506578751         21.35245431398116         103.4015046986754         
211097.6530157262         25.71632683975942         107.3816572377538         
211188.5731959133         29.93795777507169         111.6860586646118         
211279.5141593437         33.97670822344912         116.3936828882652         
211320.4654371715         35.72249746980096         118.6675610715549         
211342.6746599609         36.64773309529322         119.9449841831117         
211366.6070635314         37.62649205203793         121.3582314924328         
211436.9309079135         40.38164040936891         125.7462720006284         
211525.3787924303         43.54943397314429         131.8097288756413         
211616.1289275857         46.3818119581985          138.7178366226223         
211707.1569693508         48.70810301959637         146.3657399526114         
211798.2358095353         50.42677138596726         154.6843870295831         
211889.3371944199         51.45375780780941         163.5194951214883         
211980.4558339762         51.7321791269011          172.6206645398745         
212071.5866877465         51.24547249648397         -178.320745167038         
212162.7242136165         50.02183077947907         -169.6037019387463        
212253.8653016905         48.12667702837165         -161.4542135602308        
212345.0032091467         45.64759164469525         -153.9968640694162        
212436.1348135164         42.67845819754962         -147.2620133158775        
212527.2557017277         39.30827488550289         -141.2139499457807        
212618.36299774           35.61526971818468         -135.7802307489536        
212709.4546732376         31.66529429199257         -130.873958672835         
212800.5272823153         27.51268702661046         -126.40731164981          
212891.5803129436         23.2018475621965          -122.2979494284942        
212982.613852818          18.76931742989779         -118.4715258098192        
213073.6292271176         14.2455941468422          -114.8616959681044        
213164.627996448          9.656765270343943         -111.4090594041921        
213255.6120341644         5.025831974682554         -108.0595809624894        
213346.5857822564         0.3737097204527351        -104.7627843763605        
213421.950839425          -3.482272681450255        -102.0366626889877        
213444.8678400717         -4.653282273268055        -101.2040760565826        
213468.9067332074         -5.880241815377118        -100.3274331759963        
213536.5128167323         -9.320104400174671        -97.83615356897711        
213624.4983178563         -13.76139320002575        -94.50913519344971        
213715.1287107146         -18.27396315044523        -90.9345133541497         
213806.0681418283         -22.71312148826118        -87.13950308754481        
213897.0545149525         -27.03572676751627        -83.06874949076609        
213988.061378058          -31.20478064390629        -78.65009088270531        
214079.0869844612         -35.17693010104234        -73.80230243067255        
214170.1324896072         -38.89938514977485        -68.43792535831506        
214261.1988040851         -42.30792969550445        -62.46936848040532        
214352.2844534134         -45.32589138189143        -55.82149573673428        
214443.3887853753         -47.86548628736536        -48.45250992291549        
214534.509357065          -49.83291161622535        -40.38308662933021        
214625.6431830581         -51.1389955661498         -31.72506245224875        
214716.7855353327         -51.71455101226999        -22.69294817153521        
214807.9325376777         -51.5260527981853         -13.57958285114644        
214899.0787865943         -50.58440218721213        -4.696371988953912        
214990.2198639815         -48.94197474411047        3.696345152255058         
215081.3510374166         -46.67964238701764        11.43345530977303         
215172.467299446          -43.89048976890886        18.45033070578891         
215263.5652686004         -40.66640193320342        24.76057356209658         
215354.6413647593         -37.09023125883956        30.42537912245635         
215445.6928951317         -33.23272488636227        35.52802256802534         
215536.7197346175         -29.15246556613737        40.15720432523339         
215627.7203769889         -24.89753736530898        44.39785562706709         
215718.6950504431         -20.50735462784388        48.32754309628925         
215809.6457260894         -16.01457623813985        52.01568138627577         
215900.5737545667         -11.44691144863291        55.52419322996435         
215991.482789861          -6.828397603251672        58.90906841251682         
216082.377184066          -2.180669082203297        62.22198639190062         
216173.261664575          2.476004037425034         65.51205662589572         
216264.1396339168         7.121708379307319         68.82750345921636         
216355.0164041226         11.73616586331837         72.21752004647541         
216445.898045681          16.2977493367392          75.73397640048326         
216536.7877021199         20.78226853838454         79.4330260671298          
216627.6907106163         25.16202477506507         83.37698873036908         
216718.6105192755         29.40417000225312         87.63560970500731         
216809.552021767          33.46915669770165         92.28692277097643         
216863.8198267668         35.79046917177681         95.28389837783237         
216908.6655696156         37.63955107474818         97.90190375338504         
216960.3289288119         39.68166920449744         101.0912049342629         
217045.8107109298         42.82006258399552         106.8150367428469         
217136.2055048347         45.74875774126212         113.5282616353531         
217227.1871986566         48.20503428998749         121.0024680170162         
217318.2570225326         50.07680049229819         129.1711893354224         
217409.3542948365         51.27507254593318         137.9024981041942         
217500.468655536          51.73509831479207         146.9667913467268         
217591.5971893002         51.42988647344497         156.0639904944079         
217682.7336760238         50.37721533789549         164.8862387537034         
217773.8745277282         48.63484149986503         173.1859992379626         
217865.0148721179         46.28654222695408         -179.185870769343         
217956.1491931672         43.42596740080748         -172.2802021919937        
218047.2745192819         40.14395868627241         -166.0741154748379        
218138.387732394          36.52156897962691         -160.5015754562041        
218229.4843578245         32.62768296929472         -155.4777385956134        
218320.5633737147         28.51915489330941         -150.914073689023         
218411.6234419984         24.2425735295386          -146.7266110770993        
218502.6643470512         19.836180896137           -142.8390465259986        
218593.6863095267         15.33179858200399         -139.1832338185393        
218684.691733669          10.75638942347232         -135.6982135374047        
218775.6829479709         6.133552379274209         -132.3288082595109        
218866.6615246679         1.484720593963516         -129.0239348388592        
218957.6325161615         -3.170054265132574        -125.734702872584         
218984.7564590746         -4.556188749224199        -124.7498375058665        
219017.2319574631         -6.213461218043654        -123.5650340573844        
219052.6827386348         -8.018608037914071        -122.2621980354562        
219135.7428581687         -12.22486966074591        -119.1543537904983        
219225.7877803291         -16.73207476405516        -115.6596082508581        
219316.6610238492         -21.20142515890338        -111.9458589270926        
219407.639094803          -25.56796014464769        -107.9773443326823        
219498.642936023          -29.7942138698622         -103.6867372546724        
219589.6652244497         -33.83938058112719        -98.99572862034645        
219680.7068379829         -37.65416516841661        -93.81853716422637        
219771.76809503           -41.17841596831015        -88.06663722491194        
219862.8489666735         -44.3397625945202         -81.65867025741892        
219953.9478652761         -47.05386850649174        -74.5385151132503         
220045.0633018976         -49.22810569828669        -66.70187450937539        
220136.1923800665         -50.77017533495692        -58.22673501883652        
220227.3319509113         -51.6021614096314         -49.29294992895306        
220318.4767853818         -51.67681168232834        -40.1718511965232         
220409.6236154786         -50.98948349998268        -31.17644294898652        
220500.766201294          -49.57939910487962        -22.59156943907196        
220591.9002300245         -47.51948322916159        -14.61749590929015        
220683.0216972157         -44.90035056459809        -7.351701941995711        
220774.1258346126         -41.81549136324285        -0.8040977602004394       
220865.2093949611         -38.35140060576531        5.073491733256621         
220956.2694588443         -34.58308871373318        10.35910795949463         
221047.3031973699         -30.5732738988781         15.1408502317779          
221138.3098137332         -26.37342858455269        19.50560652085863         
221229.2906852905         -22.02563874254569        23.53375616460535         
221320.2463671332         -17.56471602508937        27.29743839589069         
221411.1794181517         -13.01984569157167        30.86104193527529         
221502.0912707085         -8.41625348692715         34.28234977325434         
221592.986788298          -3.776240144782174        37.61434991473104         
221683.8701444794         0.8795403074984691        40.90681680964435         
221774.7461411403         5.531199436769302         44.20811257417871         
221865.6198728015         10.15870615983703         47.56691433271696         
221956.4970465959         14.74099850764086         51.03397047797656         
222047.3817373859         19.25488482852207         54.6637677374982          
222138.2787263137         23.67402684093531         58.51633997205725         
222229.1920150048         27.96751362351986         62.658758099834           
222320.1263493975         32.09831737057819         67.1662305779751          
222411.0836273641         36.02125679505525         72.12173508445051         
222486.1148953554         39.06136916981178         76.60810976124881         
222555.5729217245         41.6838134240954          81.12791570109907         
222643.9183478476         44.69834828859488         87.44075907400264         
222734.6837414196         47.34425512064613         94.62733341869263         
222825.7221174426         49.44717856247897         102.5439810440383         
222916.810603207          50.9082738596116          111.085219250774          
223007.9193840735         51.65176987030677         120.0567254174985         
223099.0428101155         51.6350763773649          129.1788410652693         
223190.1755523286         50.85903633862481         138.138045799117          
223281.314240559          49.36763698024017         146.6576152638421         
223372.4541741307         47.23679828070813         154.549400472184          
223463.5909358854         44.55817665957985         161.7276582262848         
223554.7210267978         41.42476889244514         168.1911476381839         
223645.8390345681         37.92188911611613         173.9927985750419         
223736.9436076144         34.12297241386812         179.2128149083989         
223828.0304306187         30.0893364183524          -176.0604943708955        
223919.0999294864         25.87113322457745         -171.7407782732724        
224010.1501337369         21.50957398229358         -167.7487474695297        
224101.1815076228         17.03866948344602         -164.0132170116418        
224192.1959487023         12.48701867500186         -160.4706622820894        
224283.1943817087         7.879410812218392         -157.0639758017635        
224374.1797486902         3.237914122071331         -153.7406937310355        
224465.1556489407         -1.417004048899463        -150.4513087984175        
224525.6768496009         -4.511512575669799        -148.257959837425         
224547.8855745052         -5.645220991128838        -147.4486685825693        
224571.0556560312         -6.82644730912869         -146.6006113620529        
224636.8434454431         -10.16868276751884        -144.1647383840103        
224724.5699108695         -14.58717101205365        -140.825147362755         
224815.1771800476         -19.08435208528592        -137.2185956648893        
224906.1217830051         -23.50447871197584        -133.3792088732167        
224997.1169498982         -27.80227557446742        -129.2512610474715        
225088.1327394163         -31.93934553375376        -124.7612339823254        
225179.1670578648         -35.87073447664118        -119.8265666568957        
225270.2216094942         -39.54172733066165        -114.3591265970338        
225361.2950581242         -42.88580437984876        -108.2725170885588        
225452.3866713862         -45.82412592370247        -101.4957634715204        
225543.4948779875         -48.26727286099702        -93.99611810019982        
225634.6178306616         -50.12135055124532        -85.8088067137453         
225725.752218347          -51.29957189246379        -77.06425220074168        
225816.8936609756         -51.73814974434735        -67.99412821630708        
225908.037481131          -51.41126096234078        -58.89991212016372        
225999.1799195297         -50.33788332766228        -50.08845678315906        
226090.3167692944         -48.57668955750881        -41.80503082159511        
226181.443063519          -46.21194150095717        -34.19593999716048        
226272.5537724327         -43.33735651360664        -27.30955695339264        
226363.6453137151         -40.04361888343414        -21.12145185670025        
226454.7152501182         -36.41146854003586        -15.56472142055557        
226545.7608423312         -32.50941064581172        -10.55415889317295        
226636.7804964306         -28.39405319538349        -6.001322466662214        
226727.774122206          -24.11172039826775        -1.822378911122766        
226818.7417404028         -19.70049596459332        2.058742383553648         
226909.6844215994         -15.19206978794844        5.709990832107014         
227000.6057723192         -10.61330150544787        9.192174825142891         
227091.5078230784         -5.987802533772675        12.56030900499674         
227182.3948370176         -1.336900676355334        15.86547382310859         
227273.2717631268         3.319285640839508         19.15650433346424         
227364.1426363494         7.960856045085897         22.48167661377806         
227455.0144889974         12.56743841760188         25.89059123317707         
227545.8910706104         17.11693042209846         29.43569193725635         
227636.7773594102         21.58467465122765         33.17417636951426         
227727.6790490141         25.94218688748345         37.16964645838861         
227818.5988699319         30.15549305495149         41.49328587032834         
227909.5415366697         34.18360963123418         46.22458575621907         
227965.4520508368         36.54635037326046         49.37212919952473         
227998.7713757437         37.90648481048578         51.34485082047894         
228049.0207181429         39.88170813481997         54.46832178121341         
228120.6555105164         42.51807441043            59.25447688381399         
228209.2742780456         45.43484560460293         65.76323951385987         
228300.076158985          47.94816160259241         73.13981580782557         
228391.1236308399         49.89290509439429         81.23105054734359         
228482.2172378423         51.17395281552865         89.90677297890456         
228573.3306904673         51.72260671356505         98.94713942797006         
228664.4574442296         51.50686501387715         108.0571664996068         
228755.592281709          50.53930926626462         116.9261744718042         
228846.7321065255         48.87362829769317         125.2968841080111         
228937.8713423037         46.59144025606324         133.007897109459          
229029.0057177306         43.78596777627801         139.9979863389711         
229120.131341822          40.54886890940512         146.2829728406533         
229211.2448909436         36.96255050984086         151.9252667472213         
229302.3429861409         33.09730072368433         157.0085364022576         
229393.4237650596         29.01132557565452         161.6213921119751         
229484.4863617443         24.75228936509639         165.8485944597277         
229575.5305665429         20.35929668863308         169.7674095364321         
229666.5562395821         15.86484008933569         173.446894636206          
229757.5648110243         11.29640724981391         176.9487538877389         
229848.559543211          6.677877333657973         -179.6712075618558        
229939.5430148346         2.030832112662645         -176.3614840650997        
230030.5175122689         -2.624445446804321        -173.0731020002474        
230074.7098158812         -4.882983925577307        -171.4689331532557        
230102.0689393859         -6.278882713081049        -170.4701783230392        
230128.7121991161         -7.63589273595287         -169.4918872732502        
230210.6902868254         -11.79095611669558        -166.4332447416499        
230300.6042608176         -16.29790710274339        -162.9586116183063        
230391.4685417782         -20.77573930199297        -159.2661670508716        
230482.4471055879         -25.15417980317375        -155.3249357747447        
230573.4519928694         -29.3958833152819         -151.0686866169347        
230664.4750193227         -33.46074962763471        -146.4199078609418        
230755.5157430121         -37.30036925293432        -141.2934387107595        
230846.5762233711         -40.85578008749984        -135.6005816595057        
230937.6563708181         -44.05579630075133        -129.2586189093885        
231028.7544220104         -46.817114559134          -122.2079522052183        
231119.8682317045         -49.04758448695823        -114.4379940962693        
231210.9948053607         -50.65432729506858        -106.0176762253298        
231302.1322894259         -51.55733614170812        -97.11681806035735        
231393.2745065424         -51.70574128450139        -87.9997053552504         
231484.4181792811         -51.09056426459025        -78.97837795532048        
231575.5578909419         -49.74710563077103        -70.34332060571137        
231666.6894220747         -47.74571951079773        -62.30439307673799        
231757.8074964811         -45.17607840371251        -54.96881243052738        
231848.9089505165         -42.13188960743694        -48.35355838905129        
231939.9896939169         -38.70062433337561        -42.41474549667664        
232031.0477426858         -34.95844628317432        -37.07611601105192        
232122.0813869149         -30.96917500615142        -32.24986064964493        
232213.0896493793         -26.78528097208835        -27.84867514732548        
232304.0718797478         -22.44974982408441        -23.79152256356034        
232395.029134769          -17.99799475556384        -20.00543351444238        
232485.9634858207         -13.45968891456084        -16.42532177113164        
232576.877118065          -8.860349436287581        -12.99280422943325        
232667.7742742118         -4.222525089985782        -9.654511175867622        
232758.6581197917         0.4329578366794869        -6.360467356289246        
232849.5329330326         5.086151111231591         -3.062261020343878        
232940.4040586553         9.717089767852505         0.2886921731891552        
233031.2765597482         14.30482324095819         3.74284259941892          
233122.1556505887         18.82646272344871         7.354275314515695         
233213.0455257953         23.25600479433768         11.18239214351403         
233303.951092239          27.5630887562714          15.29355814458942         
233394.8770763702         31.71135959539605         19.7621775430607          
233485.82671287           35.6565567924424          24.67060132354256         
233516.5458595147         36.93376660231671         26.44291003712986         
233561.8629288278         38.75926811305192         29.17424801891963         
233607.6605430222         40.52556079996801         32.0857800076711          
233672.8747377405         42.88598805876605         36.51426209411255         
233760.5455311947         45.7247151497746          43.02885544460121         
233851.2371230521         48.17958530213866         50.47142267749058         
233942.2723190859         50.05919617029695         58.62905101801141         
234033.3645939943         51.26708658100456         67.35426118613894         
234124.4790326455         51.73738749794475         76.41664856531111         
234215.6075440929         51.44244462250387         85.51615834869337         
234306.7439057166         50.39945287034286         94.34447527276129         
234397.8847338469         48.6657264130773          102.6528815122486         
234489.0247073374         46.32483346594757         110.2907825571113         
234580.1590522751         43.47038338739659         117.206235068193          
234671.2831519078         40.19338092097701         123.4212495557102         
234762.394349277          36.5750342115908          129.0015423773827         
234853.4893396078         32.68434841928548         134.0319202844577         
234944.5664485102         28.57835202740315         138.6009109286078         
235035.6250275392         24.30372302464831         142.7926164603271         
235126.6648642137         19.89879515559683         146.6834530649408         
235217.6856740727         15.39548389499496         150.3416530637879         
235308.6896422785         10.82081312979769         153.8282584971269         
235399.6802895446         6.198354147959981         157.198558239507          
235490.6596765621         1.549532745507021         160.5036941700559         
235581.6310336115         -3.10549999816664         163.7925107594688         
235621.6292151832         -5.149175434766937        165.2458269398044         
235644.5370684494         -6.317808089380201        166.0825547177382         
235665.6230399385         -7.391969164735324        166.8564040354226         
235726.4601835515         -10.48048851800037        169.1146031335482         
235813.4018724435         -14.85628977419327        172.4323619747506         
235903.9170089993         -19.34446817517117        176.0462559780328         
235994.8505270993         -23.75801302875502        179.8997994059564         
236085.844251886          -28.04775669912461        -175.9535747088038        
236176.8592244829         -32.17445039261735        -171.4402280017084        
236267.8926534019         -36.09258389285939        -166.477205052034         
236358.945408056          -39.74677186434           -160.9762557046877        
236450.0184012344         -43.06986275754906        -154.8512564723389        
236541.1096404539         -45.98225770415075        -148.0327781249317        
236632.2176050278         -48.39404435403935        -140.4911266195642        
236723.3403112739         -50.21134267603038        -132.2664018431248        
236814.4739621901         -51.3482129879101         -123.4951005274119        
236905.6140771252         -51.74269548840561        -114.4142703630822        
236996.7552880989         -51.37149651029168        -105.3278223045787        
237087.8961740644         -50.25614394812267        -96.540554546118          
237179.0292739752         -48.4572975361545         -88.29298292666223        
237270.1514034416         -46.06019779506572        -80.72520522551314        
237361.2570263213         -43.15871171540513        -73.88057690202798        
237452.3427919485         -39.84309745580684        -67.73135313387168        
237543.4064365807         -36.19341764894578        -62.20895265294027        
237634.445901413          -32.27743685904976        -57.22759403547088        
237725.4593420075         -28.15112984184764        -52.69895465369567        
237816.4469686453         -23.8602743320343         -48.53958037885768        
237907.4088853667         -19.44253102104973        -44.67387515637328        
237998.3485641656         -14.92915281982998        -41.0342481774892         
238089.2672635848         -10.34688374742598        -37.56036615278455        
238180.1690226537         -5.719076402809717        -34.19741724320007        
238271.0577773047         -1.066978922297869        -30.89451091165314        
238361.9366600644         3.589237283452602         -27.60294893243143        
238452.810781484          8.229714935064742         -24.27438404492215        
238543.685874471          12.83395098579498         -20.85912906703785        
238634.5652340562         17.37969911732815         -17.30452355099333        
238725.4537608242         21.84211169759689         -13.55304126208449        
238816.3572486606         26.19244409405247         -9.540655805328754        
238907.2786933626         30.39637449619969         -5.195691987133403        
238998.2213670155         34.41238601566199         -0.4382693227780411       
239055.2984877722         36.81417414321861         2.79610888644992          
239112.244373071          39.10198996839676         6.240178995501135         
239171.7997358297         41.36088695129928         10.0971257232101          
239258.6487524095         44.36644595883767         16.2328406889305          
239349.2135888315         47.06417457573241         23.32064342639335         
239440.2220688062         49.23585631904324         31.15503000922082         
239531.301416934          50.77646455179705         39.63137692694993         
239622.4057941581         51.60691677311686         48.56610855666872         
239713.5260782437         51.67999461739113         57.68731449932153         
239804.658351175          50.99120327671842         66.68187252698222         
239895.7977101672         49.57988164287601         75.26521096569434         
239986.9386860286         47.51905161593849         83.23721505226987         
240078.0755405081         44.89941798468764         90.5005549431249          
240169.2058743909         41.81439533285959         97.04574128438189         
240260.325505631          38.35045612478786         102.9210122745364         
240351.4297791291         34.58261820825974         108.2043845336916         
240442.5170956179         30.57347965393356         112.9840700990353         
240533.5858536302         26.37446957034333         117.3469223332036         
240624.6349058929         22.02771637066393         121.3732121585678         
240715.664270008          17.56798424957205         125.1350711552337         
240806.6758746514         13.02441210470767         128.6968725481213         
240897.6718059741         8.422111081030621         132.1164305451739         
240988.6544487323         3.783423807704363         135.4466469189725         
241079.6272969223         -0.8710454933021784       138.7372808148563         
241170.5955487909         -5.521514983673561        142.0367172307949         
241214.0778306057         -7.737216021165827        143.6310905785397         
241256.0699556721         -9.869668689865676        145.1883491030602         
241339.4518859102         -14.07419156193877        148.351668134684          
241429.5393382665         -18.55490895344594        151.9162615242383         
241520.422290545          -22.98501212871313        155.7236886525976         
241611.407687387          -27.29931595693561        159.8134361604484         
241702.4187991745         -31.45790863497969        164.2561949846683         
241793.4490829939         -35.41666139210261        169.1334818905157         
241884.4976980356         -39.12203090304979        174.5329114634841         
241975.565496739          -42.5090422719671         -179.4582353650815        
242066.6519746184         -45.50029133373977        -172.7660996730557        
242157.7559693134         -48.00738916613573        -165.3518677136236        
242248.8746733055         -49.93643115987927        -157.2411439002342        
242340.004708583          -51.19899581584797        -148.5521614561092        
242431.1423994717         -51.72770036951727        -139.5053880112023        
242522.2837358597         -51.49162726443114        -130.3969215778305        
242613.4249304887         -50.50445444633928        -121.5368428666649        
242704.5593832387         -48.82081225919895        -113.1807462586311        
242795.6830871408         -46.52282001125464        -105.4872244344572        
242886.7913242313         -43.70384259421311        -98.51519233625018        
242977.8804251226         -40.45540340090743        -92.24720590951701        
243068.9487525146         -36.85958860712771        -86.61989700665276        
243159.9933602731         -32.98638088475419        -81.54928336781394        
243251.0109345079         -28.89380203030161        -76.94684956428654        
243342.003160296          -24.6292098995122         -72.72787460370287        
243432.9703299562         -20.23154647575779        -68.81530126275166        
243523.9133386756         -15.73316906708338        -65.14025451589252        
243614.8344291374         -11.16148571495872        -61.64119282992879        
243705.7389347465         -6.54026992454492         -58.26238495491316        
243796.6287822928         -1.891168725436936        -54.95245332245728        
243887.5094805728         2.765638199873941         -51.66236025343341        
243978.3855573856         7.410290876191659         -48.34383281086333        
244069.2618372501         12.02242599746595         -44.94757678021134        
244160.142843565          16.58021846947157         -41.42155262369189        
244251.0336142732         21.05938438260155         -37.70919535807903        
244341.9392310083         25.43193864912868         -33.74774929814693        
244432.8623139532         29.66462120981987         -29.46698572141224        
244523.8051601686         33.71728412742223         -24.7884851605924         
244596.4003360248         36.79003973105148         -20.7121673006152         
244625.5700225942         37.97698254307616         -18.97760959037607        
244652.8344800463         39.0588705192348          -17.30237065571765        
244699.5813664631         40.84645924522933         -14.30195280156869        
244784.0029856656         43.82959040901683         -8.443475631734755        
244874.2757993052         46.60560957644127         -1.508295737388765        
244965.2482681093         48.88202993551933         6.195492718916267         
245056.3195865834         50.54454381517072         14.56489979471885         
245147.4191386602         51.50942782632272         23.43345309349244         
245238.5345246759         51.72267179325694         32.54304359632052         
245329.6616939711         51.17155204543105         41.58313361794705         
245420.7968944917         49.8878568807113          50.25903196912785         
245511.9355852366         47.93953432138655         58.35271481517823         
245603.0732355779         45.4152048132546          65.74850333643475         
245694.2053378327         42.40869901265857         72.42273720815975         
245785.3266387479         39.00827524194624         78.41526562507445         
245876.4347900287         35.29110218259995         83.8005335584329          
245967.5275084446         31.3219965198395          88.66591970833792         
246058.6028590333         27.15430897114134         93.09902477616976         
246149.6585013578         22.83177133985104         97.18146556599473         
246240.6949263881         18.39032500862256         100.9869086217034         
246331.713139324          13.86004766806171         104.5810471113619         
246422.714518779          9.266724011999004         108.0227578348479         
246513.7017899193         4.633102230464371         111.3657325225639         
246604.6788383857         -0.01999614059991956      114.6601989933817         
246695.649385429          -4.672643497894401        117.9546234911349         
246723.2346930192         -6.080422273074749        118.9609412283999         
246754.5864840271         -7.677441681523825        120.1117993134264         
246788.8827910996         -9.419852974254797        121.3817581614101         
246870.1649945579         -13.52356038264925        124.4531937058557         
246959.9950714619         -18.00045828300483        127.9861931657598         
247050.8526174584         -22.44188672681559        131.7630788504947         
247141.8340692529         -26.7725998954076         135.8145599078088         
247232.8442207887         -30.95257362360808        140.2095987198999         
247323.873509781          -34.93859082739029        145.0286389473403         
247414.9216753431         -38.67843679995753        150.3588281196382         
247505.9893414029         -42.10862334195494        156.2880171532721         
247597.0749662141         -45.15322952128381        162.8926054067333         
247688.1772029097         -47.72504142700831        170.2171470618212         
247779.2941187276         -49.73040636560982        178.2457081840073         
247870.4241316882         -51.07949589071413        -173.1272300048119        
247961.5621761885         -51.7014054973558         -164.1101952574196        
248052.7039136505         -51.56007149554836        -154.9927159638785        
248143.8445717329         -50.66363706500778        -146.0871041812379        
248234.9809295847         -49.06221160237434        -137.6583914121888        
248326.1078269919         -46.83538522230066        -129.8781385835492        
248417.2201936366         -44.07592805159251        -122.8167069951637        
248508.3143912489         -40.8760907994767         -116.4644394647886        
248599.3876890047         -37.31937946537679        -110.762194022601         
248690.4372498393         -33.47730759484446        -105.6274968358954        
248781.4609747147         -29.40925458502451        -100.9717493276422        
248872.4588771467         -25.16383707517455        -96.70955671738977        
248963.4309954825         -20.78095101183425        -92.76285999352832        
249054.3796949903         -16.29359663226366        -89.06173514106172        
249145.3057297273         -11.7297772739808         -85.54386331208936        
249236.2132239039         -7.113691603301886        -82.15291411369449        
249327.1060820203         -2.467113837146636        -78.83700941757061        
249417.9892706685         2.189640398726627         -75.54692291762302        
249508.8680151268         6.836748219946325         -72.23436204030152        
249599.7461950639         11.45390960494448         -68.85028703766467        
249690.629262384          16.01957699986131         -65.34305929620476        
249781.5211769077         20.50977934554363         -61.65680621234259        
249872.4272836698         24.89707510405597         -57.72961379244878        
249963.3510794956         29.14896934567029         -53.49220828834999        
250054.2956375051         33.22629549132952         -48.86713059473925        
250145.2633720008         37.08127868301548         -43.76948998084376        
250169.5212006569         38.06437576006054         -42.31924927209544        
250196.0466524237         39.11505775355742         -40.68590998479017        
250267.6232887432         41.81004260517739         -36.01476418025588        
250356.2006331165         44.81627925853792         -29.65852979895132        
250446.9905682723         47.44208554609767         -22.44050095404364        
250538.0296760355         49.52024590627101         -14.4959472142549         
250629.1158141335         50.95303359230984         -5.93295852510124         
250720.2208253439         51.66579409894975         3.050116032160762         
250811.3398480578         51.61760049793671         12.17107185529979         
250902.4682221469         50.81115680106333         21.11664285417931         
250993.6021999572         49.29202862747892         29.61296734318914         
251084.7363858484         47.13710927869103         37.4760672183482          
251175.8674835321         44.43832052932456         44.62426787068032         
251266.9922727859         41.28844690516695         51.05915948686658         
251358.1066187122         37.77229719639301         56.83530684465022         
251449.2075248854         33.9628430470866          62.03341613262671         
251540.2919458458         29.92085855677735         66.7419125544783          
251631.3585589291         25.69615920457592         71.04682116101144         
251722.4073195015         21.32953740326021         75.02718648060156         
251813.4385748883         16.85475482099423         78.75384243086529         
251904.4525209116         12.30031070199884         82.28995303238663         
251995.4518720508         7.690777749340663         85.69247065067502         
252086.4387942944         3.048182956560151         89.01367531929557         
252177.4169658311         -1.60704895519308         92.30299725500672         
252268.3898545685         -6.255074713595474        95.60869841073054         
252304.4611875317         -8.091662917368751        96.93473332197325         
252340.2316241059         -9.907425950409682        98.26288470310146         
252406.6770187696         -13.26122834230152        100.7755184018101         
252494.5024555083         -17.64295775119109        104.2182399303536         
252585.1299628965         -22.08103176816455        107.9668820675329         
252676.087497035          -26.42126279498677        111.9926288441877         
252767.096249212          -30.61499188731052        116.3565722150997         
252858.1258349237         -34.61867289033184        121.1376415111698         
252949.1751562455         -38.38089845883262        126.4225758618413         
253040.242496354          -41.83907638319899        132.299363558049          
253131.3290455844         -44.9184110558373         138.8461379599607         
253222.4324333249         -47.53246413021333        146.1109846717199         
253313.5503021651         -49.58780461546458        154.0840646702761         
253404.6817270573         -50.99380012159751        162.6681286649905         
253495.820190548          -51.67735978679895        171.6627101906307         
253586.9631076581         -51.59910439694346        -179.2166328113292        
253678.1059927074         -50.76344506865546        -170.2829757622864        
253769.2434453405         -49.2174289264762         -161.807637469149         
253860.3729566443         -47.03878185554397        -153.9704076522444        
253951.4883718919         -44.31977032260163        -146.8495313440394        
254042.5858833943         -41.1530642714386         -140.4408082783741        
254133.662941691          -37.62304960378074        -134.6880745313394        
254224.7171161347         -33.80223485121029        -129.5100018899008        
254315.7463353476         -29.75094266222722        -124.8180683892434        
254406.749185198          -25.51865671713974        -120.5264809517132        
254497.7271040203         -21.14584757096536        -116.5564526919738        
254588.6811359902         -16.66606670586634        -112.8374560524035        
254679.6123696025         -12.10766037549917        -109.3065853555387        
254770.5243129982         -7.49510900458915         -105.9070907124102        
254861.4212906105         -2.85032491077005         -102.5867774430597        
254952.3071777076         1.806240688166019         -99.29630276003502        
255043.1885426631         6.454827654172833         -95.98731309072848        
255134.0681156726         11.07514433653168         -92.61094225162707        
255224.9521250138         15.6458283317161          -89.11579959925591        
255315.8448866336         20.14316043979411         -85.44641712072111        
255406.7505131126         24.53997927759887         -81.54148646916472        
255497.6743039093         28.80434412645596         -77.3323121792077         
255588.6192409904         32.89769602709654         -72.7421075751455         
255679.5869651134         36.77300281001717         -67.68654465569185        
255703.6634017364         37.75504081078284         -66.25966222751218        
255729.6954858815         38.79375146832297         -64.67144055084063        
255759.4664227101         39.95023121921265         -62.79470846251235        
255829.7248709598         42.53220828561261         -58.09427789889459        
255918.2101741782         45.44248088188879         -51.59255772942399        
256008.9973253896         47.95330043058239         -44.21496950229134        
256100.0433504232         49.89569921955034         -36.1220406371162         
256191.1341310479         51.17419480687799         -27.44543179398091        
256282.2427931009         51.7202287738735          -18.40532428128447        
256373.363538296          51.50198389096465         -9.296695385492875        
256464.4918466918         50.53219290483514         -0.4299613000596316       
256555.6236091652         48.86466266620758         7.937871250897745         
256646.7533681542         46.58106110737376         15.64581868780307         
256737.8787860507         43.77454077433556         22.63310590723046         
256828.9948409423         40.53673840006419         28.91561772960332         
256920.0999241322         36.9499355952326          34.5559242244299          
257011.1906673526         33.08435427283471         39.63765946531123         
257102.2670259699         28.99806552559301         44.24946448820764         
257193.3247484732         24.73884751457189         48.4758690580847          
257284.3651361531         20.34571248580424         52.39416858746235         
257375.3896232578         15.85105718190708         56.07344171711771         
257466.3987152162         11.28240242752167         59.57532016391022         
257557.3930412997         6.663757090241222         62.9554935208618          
257648.378429655          2.016539399703554         66.26558091199581         
257739.3554539187         -2.638875823357123        69.55449224375334         
257830.3284671274         -7.282699602665351        72.87050264693319         
257920.2698801178         -11.84259205196754        76.22375293822331         
258011.1256825738         -16.39562247828171        79.73779060748315         
258102.0963386865         -20.8766046509272         83.4397196352817          
258193.0904522887         -25.2529136721618         87.38842449729306         
258284.1004457208         -29.49108851998292        91.65342789993288         
258375.126532407          -33.55126066499556        96.31275468478245         
258466.1715424969         -37.38493645655358        101.4518539228159         
258557.2351387236         -40.93278110833295        107.1592581481428         
258648.3173509478         -44.1233379431567         113.5173270459357         
258739.4176809699         -46.87310708221639        120.584875512011          
258830.5335183511         -49.08981631301564        128.3708992044267         
258921.6622271924         -50.68075563948831        136.804283373747          
259012.8001245903         -51.56643726361033        145.7126212729772         
259103.94311368           -51.69692462953286        154.8301100035803         
259195.0867458712         -51.06431621462869        163.8444023095435         
259200                    -51.00905676760077        164.3214892340209         
