Sat3.ElapsedSecs          Sat3.Earth.Latitude       Sat3.Earth.Longitude      
0                         -0.07165740169100192      139.4206513560314         
59.99999988125637         2.878921748265233         141.2166630815157         
152.2271698107943         7.405320782970347         144.0016437766523         
250.5010247812606         12.20160017271899         147.041709599854          
349.4568411377259         16.98394817550468         150.2297122291843         
448.5043268068694         21.70118235176475         153.6062610459963         
547.5823079352267         26.32441570529861         157.2358588770051         
646.687916025985          30.82228469649072         161.1953224364668         
726.3330627582036         34.31939690816186         164.6756873433849         
749.8241091496311         35.32707737190427         165.7612932447618         
773.6903395853005         36.33849795536982         166.8944262234017         
803.0848303693347         37.56592979546284         168.3341489803724         
848.7085189204663         39.42760040654142         170.6718840655219         
939.3690162221901         42.94639411487717         175.7310889783792         
1037.602089880966         46.42910924860141         -178.0778090246007        
1136.741781409364         49.50560745793276         -170.9823830228601        
1158.620310772676         50.11462156216744         -169.2949962551996        
1182.313511695247         50.74256248068739         -167.4174294339073        
1211.358711286448         51.46521991653164         -165.0448949673355        
1256.816363660619         52.48526894032965         -161.1784494125675        
1347.362995531876         54.07356220102701         -152.9646626119193        
1445.640776690561         55.05422860787705         -143.4538261923857        
1544.834206171799         55.19554556284587         -133.5722181272459        
1644.138426391874         54.47325778266023         -123.8280105126745        
1743.456976837479         52.93735969119487         -114.6241511635456        
1842.777535167988         50.68382648249059         -106.2213889368156        
1942.094390478451         47.82881701037486         -98.72340273433852        
2041.404828603845         44.48714231719403         -92.11197642394012        
2140.704914554954         40.76019828372208         -86.29927785367632        
2239.992968284059         36.73183488911593         -81.16971263286949        
2266.456853609998         35.61606992127487         -79.90248943776869        
2296.733704197686         34.32056289288977         -78.49905941451583        
2377.45824434096          30.77835671127276         -74.97650499902227        
2474.423594854306         26.38173767346897         -71.10609377800451        
2573.369337210897         21.77066142921621         -67.48129297841001        
2672.525122622028         17.05432372253168         -64.10167562610559        
2696.30369291408          15.91204634454923         -63.32128771585625        
2729.024845396634         14.33424372003416         -62.26337106050525        
2813.190543826204         10.24936660709518         -59.61341220831746        
2910.545797110535         5.490056769489125         -56.64088352059982        
3009.483224095311         0.6333998020734984        -53.67427007438619        
3108.593042206485         -4.234021431753623        -50.70875717241429        
3207.718377420679         -9.086577545592053        -47.70044104780494        
3306.847253465094         -13.90496920096746        -44.59918307648269        
3405.984115158208         -18.66898043554285        -41.35030334389413        
3505.133897345513         -23.35557106383127        -37.89270154882507        
3604.301442147698         -27.93745682754538        -34.15637928080616        
3703.491371660493         -32.38133720545861        -30.05996794995096        
3802.707906276919         -36.64564762663797        -25.50877415006826        
3863.976560009178         -39.1663202300165         -22.42525047904341        
3896.901007380802         -40.47911149895539        -20.6703123476238         
3926.901607203763         -41.64712200348553        -19.00683015426339        
3974.468983663246         -43.43861561318697        -16.23508602311415        
4065.810505987611         -46.63959821180025        -10.40880772085294        
4164.18288530549          -49.66152741402266        -3.319232101520935        
4263.386410474777         -52.15542344251072        4.73342143251493          
4362.690994678997         -53.97807825723415        13.65160661150498         
4462.010305153672         -55.02017691797302        23.23062947008639         
4561.331557820085         -55.21055306574419        33.11967910097834         
4660.650454019196         -54.53526096388909        42.88544171534216         
4759.963103709742         -53.0419720626796         52.12870784337003         
4859.266347647645         -50.82481610474691        60.58084905195078         
4958.55760902632          -47.99943449049142        68.13028491719942         
5057.835486601107         -44.68109154983777        74.7898865692506          
5157.095489976928         -40.97213712328203        80.64480012300868         
5213.675200939178         -38.71609259309456        83.66626176369859         
5277.435770281591         -36.07108956990795        86.83062856416102         
5346.597329049837         -33.09725530278386        90.0091396266383          
5438.634089066181         -29.00022372340414        93.89026471781746         
5536.97164314799          -24.48214743757107        97.67683226180628         
5636.003456125036         -19.81939422501582        101.1951176777675         
5735.092329431791         -15.069389953182          104.4911190362144         
5834.172371251043         -10.25944593395526        107.6252924206787         
5933.240656508133         -5.410806658396522        110.6534723045428         
6032.292879628949         -0.542812951512358        113.6268561695454         
6131.333808554336         4.326635616718542         116.5945214635586         
6230.370915960521         9.179880007948892         119.605360875132          
6329.41103487974          13.998450034734           122.7101236370596         
6428.460143704433         18.76209166460567         125.9636257606941         
6527.526108326856         23.44776856714583         129.4272028541168         
6626.614570186939         28.02806541749042         133.1710769999467         
6725.730193499476         32.46947779620994         137.2768580779906         
6824.877576471772         36.73020744219058         141.8395128511482         
6924.073694658            40.75789668699557         146.9682924361765         
7023.293103429023         44.48437408480986         152.7799906890362         
7122.534579760395         47.8258103389139          159.3901716098231         
7183.947362413164         49.65676891806273         163.9206297647762         
7204.368887760211         50.2197932150214          165.5044924950565         
7229.884149308782         50.8886072972925          167.5379099868647         
7259.801350871567         51.62123336355116         169.9986538414783         
7306.522298546042         52.6465783538325          174.0025138157201         
7397.737407416571         54.1897329744904          -177.6658789847657        
7496.09627625905          55.09996166160075         -168.1071971522772        
7595.29846367659          55.16573089820529         -158.2202047520097        
7694.602925924119         54.36988041126208         -148.5089951946388        
7793.920665734913         52.76732791066695         -139.3669619683841        
7893.238885200117         50.45685247210682         -131.0410847636102        
7992.553370841779         47.55520405965245         -123.622419238            
8091.861305711791         44.17636358330205         -117.0846675450979        
8191.160442098044         40.42020406445499         -111.3360857717481        
8290.446703252383         36.36913264851727         -106.2602623154807        
8316.749462729786         35.25508217255987         -105.0131536859393        
8343.765510432422         34.09520753174302         -103.7705044708593        
8387.223574414384         32.19886946268612         -101.8475060931329        
8477.532219118439         28.15308428124522         -98.11725039729394        
8575.696997030172         23.62393480829995         -94.40199122438889        
8674.769146239851         18.94642842841329         -90.93282735501019        
8730.032032344025         16.30122545871545         -89.09384200753682        
8792.707020230591         13.2767131991803          -87.07403368186566        
8856.426159187686         10.18061676545776         -85.07771397698495        
8950.751629192382         5.569553584461352         -82.19773717611561        
9049.339895427693         0.7303981788169981        -79.24106191085123        
9148.407544812653         -4.134912978498463        -76.27718167767227        
9247.526530106552         -8.987485702369309        -73.27044227104149        
9346.652732533403         -13.80646957644966        -70.17172940124398        
9445.78692909563          -18.57151841176065        -66.92658684364692        
9544.933465600479         -23.25963990443471        -63.47410043031167        
9644.098447740544         -27.84371765308569        -59.74444669506422        
9743.285223038401         -32.29054241782094        -55.65657565170128        
9842.497031204402         -36.55871514839444        -51.11615262714591        
9903.413401090074         -39.06826698670753        -48.05868485247322        
9928.553322691005         -40.07517834858699        -46.72922157909991        
9953.350379713811         -41.05029350657508        -45.3763692340793         
10024.45939604659         -43.73642000777664        -41.25127409745207        
10118.01985152997         -46.97933719189257        -35.21138167057412        
10216.6776767699          -49.95679115675875        -28.00709775968454        
10315.91746708145         -52.38484425531873        -19.85511951814199        
10415.22969621001         -54.12837186725769        -10.85334247244548        
10514.55274176551         -55.08146198613679        -1.221948429192115        
10613.87561538722         -55.17834302756185        8.674877370993045         
10713.19552715868         -54.41186536368397        18.40175509416907         
10812.50879763393         -52.83570065027678        27.56995483775804         
10911.8113968987          -50.5475382645594         35.92771491690862         
11011.10041748034         -47.66390568360728        43.3790590298331          
11110.37446410628         -44.29911236733632        49.94714787687661         
11209.62948580272         -40.55372018865044        55.72210248288544         
11252.20068732742         -38.85161335480517        57.98490288902498         
11278.91950865742         -37.75789247191252        59.34582553730239         
11309.84905448277         -36.46930210647465        60.86773983309628         
11393.18234726088         -32.89068410777374        64.70867959459198         
11490.42216005037         -28.55023773680025        68.77934423536298         
11589.34596026083         -23.99209035529162        72.55449972619589         
11688.43952764291         -19.31614874974786        76.04799023383362         
11787.53365923185         -14.55834186226734        79.3241916727082          
11886.61060812883         -9.743367421890671        82.44454161488599         
11985.67477671895         -4.891861124660348        85.46452514201057         
12084.72552472958         -0.02283430073463424      88.4350907304371          
12183.76666927943         4.845818708906917         91.40515787483382         
12282.80497173546         9.696361129481181         94.42369932315994         
12381.84673832729         14.51015621963664         97.54178163632905         
12480.89973184979         19.26678338618007         100.8148586312277         
12579.96943281032         23.94270306462921         104.3050306697157         
12679.0613836376          28.50993944435564         108.0836222832659         
12778.18094099639         32.93424706893583         112.2336217260721         
12835.21237168461         35.39828247827897         114.8260585238118         
12859.79498043889         36.43893870144922         115.9960508864066         
12890.30225405004         37.71066066979142         117.4956334066141         
12971.43001287477         40.97299341036441         121.7645506559305         
13068.42242708663         44.60110788971202         127.4778969641436         
13167.40893661045         47.92013792891331         134.0980932835773         
13229.91946621332         49.77188788024196         138.7301460384388         
13252.54215801833         50.38871767242846         140.4957321161878         
13273.39455164038         50.93025936845398         142.1652776991853         
13336.59486545948         52.40174765892072         147.4681226862469         
13430.96802273067         54.070908923235           156.0138251529665         
13529.70858269837         55.05477219836721         165.5698955722515         
13628.95391795319         55.19245810233703         175.4566569389819         
13728.26308307704         54.46631094432308         -174.800637481437         
13827.58217069786         52.92695303070469         -165.6002432054535        
13926.9016807666          50.67054030175978         -157.2018421253763        
14026.21705782367         47.81325613448594         -149.7083118963722        
14125.52573354915         44.46986262541381         -143.1009877419843        
14224.82577958144         40.74159625671689         -137.2917310051216        
14324.1147093242          36.71223989241557         -132.1649850723475        
14353.15813331399         35.48664793207354         -130.7770363803865        
14383.0537758884          34.20572906322982         -129.3957228355939        
14415.66952132853         32.78754516849579         -127.9400627824881        
14484.93553505978         29.71168770044818         -125.0099465057854        
14580.24430131773         25.35930366953588         -121.2862249302219        
14679.00015773484         20.73375939187314         -117.7306877606923        
14778.12798646046         16.00159276221405         -114.3987620544293        
14802.66831553308         14.81924463575615         -113.6029521956924        
14828.7135511986          13.56046412416685         -112.7689055165106        
14907.14328603353         9.749354717076633         -110.3128079717985        
15003.68912061676         5.027196724864255         -107.3725551807261        
15102.52620427636         0.1748534440777204        -104.4116801610586        
15201.61982635036         -4.690696574991361        -101.4448237530727        
15300.74003529735         -9.540215314462589        -98.43021310990758        
15399.86601424171         -14.35385683696532        -95.31769915388044        
15499.00007658871         -19.11109253569911        -92.05218196140439        
15598.14824096393         -23.78860816882403        -88.57181276451686        
15697.31360971928         -28.35856540310404        -84.80571063497135        
15796.50125505868         -32.78702840538331        -80.67134116730848        
15895.71354727959         -37.03146675097796        -76.07283616403186        
15953.52856196696         -39.39871981714027        -73.1367790872772         
15980.15862742905         -40.45844840563295        -71.71275091773776        
16010.91974289156         -41.6560811273671         -70.00740532157725        
16093.97398461588         -44.73006684204308        -65.05245366771705        
16191.28379017347         -47.97905167810212        -58.52561051873505        
16290.36404918879         -50.8010821566076         -51.00277464172167        
16389.65568963904         -53.02306604323115        -42.56273985296744        
16488.97607414983         -54.52323624481382        -33.32766043266704        
16588.30075134756         -55.20643191605679        -23.56606265462618        
16687.6247741282          -55.02421963060172        -13.67616193491349        
16786.94388595177         -53.98972130202268        -4.091519706079392        
16886.25427787192         -52.17325189760714        4.836397334158484         
16985.55308453506         -49.68126524991795        12.90724275821637         
17084.83636780875         -46.63148607666211        20.0686125340852          
17184.10232946044         -43.13463301688643        26.37062356368565         
17283.34990834119         -39.28565812546073        31.91555060919917         
17306.67630942771         -38.33851899222709        33.1218490107465          
17336.19152036263         -37.11972071919199        34.60015229087564         
17365.61717296718         -35.8834882801379         36.02338510800163         
17429.24869704293         -33.14514149473516        38.94232176493662         
17523.51072222227         -28.94910539073285        42.91773631386601         
17622.11133657256         -24.41728367332439        46.7105555655632          
17721.17056434508         -19.75179331259506        50.22648634358228         
17820.26106709382         -15.00060269163634        53.52011284032478         
17919.33805496665         -10.19000553673152        56.65258725847931         
18018.40209531365         -5.341050679975219        59.679784313419           
18117.45313752908         -0.472853304549876        62.65297924306962         
18216.49415006395         4.39660272149118          65.62117616236752         
18315.53190402919         9.249614267915589         68.63326283341702         
18414.57167373737         14.06761266488158         71.73998745671264         
18513.62213257235         18.83043729860459         74.99633220830131         
18612.68894303357         23.5148894507897          78.46367861127047         
18711.77901830524         28.09353484956158         82.21244680013272         
18810.89622485451         32.53272272397895         86.32440527933497         
18872.1352368244          35.1872206889381          89.08666924050588         
18902.88907480426         36.49039294170705         90.54730174804878         
18932.47024136363         37.72296573348435         92.00268012631507         
19012.89454676444         40.95715308860183         96.23428866330185         
19109.81076790486         44.58391066550773         101.9399050088836         
19208.7889906601          47.9047696737491          108.5553890340382         
19285.70886362577         50.15487686005125         114.3030075025151         
19307.18728546053         50.72355838459416         116.0059380481502         
19326.97672059294         51.22254446158417         117.6127768856067         
19383.17199986195         52.50044438413914         122.3693806157204         
19476.22119183652         54.11788042411828         130.8243977297452         
19574.80472942116         55.07275561970315         140.3808957352675         
19674.033731909           55.18227002445439         150.2678649906385         
19773.34224953083         54.42880481401703         159.9983404506368         
19872.66318536131         52.86465264022016         169.175969847401          
19971.9846715685          50.58702300254498         177.5459382965192         
20071.30182045512         47.71235297884009         -174.9899953563031        
20170.6125804456          44.35509030375471         -168.4100818922214        
20269.91398560349         40.61597088060407         -162.624793700167         
20369.204629655           36.57816922657431         -157.5181275238027        
20399.75370015018         35.28635396567992         -156.0649323949836        
20426.48547057761         34.13926831379366         -154.8342052456954        
20451.67358393082         33.04514043670696         -153.7074622539166        
20523.73793385923         29.85076770298695         -150.644840105515         
20619.4492709823          25.4840088767947          -146.8955854540924        
20718.24530710001         20.85955200911455         -143.3313793512977        
20817.38094136817         16.12924829987801         -139.9938422581396        
20842.94867572607         14.89779218919423         -139.163822705678         
20870.65049376106         13.55912787696222         -138.276418829771         
20951.17151270388         9.646177590202933         -135.7559336590037        
21048.00454995129         4.909545740780484         -132.808694393133         
21146.87661160715         0.05543687561799879       -129.8475065156747        
21245.97536686342         -4.809985027832973        -126.8800497742663        
21345.09767139098         -9.658786870982327        -123.8637139968857        
21444.22565193381         -14.47123715786293        -120.74818541948          
21543.36176679935         -19.22675844321896        -117.4782265480772        
21642.51219303114         -23.90195653606909        -113.991789055234         
21741.68048811844         -28.46888637885544        -110.2177160284682        
21840.87062225444         -32.89338331638591        -106.0731999902382        
21940.08471459383         -37.13266791644734        -101.4620459240147        
21995.4794780002          -39.39907176627256        -98.64486418438935        
22023.39609414339         -40.50945036311849        -97.15083783184076        
22048.78378647845         -41.49898624834641        -95.74592156236612        
22122.13268611813         -44.23735146414368        -91.42072982279223        
22218.07093246607         -47.50143149562242        -85.10544350376894        
22316.99106045999         -50.40130027450317        -77.73389638006046        
22416.26455733785         -52.72423002522233        -69.4311431449663         
22515.58221008163         -54.34292593092087        -60.3053142388472         
22614.90694322856         -55.15686507251986        -50.60141798041134        
22714.2314676661          -55.10902082097805        -40.70238056888816        
22813.55164535344         -54.20275775941268        -31.04431675823837        
22912.86378175719         -52.50063614346551        -21.99770303654084        
23012.16393748764         -50.1052423045161         -13.7877521027765         
23111.44936380442         -47.1339682211929         -6.487210164048774        
23210.7188672293          -43.69937441133555        -0.05824128976497615      
23309.96954374714         -39.89915924352587        5.596040043267061         
23342.5538001582          -38.58567416520102        7.303481573519736         
23367.27435513167         -37.5701641104419         8.554299134716668         
23389.67787221773         -36.6365902115321         9.656360593278016         
23456.92686937982         -33.76555679813767        12.79788150747646         
23549.72025656607         -29.65886411912703        16.77228267185513         
23648.15073095961         -25.15564502996833        20.61281917426116         
23747.19546317356         -20.50673692549381        24.17060638922087         
23846.28933639033         -15.7670309795606         27.49587667685182         
23945.37051888183         -10.96423422338742        30.65046785834227         
24044.4366328069          -6.119960389423584        33.69111843675314         
24143.48791987868         -1.253560621096645        36.66970152572105         
24242.52602242632         3.616816769194803         39.63541674583625         
24341.56083182897         8.473664692215744         42.63713656127884         
24440.59703021776         13.29857319232808         45.7251371930269          
24539.64321679669         18.07172965115028         48.95357988765958         
24638.70499151526         22.77048124106129         52.38263659365537         
24737.78835382545         27.36814916560667         56.0810776851758          
24836.89867925132         31.83226660662957         60.1287337958807          
24917.41843902273         35.33213634170834         63.73687704773245         
24952.33458437724         36.80735376265093         65.40578083600502         
24984.69970693113         38.14881104679833         67.0151985622998          
25034.44362937007         40.15676468460286         69.61544382548553         
25126.27819682239         43.66520529188578         74.86512614965203         
25224.65653441614         47.07484796042628         81.22494987212889         
25323.81647924194         50.05233713526215         88.49921194636578         
25348.17278321134         50.7006304235508          90.42502066621685         
25371.19736128952         51.28016486048304         92.29606085595478         
25440.80266890815         52.81995286783926         98.2430994036814          
25533.35275155259         54.31917360811563         106.7605500996908         
25631.90610202728         55.14655653012149         116.3814407495233         
25731.13193458412         55.12290248792853         126.2714776106907         
25830.44095291989         54.24055485774997         135.9398790825584         
25929.76170487236         52.56011803277644         145.0063217958848         
26029.08141013468         50.18343220271174         153.2403164209771         
26128.39793257881         47.2277287875895          160.5653632068839         
26227.70726240706         43.80593111014989         167.0167337038945         
26327.0078283269          40.01613562768799         172.690353818888          
26426.2945465045          35.93898889662233         177.7035068190366         
26452.57746570278         34.81994092637081         178.9350885473408         
26482.29224524694         33.53724838587723         -179.7156977407241        
26515.04942273023         32.10325057797353         -178.2781396215164        
26585.06258778507         28.97563482366501         -175.3642151996058        
26680.47422482632         24.59770386314135         -171.6914112190457        
26779.24223322188         19.95515417070449         -168.1797386092113        
26878.37148268009         15.21083977160446         -164.8809585344784        
26921.71910764882         13.11584054431192         -163.4931839374562        
26969.40937307663         10.79975352610435         -161.9966023302618        
27060.09034432936         6.371333847177087         -159.2171185631018        
27158.24310102034         1.556135205050016         -156.267957229923         
27257.26368140895         -3.307252677618352        -153.3079691116378        
27356.37921891175         -8.16314164455207         -150.3121592783262        
27455.5067025125          -12.98897046243288        -147.2330400851929        
27554.6413840726          -17.76449212874116        -144.0171684030956        
27653.78929479048         -22.4673698423831         -140.6048283846766        
27752.95417980524         -27.0712083264317         -136.9279615388798        
27852.14079259895         -31.54402624431665        -132.907554879923         
27951.35180553189         -35.84597395541046        -128.4516428264418        
28028.82700954797         -39.0538967732619         -124.6023899069175        
28058.28312555095         -40.23211877369086        -123.0412297992907        
28090.25619474705         -41.48201084698871        -121.2802203441248        
28140.55639277212         -43.38123932651287        -118.3602877177114        
28232.387267577           -46.60397509939267        -112.5129894260789        
28330.82671584561         -49.63290529394924        -105.4281220584045        
28430.04425534746         -52.13315659039222        -97.38369610930256        
28529.3556914432          -53.96309343318           -88.47299667743469        
28628.67965953192         -55.01332760948372        -78.89879227835584        
28728.00441719592         -55.21224025391532        -69.01054219783924        
28827.32541369041         -54.54527402179306        -59.24132651396927        
28926.63914716104         -53.05954732065835        -49.99122494608213        
29025.94168953365         -50.84887666593523        -41.53046858723541        
29125.2299969201          -48.02884661809332        -33.97209884411526        
29224.50315087335         -44.71480766819475        -27.3041507433459         
29323.75686593587         -41.00927241473062        -21.44192943985683        
29390.07250402356         -38.35766715090767        -17.917009582289          
29408.93986044684         -37.58125990863808        -16.96544533374157        
29426.97258236585         -36.83085515307805        -16.07583146651589        
29477.17683976516         -34.70176446993487        -13.69547083024077        
29568.94171274034         -30.67746844085169        -9.672176149723505        
29667.23803760251         -26.21190710982159        -5.755193338109241        
29766.27674113261         -21.58747447877762        -2.133631707414737        
29865.37765389076         -16.86530190038103        1.239846125245466         
29964.46580551565         -12.07466023835622        4.428587931786447         
30063.53889077436         -7.237816646652364        7.490817982871391         
30162.59518592851         -2.37461950697906         10.47929660506668         
30261.63713294081         2.496640031523155         13.4436887987413          
30360.67031793064         7.358265154405266         16.4326851058889          
30459.70410264563         12.1923045159057          19.496152000305           
30558.74453808647         16.97927903008468         22.68710101551646         
30657.79841422336         21.69732485136936         26.06411451964502         
30756.87244024593         26.32086743440812         29.69377934259789         
30855.97246787511         30.81896410111756         33.65317877770213         
30955.10269267252         35.15321036714479         38.03208267791541         
30983.5694161593          36.3607970479333          39.38104154514235         
31011.9072779431          37.54419126014402         40.76913069518874         
31039.51749738771         38.67789571306603         42.16754616597166         
31117.5529465545          41.76664902605634         46.38756726582763         
31214.10636822693         45.30834305851517         52.2257794854716          
31313.04583735764         48.53605181654519         59.01590208544008         
31373.95836780779         50.27703982802147         63.63768774356783         
31403.06247342378         51.03304563095082         65.9676654121571          
31431.06672676513         51.71036760672558         68.28323710135595         
31504.53116748249         53.23395330499742         74.68719753565951         
31600.44262610609         54.61039085235717         83.67170306084782         
31699.35477536637         55.22486198673618         93.41995464676648         
31798.62479239237         54.97719994195304         103.2966486274155         
31897.94035898522         53.88104181211873         112.841265148376          
31997.26096792147         52.01016222551804         121.7086680933256         
32096.58037552144         49.47271240153945         129.710312048005          
32195.89429632761         46.38639492280502         136.8033755934531         
32295.19982161            42.86094746855103         143.0434930705057         
32394.49497114401         38.99000047918272         148.5351773804851         
32493.77082228893         34.8499489772785          153.3969035201141         
32569.86510409042         31.53206423007719         156.7694354627679         
32638.39180284413         28.45725125837517         159.586929554257          
32733.58000862645         24.07546131816287         163.214587342759          
32832.333970943           19.42254560633852         166.6967681443469         
32908.14334148308         15.79416542948414         169.2192984891813         
32936.63852834143         14.42020373831708         170.1402917647894         
32963.84326127591         13.10407402974537         171.0077567594955         
33040.08280198323         9.396619078006804         173.3872653219013         
33136.31101230858         4.688237971525532         176.3124452293331         
33235.11387265753         -0.1629385485194576       179.270273188854          
33334.20841254992         -5.027824183151338        -177.7615106280521        
33433.3325354266          -9.87557574463608         -174.7420175016596        
33532.46359191835         -14.686166956782          -171.620926161714         
33631.60286539933         -19.4388558871232         -168.3427818576364        
33730.75685855001         -24.11009899981374        -164.8451599254801        
33829.92980685085         -28.6717433731309         -161.0563929792701        
33929.12628242048         -33.08931482812901        -156.8930473436719        
34028.3487904002          -37.31959053697008        -152.2582357743824        
34071.9916960923          -39.10701147064784        -150.0428064335226        
34099.9995053513          -40.2268942341719         -148.5573633372907        
34127.12145609548         -41.28934743606465        -147.0684296575882        
34204.4605822186          -44.18603545102302        -142.5280514476151        
34300.98218010971         -47.47502401952674        -136.1839555120878        
34399.97173760785         -50.38166904440261        -128.8147801132691        
34499.25347159151         -52.71027846597833        -120.5181927530523        
34598.57227820903         -54.3353070969116         -111.39755995722          
34697.89708050666         -55.15613767922609        -101.6961921418788        
34797.22042969661         -55.11531372983751        -91.79627229985987        
34896.53835024219         -54.21571353720167        -82.13406534446897        
34995.84804122569         -52.51949639492628        -73.08098037277691        
35095.14538346557         -50.12905439732624        -64.86356852707047        
35194.42805004073         -47.16176098216938        -57.55562897790708        
35293.69269154267         -43.73035976431901        -51.1201082171346         
35392.93887609383         -39.93261921355627        -45.46021179400453        
35429.01448759949         -38.47736163559761        -43.57196209789021        
35450.97973288503         -37.57421700804314        -42.46232964334011        
35470.76555426465         -36.75031840641367        -41.4874619638035         
35526.82977943914         -34.36661748237272        -38.84395745836062        
35619.80086475378         -30.27484264789188        -34.80401664380928        
35718.24737393763         -25.78942304935504        -30.91432705868048        
35817.30065569282         -21.15420049313003        -27.31851257733416        
35916.40046989778         -16.42454320001633        -23.96487999857862        
36015.48773167888         -11.62859611629304        -20.79029282089988        
36114.55939431908         -6.788391953866787        -17.73715393563618        
36213.61753076781         -1.923426088573527        -14.75297656643553        
36312.66224097926         2.947973660993178         -11.78835150772455        
36411.6985063185          7.808076061272861         -8.794590555108533        
36510.7339223614          12.63875687493648         -5.721668727082842        
36609.77591715055         17.42042831771786         -2.516115956886835        
36708.83056997554         22.13090925541561         0.8812620059140287        
36807.90579041932         26.7442649963202          4.537961131105424         
36907.00534719508         31.22887054081071         8.53207567132176          
37006.13487325609         35.54558832989756         12.95468050283128         
37032.13181501487         36.64375126698129         14.1979526446167          
37064.82424449641         38.00190640020738         15.81635799199257         
37097.37905433867         39.32702745432212         17.49259892703247         
37185.73390193051         42.76690598727859         22.40048784682867         
37283.67616231553         46.25880117217272         28.53404486943638         
37382.77989579365         49.35965633658637         35.5815025514323          
37422.79180535115         50.46424644305235         38.68226595351317         
37445.97336400766         51.0607437422272          40.54680386312008         
37467.67046959139         51.58847431647405         42.33678178743453         
37529.98545421287         52.92841330879833         47.71127345608642         
37623.23717570398         54.39702186199798         56.33291629391493         
37721.87810459873         55.17286990053716         65.98778942467028         
37821.11501132604         55.09440136092455         75.87787817989356         
37920.42641284643         54.15927525192782         85.51884944481321         
38019.74677912658         52.43149619670993         94.5382882010616          
38119.06635771738         50.01461165550963         102.7160869916734         
38218.3813192416          47.02613183065684         109.9841969430649         
38317.68907840597         43.57823619841972         116.3833101749985         
38416.98620596435         39.76801155928197         122.0116062133213         
38516.26472538337         35.67514891882228         126.9867382985699         
38549.15005734656         34.26816674971487         128.5111046610959         
38578.75091425376         32.98274965266374         129.8363056310451         
38608.26638607541         31.68451755869365         131.1163107424491         
38685.89187028119         28.20016144912577         134.3047979572082         
38782.42842012551         23.74848369639764         137.9637062726082         
38881.31622959627         19.08243662739845         141.4328059705636         
38956.28813862568         15.49037254802116         143.9176215054496         
38983.44819392078         14.1798266948705          144.7929669662586         
39011.8705298868          12.80389787968194         145.6969448692249         
39058.20202929899         10.55245341248296         147.1475091299341         
39149.11572472192         6.110932117730426         149.9299406479687         
39247.28813184192         1.293787389622489         152.8776006913855         
39346.31152729271         -3.569777325053914        155.8381618918013         
39445.43133202242         -8.424942899061062        158.8372386132668         
39544.56296938006         -13.24900918034619        161.9224219143095         
39643.70237707626         -18.0216465456326         165.1474483371962         
39742.85305067897         -22.72021670930634        168.5723498682123         
39842.02129107434         -27.31818477972608        172.2658090515854         
39941.21022010222         -31.78312807495358        176.3074478712457         
40040.42456704192         -36.07479076357208        -179.2099201567285        
40106.7791448324          -38.82296995679692        -175.9142941970284        
40182.5604430167          -41.81483795266227        -171.8076141571002        
40253.0234006932          -44.42903006959958        -167.6164307194505        
40348.5630693147          -47.65881075418675        -161.2855869362602        
40447.45420650579         -50.53203609626744        -153.8713622291228        
40546.72370175831         -52.82325078983494        -145.5250319439666        
40646.04094336974         -54.40475778677568        -136.3632051176861        
40745.36553475773         -55.17741878188558        -126.6390154801381        
40844.68853379367         -55.08685090707201        -116.7408436543769        
40944.00608312571         -54.1395513007536         -107.1044264794327        
41043.31491946941         -52.40062820973297        -98.09444791734219        
41142.61211492121         -49.97398094750677        -89.92819277691366        
41241.89281290164         -46.97723447029887        -82.6719327699598         
41341.15694803186         -43.52237817309064        -76.28363848736784        
41440.40122150909         -39.70629396412396        -70.66462619740756        
41473.05405938532         -38.38551252557632        -68.96387666563           
41496.88567077974         -37.40368450330728        -67.76455949485556        
41518.83552437648         -36.48690712066838        -66.68969434889301        
41580.72876421502         -33.84298319316143        -63.80162086706948        
41667.2348957858          -30.02161748641448        -60.07800864779941        
41764.89489621017         -25.56475275125031        -56.23819068532529        
41863.85575679597         -20.92873446509334        -52.6592466931036         
41962.94298871653         -16.19593762317328        -49.31608155377826        
42062.0256975526          -11.39760431894812        -46.14875096927991        
42161.09506690409         -6.555897998587781        -43.10018213283445        
42260.15349189984         -1.69021163512694         -40.11808262663933        
42359.20027788961         3.181126691413973         -37.15315924476335        
42458.23963395087         8.040343033319546         -34.15673227499297        
42557.27871812414         12.86924377782862         -31.07867061546809        
42656.3247610582          17.64813615411278         -27.86528272711911        
42755.38361573126         22.3546763040397          -24.45703920019425        
42854.46255522547         26.96267766820664         -20.78600482743787        
42953.56511848513         31.44019487599308         -16.77352184480988        
43052.69678476034         35.74766191291624         -12.32787252243049        
43088.04615359986         37.23308798985423         -10.61857600157328        
43120.4607676249          38.56830778345083         -8.986891810679865        
43170.94797114842         40.5913483652796          -6.313038874482238        
43262.8228107118          44.06764940635487         -0.98666691005914         
43361.2074636505          47.43189655737333         5.465139615082502         
43460.36724722944         50.35164388904324         12.8398224701884          
43491.32928068284         51.14891342247225         15.3291290852336          
43520.5264131655          51.84522448820413         17.75722086725837         
43567.08014721517         52.83639162001625         21.78557155727344         
43658.33657520125         54.31412894279319         30.18521628186985         
43756.70357585186         55.14536529857722         39.78580507328473         
43855.9078431339          55.12821279296813         49.67428932115746         
43955.21409827052         54.2521892432941          59.34619015279373         
44054.53359042294         52.5773930356894          68.41855404784691         
44153.85416887002         50.20541099416269         76.65967935068825         
44253.17089027958         47.25350919468124         83.9917804559485          
44352.48026096961         43.83469651221363         90.44955440490754         
44451.77918110276         40.04726703403939         96.12858524813637         
44551.06195171829         35.9720398313431          101.1461194873231         
44594.38303256175         34.12032493860922         103.1584832437189         
44624.4085307233          32.81434213872895         104.4973826428902         
44652.68235832918         31.56907312802504         105.7193737090719         
44731.80440735305         28.01340714326028         108.9587199218093         
44828.48952150671         23.54986790131887         112.6101582288397         
44927.38142312737         18.87968421099418         116.0689437503855         
45005.97567313816         15.11073292346646         118.6649010533193         
45032.42764065508         13.83318483271121         119.5142882393162         
45058.01441691583         12.5937467628792          120.3259912706018         
45130.85880435538         9.048523735761531         122.5920615528389         
45226.56761182006         4.363729593531126         125.4968991731949         
45325.30255643651         -0.4847343958972163       128.4514381576072         
45424.38819411909         -5.348627645179429        131.4213450135138         
45523.51912708255         -10.19494219669761        134.4462994626523         
45622.65771377133         -15.00281363643593        137.5764119340764         
45721.80456931237         -19.75129525021641        140.8675062933152         
45820.96502899658         -24.41653026741423        144.3825184322472         
45920.14240639983         -28.9699598702383         148.1937902446767         
46019.34230587212         -33.37665751198201        152.3856448936388         
46118.56795675121         -37.59275787574579        157.0559227748177         
46154.97943824157         -39.08123428915133        158.9109656101995         
46181.24722758075         -40.13266531102396        160.3015981486965         
46206.68671850581         -41.1316920178814         161.6925941805673         
46280.66865352448         -43.91736715606123        166.0040095815402         
46376.73168356996         -47.22190491176957        172.2559636623225         
46475.67447539186         -50.16860016477827        179.5501711143463         
46574.9494486372          -52.54805970896814        -172.2246042016493        
46674.26805408904         -54.23310855230029        -163.1626857057318        
46773.59278094955         -55.12066900950237        -153.4951542072389        
46872.91702595539         -55.14908287924446        -143.5951898578454        
46972.23618366988         -54.31619048921976        -133.8991474108406        
47071.54732147465         -52.67996345075394        -124.7873943838231        
47170.84602661198         -50.34053791545156        -116.4992050118164        
47270.13124044752         -47.414895625352          -109.1192568076985        
47369.3989965599          -44.01665112433329        -102.6174269463833        
47468.64815647714         -40.24495468892731        -96.90006676483502        
47511.89761825372         -38.5056351054101         -94.62417848450593        
47539.90422586212         -37.35249769192372        -93.21324513391737        
47567.83910061931         -36.18300121109006        -91.85202489763731        
47644.35240706662         -32.89141719903702        -88.33897822697273        
47740.64770740224         -28.59360918374911        -84.30568660295745        
47839.4656727789          -24.04132868069962        -80.53102029261626        
47938.55065887328         -19.36652235334819        -77.03493460479353        
48037.64264207566         -14.60927938737618        -73.75663378428349        
48136.71760226134         -9.794635675849655        -70.63482242870475        
48235.77901268145         -4.943303761727366        -67.61398187628005        
48334.8300624406          -0.07412610134972078      -64.64301167513253        
48433.8713490637          4.794836052827934         -61.67307520297199        
48532.90886351606         9.645809381521355         -58.65523042916823        
48631.95012279321         14.46022891778238         -55.53840550331434        
48731.00039523561         19.21757922378308         -52.26728602094021        
48830.06601850502         23.89440600274024         -48.77983866790412        
48929.15378885809         28.46285421642994         -45.00481588878346        
49028.2671449706          32.88867791952043         -40.85945747465712        
49106.00699783536         36.2320242999096          -37.2878468339998         
49130.35869416781         37.25186253690352         -36.10213586689112        
49153.29773377161         38.19923335381392         -34.95339705202137        
49181.36346491519         39.33961990305799         -33.50379451231408        
49225.6193265086          41.0925059526332          -31.11310164666597        
49316.17771117017         44.48087532437192         -25.78045608163563        
49414.40537661547         47.79084590749209         -19.24298799662328        
49513.55203381972         50.64894739518873         -11.76579261591057        
49537.4080076348          51.25175057106485         -9.830686999197365        
49562.13103946066         51.83813271536805         -7.770244858549592        
49631.93235631334         53.26737566379782         -1.663308164290023        
49727.39107838133         54.62446635950938         7.289227992911735         
49826.29437478026         55.22639738703588         17.04068080322935         
49925.56165249553         54.96611903524529         26.91481517425009         
50024.87516656984         53.85813099085421         36.45117297903871         
50124.19507645536         51.97684022321462         45.30667042573567         
50223.51346439682         49.43070559504616         53.29492804683931         
50322.82709036954         46.33737075146625         60.37499681821441         
50422.13289414067         42.80636310763608         66.60349828624472         
50521.42887694063         38.93104694570987         72.08532466452029         
50620.70832989411         34.78747134519099         76.93906831070456         
50652.61638642987         33.40889482092659         78.38494129803449         
50679.56187338568         32.22925634463017         79.56737783896111         
50704.21450885478         31.13845358808262         80.62013049540519         
50773.90968723921         28.00093094159305         83.45936251717038         
50869.24057669239         23.60048646631947         87.06098462486422         
50968.00707665971         18.9374122996362          90.51835602443535         
51067.12528620847         14.17850695631247         93.77663648797515         
51095.45215680264         12.80724076287261         94.67765110826556         
51121.488017519           11.54329068939459         95.49611553647662         
51196.33952700533         7.893763119794233         97.80659441494494         
51292.35166307772         3.18895909184591          100.7064783321742         
51391.12242932897         -1.662337597961498        103.6589966923104         
51490.21417396143         -6.523294301580462        106.6376753564174         
51589.34845759068         -11.36205500537995        109.6834167002021         
51688.49115686025         -16.15754630378627        112.8473345241156         
51787.64407974668         -20.88823313647521        116.1867530705803         
51886.81171853095         -25.52924717195049        119.7666448515599         
51985.99776743213         -30.05066529780958        123.6620364465883         
52085.20647607511         -34.41559520415623        127.9603792349172         
52184.44045175565         -38.57759981059775        132.76282655465           
52211.39716878533         -39.66561146554118        134.1688635800594         
52239.64483165182         -40.78352864016255        135.6935901986148         
52288.84296772303         -42.67135947905879        138.4828087525111         
52378.30057129031         -45.88239373793883        144.0312635158257         
52476.44468162907         -49.00657636053587        150.904214090411          
52575.62721075956         -51.6371596117939         158.7471547758104         
52674.93501927238         -53.62408642723103        167.4804962880737         
52774.26004725276         -54.85269963103656        176.9344819713799         
52873.58727611136         -55.2413428910324         -173.210524862124         
52972.91165281786         -54.76188281278613        -163.3783786211871        
53072.22771258093         -53.44865737703512        -153.9866172253979        
53171.53444139985         -51.38724044411117        -145.338545787203         
53270.82800769713         -48.69057775629858        -137.5803798815495        
53370.10578154586         -45.47553402273029        -130.7232561951834        
53469.36482781311         -41.84802873762273        -124.6941291109051        
53544.86091990257         -38.86768221354133        -120.5941574345643        
53571.56648661476         -37.77480973717126        -119.2331464623555        
53595.93151960289         -36.76190821194796        -118.0289345528026        
53661.67057725834         -33.96078889674055        -114.9449124979677        
53753.83678235812         -29.88988854556026        -110.9775827094258        
53852.1889923024          -25.39745505201724        -107.1219931401244        
53951.22816448566         -20.75441594294266        -103.5501962329487        
54050.32224012539         -16.0189004639199         -100.2143131887668        
54149.40275468398         -11.21913392028932        -97.05230726817905        
54248.46639678581         -6.37691843099465         -94.00714304807522        
54347.51846620347         -1.511440723164144        -91.02659408739437        
54446.55881740618         3.359029711692272         -88.06143144724612        
54545.59253391344         8.216761315775424         -85.06295234576466        
54644.62792921113         13.04358271142465         -81.98091266312287        
54743.67055107141         17.81964801709999         -78.76151245177624        
54842.7274116897          22.52255495226454         -75.34493663218012        
54941.80393059505         27.1258619226373          -71.66297839683453        
55040.90664567193         31.59752545808506         -67.63644173203258        
55140.03868316067         35.89754800877739         -63.17321536301265        
55174.87608598312         37.35859654993759         -61.48209418301929        
55207.80363916419         38.7120022439445          -59.81792696438978        
55240.71675053565         40.03569013151559         -58.08625928115826        
55325.96551899333         43.31034330716152         -53.2527603486004         
55423.51610006299         46.73145772019173         -47.0282013034201         
55522.58249970619         49.75973115828297         -39.85587351649427        
55565.0637160521          50.89385671569526         -36.50291597255328        
55594.63713364676         51.61783022407539         -34.0702757521146         
55623.65338958334         52.27237384858861         -31.60654911285538        
55710.71958305547         53.87557274021733         -23.78813051747628        
55808.55277392548         54.96297672487687         -14.38938040828095        
55907.69209675491         55.22523297714758         -4.528248887327713        
56006.98835867224         54.62217174557398         5.260959222207255         
56106.30316995084         53.19531067173831         14.55878367794175         
56205.62094842317         51.03572041972132         23.08244132172681         
56304.93361477274         48.25824640055729         30.70742032963196         
56404.23972249264         44.97878681611743         37.43814681478039         
56503.53828869993         41.30087691939082         43.3557297946906          
56602.82530705445         37.31089502596555         48.57357305628665         
56683.25495151803         33.89760201265193         52.36942464468689         
56712.03344251262         32.64340098270775         53.64654587708318         
56739.82437914237         31.41763352071691         54.84317885548941         
56821.16060438566         27.75693538228381         58.15891467840213         
56918.15990097821         23.27216801540793         61.80456093326985         
57017.09274358582         18.59473551508153         65.25059639503345         
57116.23065385502         13.83009525632468         68.49678587127889         
57142.66051043523         12.54978827944397         69.33513595565402         
57167.98116870923         11.31997038937946         70.12955460422204         
57240.61461759266         7.777643408491896         72.36907973347104         
57336.29985441221         3.08843313032205          75.25801513538772         
57435.03197610844         -1.761000569364976        78.20934457237486         
57534.11900969222         -6.621396069167394        81.18881784259294         
57633.25271779904         -11.45941805530688        84.23648225287522         
57732.39699307596         -16.2538587281578         87.403477821122           
57831.55048802728         -20.98297196156027        90.74715820066132         
57930.71907197591         -25.62187024322058        94.33271849365705         
58029.90644888487         -30.14050925925244        98.23541587770139         
58129.11630480085         -34.50180546673349        102.5429473079828         
58228.35098801879         -38.6590926940486         107.3567236137295         
58266.11537783174         -40.175451512599          109.344683951522          
58304.58301770268         -41.67694169327435        111.4685104593639         
58362.48364535859         -43.84519304455839        114.8686583810522         
58443.43674994307         -46.66268110173194        120.0715345496035         
58540.50501084421         -49.64380500403582        127.0675815276773         
58639.56640397664         -52.13768070642602        135.1024618306439         
58738.86242480949         -53.96510050477929        144.0135562154994         
58838.18735314999         -55.01296785936916        153.5885848127791         
58937.51564724371         -55.20946304405523        163.4766443188196         
59036.83932992863         -54.54019355153731        173.2443282231524         
59136.15531268297         -53.05245465874162        -177.5080546556531        
59235.460698721           -50.8401340474481         -169.0501477648137        
59334.75160931703         -48.01884330986569        -161.494641403466         
59434.02703832835         -44.70390285822243        -154.8293084754156        
59533.28319755383         -40.99775216122597        -148.9693097992102        
59594.21219215728         -38.56591634182801        -145.7213168453529        
59618.54285787558         -37.56631260724144        -144.4907028946961        
59640.69470035611         -36.64331002729001        -143.4010200904723        
59704.09954560455         -33.93939049404172        -140.4323082095116        
59798.40719358763         -29.77147777554173        -136.3793825884309        
59897.00992112048         -25.26397880831086        -132.5238037972294        
59996.07914274093         -20.61664970474091        -128.9589701979728        
60095.17668188782         -15.87886236904417        -125.6290307256544        
60194.25813721027         -11.07761388150058        -122.4712777787372        
60293.3216513833          -6.234556503157003        -119.4288043833096        
60392.37354540965         -1.368776851731735        -116.4494675410057        
60491.41360115027         3.501474982943463         -113.4840927823977        
60590.44733997434         8.3584860233134           -110.4839542855739        
60689.48183002649         13.18399468620471         -107.3987739865951        
60788.52222177666         17.95807885244101         -104.174631325247         
60887.57597249933         22.65826710785157         -100.7514975996238        
60986.64938748116         27.25802557359241         -97.06086252318114        
61085.7489115675          31.72511637352185         -93.02319009939727        
61184.87740571145         36.01927222697874         -88.54599360678388        
61220.5111153191          37.51094593215184         -86.80954540526173        
61255.06882995833         38.92733118533214         -85.05347639195021        
61305.16174184158         40.92190674492605         -82.37174669334453        
61397.09921056638         44.37338045663607         -76.98318890475743        
61495.49294142053         47.70125528617999         -70.45908550543218        
61594.66154768597         50.5750580916055          -63.00585011557433        
61618.59663493233         51.18391908544545         -61.07040741198398        
61640.19906974863         51.70227443274021         -59.27842533363821        
61666.25543710543         52.28635167345053         -57.06105017950072        
61707.62374929618         53.11626160961581         -53.41983022080562        
61797.25590463495         54.46979828466853         -45.08037513181304        
61895.42034936603         55.18927457680189         -35.44947147112676        
61994.60222439375         55.05859198607673         -25.56890663750133        
62093.90456654364         54.07391851053539         -15.95761805338798        
62193.21989425225         52.3020237890952          -6.98478454818241         
62292.53393764375         49.84796624828109         1.138669954316875         
62391.84101064457         46.82941209286327         8.35248527748052          
62491.14015143132         43.35776047413187         14.70223476038837         
62590.42905288516         39.52899989695131         20.28815868799408         
62689.7066915757          35.42148063698001         25.22851491278396         
62749.3931272882          32.84418163729961         27.93692052124826         
62779.28753395099         31.52749286489807         29.22896459769686         
62806.46532231476         30.31694408989975         30.3693923493493          
62883.62240953138         26.81781469972394         33.4470262356185          
62980.02817968372         22.33714533380726         37.00973080377076         
63078.8902085158          17.64532045964883         40.40667171622621         
63151.94220301928         14.13065839609395         42.78911533641229         
63234.5516778063          10.12019772216452         45.38640043589803         
63309.22777365195         6.471586754014665         47.67127995938277         
63405.25802060729         1.76067932116341          50.55815913338723         
63504.03212998062         -3.090988569263349        53.51079392070148         
63603.12504640315         -7.946949888127082        56.50375556327351         
63702.25983106066         -12.77515113979477        59.57864615347267         
63801.40553649981         -17.55413276046533        62.78794585489696         
63900.56205176516         -22.26138930148694        66.19088283923232         
63999.7334174579          -26.87073773906942        69.85510939029264         
64098.92444961006         -31.35048221959335        73.85911218912398         
64198.13838604605         -35.66118674521947        78.2942721823942          
64270.11872793082         -38.65437521959234        81.84035619150197         
64303.8592934492          -40.01127298048164        83.61176494332962         
64335.15870688716         -41.24046785837194        85.32298089426567         
64383.67569755064         -43.08405604113242        88.11384748896113         
64475.38479639916         -46.3322248220102         93.8926291211755          
64573.80924808094         -49.40081091737153        100.9039667009702         
64673.02668322809         -51.95094894064673        108.8740653495057         
64772.34005585779         -53.84038040600318        117.7195656785605         
64871.66756917723         -54.95788954908101        127.2508262115495         
64970.9957699175          -55.22798244352237        137.1291376292035         
65070.32098963391         -54.63099665700687        146.9242896504812         
65169.63879890973         -53.20935126926795        156.2290460621879         
65268.94627109868         -51.05392780322518        164.7605995826801         
65368.23863103054         -48.2795023923933         172.3935721301728         
65467.51465976704         -45.00207900900141        179.1316517639874         
65566.77215988748         -41.32541859254427        -174.9444591976501        
65646.26215444878         -38.15130487500883        -170.7106269834161        
65670.558030135           -37.14682757508898        -169.4966854441592        
65693.02479968173         -36.20513418360802        -168.4048513706989        
65754.74917948013         -33.56001218072944        -165.5462306556901        
65848.77776729409         -29.39004788491918        -161.5414495886058        
65947.34542536316         -24.87267885969447        -157.7168473366823        
66046.40771179693         -20.21694160908293        -154.1752216356127        
66145.5033942475          -15.47280281888041        -150.8624888879859        
66244.58430327941         -10.66709264416093        -147.7168042855084        
66343.64880913636         -5.821220955132018        -144.6817751287386        
66442.70202079788         -0.9541961404561987       -141.7056163094169        
66541.74296135316         3.915751455730744         -138.739308478202         
66640.77871529153         8.770968504108081         -135.7340315230508        
66739.81527892174         13.59304715115584         -132.6393090886626        
66838.85880162707         18.36193405971717         -129.4007652453487        
66937.91542084655         23.05481134457936         -125.9577843696768        
67036.99260862777         27.64478777252667         -122.2409690164441        
67136.09433547826         32.09893581746792         -118.1698321619916        
67235.22504213033         36.37627984403492         -113.6506527898878        
67270.42779451003         37.84297803173229         -111.9185110022551        
67304.5757903019          39.2355965657943          -110.1667837387826        
67339.28740108386         40.61799861622094         -108.308971007079         
67425.48952354118         43.8859990026594          -103.3256774763418        
67523.16294203047         47.24792951858387         -96.96482828543573        
67622.24701659288         50.19552811933012         -89.64808589142488        
67655.10905168485         51.05132443484514         -87.02074821256326        
67677.52767316997         51.59649879494111         -85.17122662616853        
67698.49789675791         52.07666098198846         -83.39995314476724        
67760.513362661           53.31728806949616         -77.93867293685337        
67846.39440018218         54.55257894168049         -69.89384373244448        
67944.12608725252         55.20986767824706         -60.2805488871879         
68043.25880618999         55.02004106254475         -50.41000272011226        
68142.55574044073         53.97920129993543         -40.83232144270226        
68241.87151794322         52.15726558169023         -31.91194274175376        
68341.18634430924         49.66095560267067         -23.84948990663512        
68440.49304892542         46.60806286318952         -16.69650961247648        
68539.79047886096         43.10916380756299         -10.40216418876624        
68639.07724261517         39.25904179232473         -4.863927358315352        
68738.35175757995         35.13491254857493         0.03676671115175015       
68792.13200833183         32.80834216002154         2.466787271452575         
68824.53153901733         31.38004013534377         3.864044655192774         
68867.08275818964         29.47696715082168         5.629983970871129         
68925.38290559314         26.82483330644107         7.93468575140173          
69007.85487924004         22.99814813468884         10.99967739449903         
69105.02200772753         18.39936408825745         14.37242891858673         
69203.9579768898          13.64142483298691         17.60502507055035         
69228.97796037141         12.42890035629651         18.39754219677405         
69256.80166814709         11.07692224151752         19.26921006407941         
69336.83969741687         7.170741415719759         21.73052148075721         
69433.59679273563         2.426235653562407         24.64536641604752         
69532.45555859758         -2.429962394692818        27.6000716757754          
69631.55880550621         -7.289240227908349        30.58628102011411         
69730.69373286562         -12.12282593773588        33.64719769876256         
69829.83639598824         -16.90986604169002        36.83489950265681         
69928.98888071068         -21.62838202373442        40.20774886038809         
70028.15618348541         -26.25285167896134        43.83215958369773         
70127.34292860841         -30.75243462979977        47.78501310212328         
70226.55254846904         -35.0888832912256         52.15586022877198         
70305.04754993599         -38.37221292683849        55.9770335141819          
70333.93860852811         -39.54161644457037        57.4764527695247          
70363.00805958454         -40.69446340153961        59.04026141081635         
70439.69883407699         -43.60765910754012        63.4536811654413          
70536.15994270658         -46.95933021636662        69.66446393881517         
70635.14187131077         -49.94903389648098        76.88847384360099         
70734.42086661234         -52.37991117877706        85.04143415232333         
70833.73936425196         -54.12552622409649        94.04216505939071         
70933.06493129348         -55.08075676023685        103.6730128973381         
71032.39053196739         -55.1797731785589         113.5703670731            
71131.71226020204         -54.41528093166759        123.2986867741064         
71231.02586794412         -52.840865801408          132.4688920844644         
71330.32888085581         -50.55414937760132        140.8289756113567         
71429.61727216607         -47.67169135101637        148.2825432651748         
71528.8881296874          -44.30790395379054        154.8524850624086         
71628.13922519563         -40.56334846616073        160.6289912156212         
71681.93547741976         -38.40433180227387        163.4697522601576         
71705.02224398078         -37.45376603652911        164.6326921821579         
71727.74477839703         -36.50525366979934        165.7464248221863         
71792.57166506723         -33.73487109698564        168.7678175965412         
71887.10105326027         -29.54879806864253        172.8096637716949         
71985.72485949844         -25.03337067911468        176.6484693192811         
72084.79224139592         -20.3807713882626         -179.8005134980629        
72183.88598291203         -15.6391811176002         -176.4810214574305        
72282.96366606373         -10.83530144575294        -173.3306994510699        
72382.02572241426         -5.990533437494464        -170.2928816879171        
72481.07762649888         -1.123919803911414        -167.3156480294582        
72580.12088203104         3.746410471675486         -164.3498541113758        
72679.15970468894         8.602671104868003         -161.3467830131887        
72778.19977048784         13.42647724374295         -158.2560571220685        
72877.24707007874         18.19784142991773         -155.0234713243769        
72976.30855090683         22.89409914732921         -151.5886284462729        
73075.38881400833         27.4883923924856          -147.8825674005525        
73174.49391509872         31.94812778352316         -143.825143045506         
73273.62667646958         36.23257852345567         -139.3231707235837        
73308.71919037309         37.69767083085593         -137.603603708264         
73329.3634400703          38.54521267138267         -136.5578344928238        
73351.4601370669          39.43981327468224         -135.4089613875217        
73414.724071417           41.92246605485333         -131.9391557921253        
73509.07999633346         45.37330166082917         -126.2124321392733        
73607.76983583346         48.58487910352252         -119.4246505907154        
73687.6770109171          50.81785053888688         -113.2793994301524        
73711.05429403251         51.39942057321229         -111.3696264938876        
73733.42629662948         51.92298042789395         -109.4952718976855        
73762.68466677284         52.55669621663237         -106.9766947343856        
73825.86066123331         53.71470026046541         -101.2943495556216        
73920.08162409766         54.85854858070367         -92.3063676015129         
74018.83849388687         55.24447044433832         -82.50602345882353        
74118.09223975288         54.76750743273097         -72.67988000148992        
74217.40449025529         53.45682988793548         -63.28756819524925        
74316.72333459137         51.3977902682981          -54.63785334512451        
74416.03726545582         48.70339614272552         -46.87801349723811        
74515.34451699117         45.49049605989764         -40.01934417845697        
74614.64172941633         41.86503332336434         -33.98894958268342        
74713.92689547502         37.91594592132018         -28.67587463135582        
74813.19732269039         33.71495968517177         -23.96123481551584        
74849.72849492915         32.11711373082112         -22.35414221686964        
74877.96394546749         30.86554088060725         -21.15374297901929        
74903.7704820279          29.70995209792429         -20.08631310184145        
74976.18427276611         26.41399942902985         -17.22830067898707        
75071.96244498482         21.95295573054324         -13.71334851749394        
75170.75226791203         17.25742220440344         -10.3373500160654         
75246.60438521532         13.60327223654279         -7.875965555583172        
75275.03822157159         12.22493095376513         -6.976308796342934        
75302.56790150888         10.88671735755942         -6.115250254117551        
75380.02671680879         7.105642936449191         -3.735295214808119        
75476.4689935022          2.376319263958723         -0.8305660322239091       
75575.29382491484         -2.4782600748991          2.123064288468471         
75674.39570641145         -7.337340909238951        5.109663533451767         
75773.53139097104         -12.1706463508603         8.171547212239664         
75872.67446522601         -16.95718321203881        11.36076286964182         
75971.82714608498         -21.67494970306989        14.73574408282991         
76070.99568068516         -26.29843763009563        18.36304426242413         
76170.18327227561         -30.79667629627589        22.31961552093939         
76269.39336896176         -35.131334007219          26.69514497535765         
76345.25105038192         -38.30505596526322        30.38637086166396         
76386.05616028653         -39.95180748263267        32.51554766665917         
76430.76402009465         -41.7004945470302         34.97617595219513         
76512.89552869275         -44.73867097654679        39.88047670506538         
76610.08559352485         -47.9833093646537         46.40090496679523         
76709.15326679824         -50.80476145013           53.92407358945226         
76808.44344376819         -53.02635650859132        62.36534250017115         
76907.76305724867         -54.52597670958561        71.6016845440123          
77007.08797804546         -55.2084598855088         81.36441398228365         
77106.41136181075         -55.02540622856476        91.25493727684356         
77205.72955330135         -53.99002441460124        100.8396698065567         
77305.03904437646         -52.17270186804568        109.7672341734526         
77404.3363903882          -49.67995957959326        117.8373830351025         
77503.61820358085         -46.62953721527171        124.997916499235          
77602.88223152747         -43.13217245526571        131.2990375464823         
77702.12585750269         -39.282874871113          136.843015429158          
77736.96092114551         -37.86298055332201        138.6317366688596         
77761.72895876225         -36.83444077976891        139.8586039944301         
77784.05559284147         -35.89467264414449        140.9342459945278         
77846.55266477494         -33.20609065974079        143.8036119569131         
77936.06186136603         -29.22710351097818        147.5926319212155         
78034.08978438238         -24.72982187523028        151.3848352199771         
78133.0840148963          -20.0739930850472         154.9159197121313         
78232.16414472554         -15.3281606737036         158.2221704715767         
78331.23591234908         -10.52115755407337        161.3634115788238         
78430.29278679751         -5.674541777026843        164.3956697603564         
78529.33934364701         -0.8072979874612726       167.3705916650485         
78628.38252971414         4.062753047182519         170.3373823210568         
78727.42204387905         8.91758471228172          173.3446639591984         
78826.46423606202         13.73876710859195         176.4430189126785         
78925.51436045906         18.50613214864686         179.68696307787           
79024.58054196322         23.19684615736705         -176.8625711896523        
79123.66623433772         27.78366954102146         -173.1359973402964        
79222.77723775478         32.23354269754431         -169.0523608994542        
79321.91757207038         36.50517350807932         -164.5175015858112        
79356.0405158205          37.9248307952467          -162.8335356239763        
79378.65770134376         38.84953668695394         -161.6787593685999        
79399.33597318595         39.68286014616589         -160.5946427373268        
79461.09207806876         42.09634276745033         -157.1848341446523        
79555.17027899623         45.52157944956126         -151.4422239617898        
79653.83053394035         48.71249283294603         -144.6192435052251        
79733.30918778665         50.91522227794836         -138.4771977536362        
79756.79796886398         51.49380212357752         -136.5499512667118        
79778.8068476133          52.003410981432           -134.698569596011         
79807.0664647501          52.60950411886932         -132.2583703315864        
79868.22352936724         53.7234751590786          -126.7498824985804        
79960.86454109754         54.85006350961833         -117.9135376938543        
80059.43666190142         55.24496296294614         -108.1337200618742        
80158.66977822734         54.77871720473842         -98.30668810863556        
80257.98120300751         53.47799528847208         -88.90685205152964        
80357.2995604598          51.42764029704777         -80.24675572697102        
80456.61481681745         48.74042412308285         -72.4754954918            
80555.92375814449         45.53328172146299         -65.6058911687667         
80655.22233189549         41.91237126471671         -59.5658248641685         
80754.50942348689         37.96682080741996         -54.24453635430047        
80853.78316019196         33.76852072679222         -49.52309003997131        
80898.57406024821         31.80705337778147         -47.5586455256557         
80929.00762078352         30.45383259793386         -46.27556208141517        
80956.48573944345         29.21900997414105         -45.15027020067864        
81037.95022729319         25.49388363562597         -41.97992585480753        
81134.96054399293         20.95372806504752         -38.47725192913354        
81233.89228238957         16.23438726433328         -35.14222963621756        
81301.15528319729         12.98704196298553         -32.9785160073841         
81324.8174172244          11.838806106754           -32.2331620474965         
81352.09358094726         10.51199547820175         -31.38260603430219        
81397.55533898715         8.294050649794244         -29.9826024648336         
81488.17649551202         3.855207688143985         -27.23986934400154        
81586.31627733121         -0.9648599147308186       -24.30470780317979        
81685.33900987823         -5.824717253678452        -21.3334656937478         
81784.46800945094         -10.66817345918127        -18.30048574584279        
81883.61206658883         -15.47157770189998        -15.15689305092704        
81982.76469181292         -20.21337833923103        -11.8464939620301         
82081.93026267691         -24.86928806684943        -8.305560065205674        
82181.11369485268         -29.41027427288832        -4.460618373124058        
82280.31821673503         -33.80054590655293        -0.2261540236529791       
82379.54758697888         -37.99525219418519        4.497052204185321         
82408.50658236304         -39.17453002265736        5.983215632836836         
82442.31577335158         -40.52193688366697        7.786743575244206         
82477.61442675255         -41.89202960027862        9.753316958839646         
82565.24723195471         -45.10872130088387        15.03908203202352         
82663.16093058558         -48.32938791478071        21.70065295300617         
82762.31587330112         -51.09043769128213        29.33364363164057         
82861.61791936029         -53.23561856991524        37.87433820410259         
82960.94029069645         -54.64625848405976        47.18710283790738         
83060.26513699908         -55.23147775834552        56.9860266850634          
83159.58833594341         -54.9494761593872         66.86287715812415         
83258.90465093544         -53.82060358196283        76.38773912631426         
83358.21196313482         -51.92061477764824        85.22452653872054         
83457.50716798939         -49.35848288608896        93.19121653938794         
83556.7873111926          -46.25186086530297        100.2499517364739         
83656.04867998045         -42.71001422114781        106.459101921066          
83755.28961505042         -38.82591506874579        111.924326159537          
83783.24502442265         -37.68061740055989        113.3460925971723         
83810.63943553017         -36.53917820900388        114.6938716589141         
83840.98198871361         -35.2543495578706         116.1371312251649         
83922.68639334943         -31.69917974279615        119.7884935926239         
84019.68969785376         -27.32701014765418        123.7420708072941         
84118.58002943918         -22.7374244519112         127.4305135898805         
84217.66153599601         -18.03718412582092        130.8582883176829         
84316.7427065433          -13.26194603719377        134.0863375313483         
84415.80635335995         -8.435442046198538        137.1740608831671         
84514.85554673709         -3.577762044418859        140.1754828526509         
84613.89705747133         1.292782122008628         143.1409644848725         
84712.93611524161         6.15845623334603          146.1192398729247         
84811.97805156698         11.00130245750553         149.1595994997121         
84911.02494536899         15.80207411839036         152.3139359515265         
85010.08245726116         20.53955938906835         155.6392104991653         
85109.15751080029         25.1892464074826          159.1998096517775         
85208.25460958295         29.72162221069644         163.0699371894227         
85307.37887170399         34.10037551161189         167.3360701158318         
85406.53401589952         38.27986626042455         172.0983582247167         
85440.12463378021         39.64044894217991         173.8434473519895         
85472.52996652387         40.9225958364444          175.597254558186          
85523.54202701245         42.87415692336231         178.5081679374683         
85615.62580919126         46.157630115923           -175.7260540898958        
85714.05266385991         49.25335585624202         -168.7562609224266        
85784.76006266428         51.15585164333579         -163.1999951993662        
85806.96140133077         51.68994329332003         -161.3601063336452        
85831.18878230453         52.23559425242895         -159.3015705755862        
85902.29560530279         53.59715880905851         -152.9706892301387        
85996.39670014149         54.79542144263699         -144.0346717704754        
86095.13996515889         55.24460149494677         -134.2512749422566        
86194.39040845027         54.83127021022211         -124.4087354557706        
86293.70124230627         53.57975796125475         -114.9719147582695        
86393.01790085156         51.57236657068424         -106.2606332009132        
86492.33219884336         48.92087324012372         -98.43336479764316        
86591.63993820548         45.74251236838284         -91.50996553096796        
86690.93939519953         42.14427633335495         -85.42191235718396        
86790.22682154318         38.21647364742254         -80.05993869257404        
86889.50174795464         34.03194909011348         -75.30497096839598        
86988.75814700732         29.64867230438306         -71.04468829066181        
87087.98781711375         25.11265317278748         -67.17950094343998        
87187.19217240578         20.46026233483415         -63.62307716908401        
87286.37390756048         15.72099913761864         -60.30128677096805        
87347.68381911563         12.7583519404406          -58.33655254534256        
87368.79779380979         11.73343944815256         -57.67242532089502        
87389.5846938598          10.72240665243257         -57.0239810614605         
87416.55221882975         9.408113403789788         -56.1898924790849         
87461.14920114633         7.229054545957362         -54.82562807314875        
87551.88654593658         2.780510606077773         -52.09061044304989        
87650.03900936572         -2.040767691765788        -49.15708885087203        
87749.06267198967         -6.897329433607651        -46.17721606137106        
87848.19269530708         -11.7333782119232         -43.12451397591882        
87947.33964137267         -16.52498592538484        -39.9491928888984         
88046.49672807427         -21.24997814729513        -36.5936901333641         
88145.6679611234          -25.88313922875002        -32.99236004734075        
88244.85619550105         -30.39405084985869        -29.06933265790354        
88344.06571540749         -34.74519848988817        -24.73613625188526        
88427.64374949038         -38.25162287994949        -20.69353711667851        
88471.04351503076         -40.00295560123468        -18.42908176753577        
88511.70460225549         -41.59421766666757        -16.19346230328699        
88597.09529466927         -44.75605205242007        -11.10207745417821        
88694.7120787343          -48.01162400423229        -4.547405452197585        
88793.83587660268         -50.82929937284845        2.988223260416005         
88893.13689325936         -53.04448386127379        11.43845437519053         
88992.46223556111         -54.53648500974654        20.68154185236402         
89091.7899041553          -55.21059185243524        30.44738242617228         
89191.11494282261         -55.01901743501504        40.33666694599531         
89290.43333170703         -53.97560741805666        49.91608094115109         
89389.74257729715         -52.15121662584172        58.83565243259481         
89489.03842525324         -49.65260193453594        66.89665404486128         
89588.31879539648         -46.59746384948271        74.0482470793619          
89687.5817684806          -43.09638378117322        80.34136268352876         
89786.82515148539         -39.24416752186374        85.87856165164723         
89819.46615139022         -37.91383293514782        87.55487830066912         
89839.24198426539         -37.09443633877157        88.53880871186215         
89860.78712521121         -36.19091919318414        89.58487075916661         
89920.68668684224         -33.62457576139519        92.36072489918638         
90004.82576413779         -29.90224149405638        95.96768175193689         
90102.17717264313         -25.45637528792437        99.78644569965282         
90201.0962702916          -20.82018803457823        103.3573731403331         
90300.17089289613         -16.08650737735489        106.6953145797756         
90399.24341803417         -11.28769912803486        109.8589699194857         
90498.29877713928         -6.446154077337487        112.9050431201116         
90597.34385887859         -1.580998645477318        115.8858538344738         
90696.38216604944         3.289671149566074         118.8507561963653         
90795.42247010395         8.148305497458821         121.8485625967541         
90894.46756598772         12.97646793347644         124.9293369138863         
90993.51999687497         17.75418344178978         128.1467449188959         
91092.58479756536         22.45898938290811         131.5604586994565         
91191.66853737552         27.06455395340487         135.2386112700683         
91290.776928782           31.53887497375569         139.2602244202072         
91389.91224181373         35.84203134567905         143.7172006040524         
91445.59930743417         38.1653046111739          146.4501702224372         
91472.53177802777         39.26070441556795         147.8389351285339         
91496.82812142419         40.23161875886181         149.1319241894454         
91565.72187084239         42.88612832346214         153.0212167640883         
91660.96360555384         46.27482281676283         159.0000555118487         
91759.76525513688         49.36433695319266         166.0294265737959         
91827.4158141925          51.17533174306112         171.3603454956281         
91858.85010072961         51.92034614139596         173.9809396307037         
91888.15441208426         52.55510937079242         176.5034783062626         
91934.21952287899         53.42899389698214         -179.3842519917471        
92025.23060574895         54.67246282983739         -170.8060573689581        
92123.57070866274         55.23293707676822         -161.0963000450859        
92222.77263079304         54.93659931710928         -151.2340622280948        
92322.07651437493         53.7947928497605          -141.7205668084394        
92421.3923107367          51.88362731164336         -132.8983094451872        
92520.70625165943         49.31245959206797         -124.9476551403803        
92620.01317661488         46.19894860410944         -117.9045754145959        
92719.31214892538         42.65200599756557         -111.7093697611715        
92818.59934109962         38.76433950394106         -106.2561076995824        
92917.87530005677         34.61100319329624         -101.4257511069621        
92991.55079405755         31.39233443172916         -98.17559812129458        
93016.18923068745         30.29414234984394         -97.14365771140403        
93044.58380044671         29.01640388965853         -95.98538195343734        
93077.72813447518         27.5097053621231          -94.67255252419776        
93149.40499750664         24.2015637159286          -91.9630224011709         
93245.06163453916         19.69839918987389         -88.57942947955301        
93343.83644044865         14.96709052397962         -85.30235301341011        
93402.59687094949         12.12302293059694         -83.43197447504532        
93427.44821567321         10.91500229296732         -82.65494782340798        
93451.64228675421         9.736417122433233         -81.9052725264046         
93521.66433170205         6.314028559618123         -79.76631750101886        
93616.91029026406         1.64129701396197          -76.90435899495546        
93715.61935617356         -3.206969340079373        -73.95371847063983        
93814.70466853352         -8.061906291202886        -70.95988573396606        
93913.84081357392         -12.88905776139428        -67.88264853280874        
94012.98997340491         -17.66658150202695        -64.66961957085879        
94112.14835636783         -22.37172381610115        -61.26152555480936        
94211.32065968122         -26.97823190227256        -57.59047848652787        
94310.51222837996         -31.4542903142491         -53.57770218649776        
94409.72593504703         -35.76024921682027        -49.13152419816773        
94471.26266278792         -38.32359579228551        -46.11092668313111        
94507.06733178813         -39.77043264078444        -44.24756605983468        
94557.29610782582         -41.73750029965709        -41.48937551620606        
94623.14818067243         -44.19056909063016        -37.59448887228054        
94713.39348207694         -47.27741952902841        -31.68647067202528        
94811.65588160511         -50.1965110369492         -24.43043712609016        
94910.86131816264         -52.56769287682241        -16.20252497080501        
95010.17805371666         -54.24530959577481        -7.134217474427163        
95109.50821990846         -55.12478823115346        2.537343803473667         
95208.83789230138         -55.14482447275255        12.43726289441193         
95308.16027778201         -54.30389073732424        22.12897246958236         
95407.47343667317         -52.6604924627209         31.23331697073115         
95506.7735964898          -50.31503575224176        39.51265453785896         
95606.05785290245         -47.38459748142059        46.88352808991249         
95705.32353480812         -43.98265456471267        53.37702382633228         
95804.56940566655         -40.20818765816886        59.08716179334159         
95867.79145229375         -37.6470898684013         62.37024527832787         
95891.54967122013         -36.65775412970727        63.54053121901851         
95914.04000858311         -35.7088824082085         64.61868110660419         
95977.9813972651          -32.95147727920515        67.53782635105971         
96072.38311754772         -28.74194248869346        71.50088321691119         
96170.98519412102         -24.20404180890544        75.27841486433093         
96270.04019615706         -19.53414183530227        78.78235632093349         
96369.12326740567         -14.77988700882948        82.06700119296072         
96468.19040916162         -9.967363294917474        85.19316614988608         
96567.24264705554         -5.117481500265746        88.21647530005679         
96666.28455572063         -0.2490609582525785       91.18817700158148         
96765.32288709423         4.62012626126978          94.15732199754179         
96864.36447169399         9.472359047088625         97.17284618896556         
96963.41303077061         14.28892275704438         100.285613681682          
97062.47083152412         19.04922677321468         103.5506744770851         
97161.54231248656         23.72984219061076         107.0297365942222         
97260.63371828059         28.3030631482835          110.793667363122          
97359.74919731962         32.734923519087           114.9248096524295         
97458.89350842917         36.98304725128219         119.5189503604342         
97499.86865645042         38.67256547198679         121.5776467111768         
97523.58376431512         39.63013118494509         122.8168396541679         
97545.25747967418         40.49129413495998         123.9816670967073         
97609.48020704091         42.95710873717682         127.6268058445449         
97703.82029204629         46.3083038852503          133.5603119297767         
97802.52391202375         49.38999939448953         140.5913434495219         
97875.60297022574         51.3302049198731          146.3746013929264         
97902.85354473162         51.96847968067771         148.6569227941452         
97927.74584458675         52.50776747181989         150.7995919419226         
97968.30575836357         53.29212515010063         154.4038527904966         
98057.75280701928         54.57540962425297         162.7847550924426         
98155.89619001839         55.21488028543875         172.4463800991081         
98255.0769146299          55.00174783918779         -177.6811700058072        
98354.37929324107         53.93861636174451         -168.1169312914955        
98453.69569970062         52.09696462563382         -159.2180206093209        
98553.01099660574         49.58411757513642         -151.1802424058438        
98652.31982823461         46.5178215558084          -144.0515460982672        
98751.62018921692         43.00831732626018         -137.7791601447611        
98850.90924091637         39.14996961957202         -132.2598180268688        
98950.18693901366         35.01947627976637         -127.3747653264175        
99049.45016764104         30.67790470680684         -123.0092573174223        
99078.4014832112          29.37895244137601         -121.8185832294219        
99107.37556476379         28.06612948432339         -120.6599774934393        
99188.01021842519         24.35270065074546         -117.5910066979338        
99284.93590252474         19.79250564093029         -114.1558790941135        
99383.84868137073         15.05615786134497         -110.8705856792491        
99444.78401049273         12.10721009733147         -108.9302923898549        
99472.26587272016         10.77117771651862         -108.0715655406446        
99497.62793937698         9.535393405404886         -107.2866658718959        
99569.96846903348         5.998707860614918         -105.0799759605041        
99665.57763222372         1.30745766966193          -102.209583371042         
99764.29810768459         -3.540926900625601        -99.25800015810402        
99863.38291807333         -8.394162082943335        -96.26022934262619        
99962.51709483331         -13.21823433549196        -93.17557108358801        
100061.6638941108         -17.99121839827815        -89.95128724105743        
100160.8215066721         -22.69023708867219        -86.52755420525651        
100259.9940378685         -27.28868588912292        -82.83584050606446        
100359.186276386          -31.75427024214273        -78.79656479446926        
100458.3989721956         -36.04663394325566        -74.31722097221792        
100512.2194629977         -38.28477586257407        -71.66648041780957        
100545.1653788332         -39.61818746901008        -69.95691900839572        
100577.7886129799         -40.90822045006143        -68.19388927085636        
100666.433298192          -44.23998675614464        -63.01654858786795        
100764.4661016762         -47.57025815133878        -56.5541065592522         
100863.6359350523         -50.46504225608136        -49.1433485574703         
100962.9475719994         -52.77286355689843        -40.81609495443883        
101062.278136122          -54.37289916716858        -31.67164104579564        
101161.6117541911         -55.16600201690471        -21.95738605460875        
101260.9427954536         -55.09656244873562        -12.0588175528092         
101360.266316263          -54.16957695594843        -2.411945811038875        
101459.5787849044         -52.44894858897801        6.61573409664934          
101558.8775877957         -50.03794331097406        14.80316440902661         
101658.1609103596         -47.05401257330803        22.08105832256946         
101757.4248738703         -43.60952147849215        28.48914760104274         
101856.6678740317         -39.80170813505072        34.12534200189396         
101905.6131690508         -37.81465633152697        36.6571998979893          
101927.267641027          -36.91564462603365        37.73040114407024         
101948.6093226937         -36.01857479604034        38.76159988713618         
102006.7838251591         -33.52216751008952        41.44790922911669         
102099.8663773178         -29.39330127934209        45.41106036005321         
102198.3272594749         -24.8807527397731         49.23232638287558         
102297.3693281296         -20.22587153028837        52.77410762107427         
102396.4540536515         -15.48208448104079        56.08725020495542         
102495.5238071037         -10.67666960677122        59.23325061461495         
102594.5761936717         -5.831081457281422        62.26848012852302         
102693.6188098742         -0.9642124197630458       65.24479814866362         
102792.656731687          3.905999724816279         68.21140139483029         
102891.6980412556         8.761940697020748         71.21714878392108         
102990.7458981383         13.5850467313314          74.31245754265356         
103089.8021474015         18.35503580250099         77.55160121123077         
103188.8716245652         23.04900944588887         80.99518092671535         
103287.9611818353         27.64002979178544         84.71259796393066         
103387.0738970465         32.09511225864829         88.78432567852266         
103486.2140333396         36.37325962016654         93.30408942892346         
103546.3550629327         38.86027716380999         96.30840408345715         
103568.1915744441         39.73976165078779         97.45462110239043         
103588.1496825954         40.53165779833699         98.52977299135978         
103648.6832250841         42.85752278818367         101.9618150065768         
103742.522284342          46.20172566269576         107.8414950804348         
103841.1581822089         49.29689536404793         114.8392261404929         
103914.5467988681         51.25872595718201         120.6259994222904         
103937.9621007247         51.814614302831           122.5768308572547         
103960.395682021          52.31291847379931         124.4920528578975         
103984.886604175          52.8170010813709          126.6329881137858         
104038.6056574993         53.76854737257599         131.500455890948          
104120.9768814035         54.78498110172315         139.3488941029641         
104218.203460006          55.24183845940972         148.9781958922715         
104317.2786119278         54.85146954987919         158.8081771937067         
104416.5715759853         53.62180987109828         168.2585292931387         
104515.8890143619         51.63347028604048         176.9916558185455         
104615.2046045288         48.99791514131971         -175.1568727227169        
104714.5145950606         45.83245289969547         -168.2099950921926        
104813.815313112          42.2445285810422          -162.1010228142453        
104913.1047375966         38.32486266634146         -156.721205995658         
105012.3812044971         34.14678540156801         -151.9515446992755        
105096.5102049639         30.4469673168194          -148.30263689328          
105140.7592850737         28.45294730639318         -146.5054236854418        
105186.6213549511         26.35630812544579         -144.7199816936914        
105271.1499710334         22.42376218259831         -141.6075772506895        
105368.5425226344         17.80424448745976         -138.2557656468533        
105467.5047564902         13.03779664294797         -135.0439035113969        
105501.8272521906         11.37178608014606         -133.9646796756724        
105524.5507198269         10.26586938378179         -133.2580681443148        
105545.2034178539         9.258953536057511         -132.6206673131309        
105605.2115611732         6.325316110301544         -130.7902119719657        
105698.8474984188         1.732065292470086         -127.9764460843072        
105797.3476440297         -3.105611868365583        -125.0323558446244        
105896.4075667667         -7.959362044061392        -122.0406157377628        
105995.5390252755         -12.78676352403319        -118.9659441634017        
106094.6880072006         -17.56522495169126        -115.7565369376568        
106193.8473859336         -22.27190064992946        -112.3533729936417        
106293.0203612661         -26.88056933075078        -108.6888219730424        
106392.2114525107         -31.35952321683938        -104.6844063118477        
106491.424066911          -35.66933504648085        -100.2487423499543        
106553.7915161694         -38.26970850160021        -97.19362876057346        
106588.2180868182         -39.66266247733218        -95.40642713903453        
106619.5253350306         -40.90022351141925        -93.71358809213142        
106669.3894916796         -42.80809429703331        -90.8748424996148         
106761.2439720193         -46.08757607332556        -85.1420622874777         
106859.6831584582         -49.19147592329517        -78.1943754316498         
106958.9079537545         -51.78530345935671        -70.29039360939721        
107058.228679304          -53.72697562994135        -61.5036857236672         
107157.5616096379         -54.90378132665042        -52.01246271505283        
107256.8946374115         -55.23694890101002        -42.14527213377742        
107356.2213699566         -54.70232197687201        -32.32944638801715        
107455.5393627961         -53.33807101608531        -22.97770237144844        
107554.8453696189         -51.23234483274764        -14.38394334922229        
107654.135951749          -48.49899719955872        -6.684461544877583        
107753.4090016619         -45.25452970263215        0.116675698489324         
107852.6615138166         -41.60388141076173        6.096190183974297         
107951.8919301219         -37.63482971163098        11.36632773797731         
108009.3273272621         -35.21995867594631        14.139988942083           
108072.5002099411         -32.48136690082489        16.98904579030368         
108166.7620455846         -28.26130795350079        20.9043504660458          
108265.3474137769         -23.71067643068246        24.64691516645716         
108364.399954048          -19.03060594367369        28.12440597584861         
108463.4823099012         -14.26882290469084        31.38967698199648         
108562.5484870048         -9.451130593104917        34.50264683905992         
108661.5985252778         -4.598240924038853        37.5183283532384          
108760.6399272569         0.27130796926509          40.48771780307092         
108859.6793207224         5.139778884391838         43.4597510048988          
108958.7229710422         9.98937010200318          46.48346516522314         
109057.7707031392         14.80102815492613         49.6099500396266          
109156.8271787139         19.55402242173492         52.89491299051874         
109255.8999383356         24.2246771596098          56.4010186891811          
109354.9939237651         28.78465444574536         60.20022119382984         
109454.1129653226         33.19918511697235         64.37622342561721         
109553.2612821436         37.42480772395688         69.02628350398948         
109594.1260030959         39.09867083447201         71.10578597426996         
109618.3642036398         40.07006699420505         72.38927952801576         
109640.2663611691         40.93308365772864         73.58293503125671         
109704.2919640895         43.36777074968585         77.26909091991989         
109798.6247021472         46.67687705078651         83.28793650267743         
109897.3314005882         49.70382300007094         90.41805095361764         
109977.790469618          51.767588431547           96.89490880261388         
110006.1410086113         52.3955628778086          99.31750547666427         
110032.5952879619         52.93095491677204         101.6409678956624         
110106.5190914436         54.1499829303436          108.4271709030898         
110202.5147608481         55.07159061717033         117.7386021286696         
110301.4435389661         55.18433843554393         127.5957975042408         
110400.7192907855         54.43598658778445         137.325407813845          
110500.0361941871         52.87644504152526         146.5069423830366         
110599.3556061876         50.60278377341521         154.8819814112549         
110698.6700739129         47.73144732213822         162.3512226180131         
110797.9775046115         44.37695205115833         168.9358892976377         
110897.2741710604         40.64016751115662         174.7252251948134         
110996.5593474917         36.60435032035448         179.8352233152476         
111095.8318567718         32.33609974026289         -175.6164019445153        
111152.5156272808         29.81515932719794         -173.2289436056504        
111182.2482844815         28.47216085177596         -172.0294618835238        
111212.0152407442         27.11476100036526         -170.8617813434684        
111294.3265411654         23.30232358675642         -167.7867525976819        
111391.4418059983         18.71246328879284         -164.4008635912403        
111490.3769230354         13.95959850639045         -161.1572028746247        
111547.3392005078         11.19693552964489         -159.360125065659         
111572.5739142043         9.968310777768874         -158.5768263187621        
111597.3485827446         8.759705393454498         -157.814247546487         
111671.5985949151         5.12638256315965          -155.5589218070515        
111767.5815569353         0.414964553634358         -152.6831701235218        
111866.3610424614         -4.435033822311094        -149.7272391152028        
111965.4559871997         -9.284165221607775        -146.7175559294939        
112064.5953942672         -14.10035904470791        -143.6115745148774        
112163.7493474991         -18.86162388696644        -140.355413047922         
112262.9155492061         -23.5444311197866         -136.8878756357572        
112362.0969219483         -28.12120903671396        -133.1386190843156        
112461.2966183689         -32.55831932830691        -129.0258472787342        
112560.5185294524         -36.81382154400707        -124.4543700303913        
112598.5576612875         -38.38609394071518        -122.5579693552742        
112627.8070732718         -39.56941887917014        -121.0391575169937        
112654.4619506341         -40.62676924913522        -119.6063397707997        
112731.2491765246         -43.54751891172133        -115.197316761922         
112827.7194253053         -46.90555804737239        -108.9997161354409        
112926.7054416589         -49.90336996892636        -101.7908418415525        
113025.9968454251         -52.34455229439975        -93.65233242984768        
113125.3269289504         -54.10229973303814        -84.66377950468177        
113224.6620067279         -55.07104490905982        -75.04035117533599        
113323.9945608191         -55.18415349920711        -65.14374816951909        
113423.3193904627         -54.43335125095751        -55.4093988121341         
113522.6341835107         -52.87135272800172        -46.2278114014459         
113621.9362456002         -50.59527809474055        -37.85355650219767        
113721.2212419254         -47.72159095219673        -30.3853571391329         
113820.4881666577         -44.36479967615259        -23.80169786342268        
113919.7336848476         -40.62576774706486        -18.01319881015488        
113984.7738765995         -38.00827587585719        -14.59496274460475        
114013.8929065084         -36.8000078117299         -13.15005848488562        
114040.8052929095         -35.66524718811409        -11.85801426361374        
114084.1867171694         -33.80250928135121        -9.857170535162012        
114174.5218921686         -29.80760291472616        -5.979709507602158        
114272.6444098866         -25.32283641526127        -2.138963068845392        
114371.6568342643         -20.67886210839734        1.427713661901791         
114470.7455654978         -15.94181899572979        4.760396734631843         
114569.8213196592         -11.14083561783256        7.920203379105484         
114668.8792297966         -6.29775044505605         10.96402147538839         
114767.924896488          -1.431715267859684        13.94402778585028         
114866.9641334214         3.439298450531936         16.90960495377702         
114966.00526697           8.297704739933122         19.90957353951126         
115065.0491099688         13.12492983714602         22.99402110657009         
115164.0995754045         17.90099698016978         26.21680435661462         
115263.162378897          22.60337115341634         29.63784050035759         
115362.2446643421         27.20559580017821         33.32558612464685         
115461.3500140607         31.67536275429615         37.35935301976264         
115560.4832497425         35.97258548462093         41.83156649072569         
115634.4371212064         39.03543743269327         45.51512994912539         
115655.4701062851         39.88030801588089         46.62451145823623         
115678.683046787          40.79786899170796         47.88308470788644         
115745.5345493741         43.34462269655619         51.72196424239856         
115840.479860804          46.67660781928243         57.77735306106099         
115939.2493238789         49.70559774648705         64.91212350882141         
116012.3371227295         51.59716935709798         70.77119559809033         
116040.1714790845         52.228059591334           73.13093934609519         
116072.145440639          52.88672798194643         75.92532397880964         
116122.0040322281         53.76421541353421         80.44938269605679         
116213.691273483          54.86296872303961         89.20665666549822         
116312.1182447649         55.24333398819373         98.97535929093605         
116411.3363497308         54.76383193444688         108.7970755788027         
116510.6464710203         53.45085636270672         118.1870925662568         
116609.9648234434         51.38987792066693         126.8339438327948         
116709.2811572948         48.69388966265215         134.590908530889          
116808.5906505701         45.47979479775842         141.4467722003597         
116907.8904690337         41.85348064346518         147.4746557872319         
117007.1780009894         37.90385595508702         152.7855444553091         
117106.4529814641         33.70249321260599         157.4984338620248         
117205.7059688726         29.3064727322075          161.7246559383714         
117239.0948376968         27.79179841783741         163.0548763583667         
117272.6419157814         26.25429456132352         164.350838924154          
117326.0834978311         23.77594184022092         166.3394027289499         
117404.0157370619         20.10694373688798         169.0944406456548         
117500.5040612072         15.49234929030895         172.3136243073475         
117599.3526229402         10.70410930366415         175.4482353263323         
117637.8057163325         8.82937344892766          176.6350435604479         
117672.7468159748         7.121505867468199         177.7016608628538         
117728.4433756722         4.392677270209118         179.3843223944461         
117810.9552731621         0.3416157714289418        -178.145786513321         
117908.083789784          -4.427395294223518        -175.2392803574998        
118006.9875573507         -9.26734313540905         -172.2356768876613        
118106.103063107          -14.0826467241111         -169.1309743918015        
118205.2557983436         -18.84421484594039        -165.8756106512159        
118304.4226660975         -23.52751459743972        -162.4090478660046        
118403.6059640581         -28.10495920957868        -158.6609866826592        
118502.808623272          -32.54292021925083        -154.5496649359574        
118602.0333902794         -36.79943531653104        -149.9799699698322        
118640.3950919048         -38.38528263684719        -148.0679532218348        
118672.2450458212         -39.67274977952732        -146.4115221492925        
118701.8044943456         -40.8418610785392         -144.8145512492361        
118783.5768804071         -43.93023732398358        -140.0707917600347        
118880.7391130249         -47.26868963572291        -133.7404894825535        
118979.8190174857         -50.21149830069919        -126.4230946973218        
119079.1214489029         -52.58144477988388        -118.1819321348446        
119178.4539709333         -54.25469876034254        -109.1072282371684        
119277.7892586775         -55.12892758109322        -99.43193625848765        
119377.1216100315         -55.14334993757029        -89.5311018224174         
119476.4470739756         -54.2968509350501         -79.84116387806834        
119575.7609900669         -52.64832603298452        -70.74093075331436        
119675.0604017987         -50.29841235875527        -62.46695660183484        
119774.3428766378         -47.36424648293085        -55.10173510824002        
119873.6057764851         -43.95926255620274        -48.61356939524938        
119972.8476202581         -40.18236021697941        -42.90815201571899        
120033.7666593608         -37.71505737251647        -39.74267488455924        
120062.1481935843         -36.53262348984517        -38.34565765382565        
120088.89227818           -35.40105060043576        -37.0710718681636         
120168.4643096756         -31.94535908836157        -33.49728171651437        
120265.1952820597         -27.59366164856302        -29.53241858113404        
120364.0619502752         -23.01163322254093        -25.82639405349482        
120463.1474241964         -18.31590565540576        -22.38432064748692        
120562.2333510546         -13.54364523698348        -19.14575396806291        
120661.3011582289         -8.718859141046703        -16.05089111122273        
120760.3547439328         -3.861735106598882        -13.04537094303877        
120859.3983845087         1.009214083396569         -10.07872996583543        
120958.4396349848         5.876343286504897         -7.102113896540336        
121057.4834990432         10.72170446430455         -4.066316261258907        
121156.5309473081         15.5260772397499          -0.9196807666522147       
121255.5869187112         20.26835995169338         2.394388419380431         
121354.6578439535         24.92424276538301         5.939766909549525         
121453.7488810485         29.46456956063453         9.790036096116587         
121552.8655937989         33.85350195384865         14.03091918734764         
121652.0109390258         38.04597857825645         18.7617097816197          
121687.8572656657         39.50250454119607         20.61374588620327         
121708.2056638319         40.31337413489704         21.70207795287617         
121729.4380537583         41.14634321518577         22.86766748089863         
121790.6466831104         43.46583525490981         26.4098090419858          
121884.6228864393         46.7533171822253          32.42503926729855         
121983.2768986467         49.76759194036089         39.57166760102416         
122056.3559901668         51.64925657529212         45.44485682117011         
122078.9956339519         52.16309614244231         47.36341346934707         
122100.7915571448         52.62460310924851         49.25316632168131         
122162.6834406867         53.74689101942282         54.8335604825975          
122256.818128936          54.87440847512595         63.82457691914243         
122355.5411051377         55.2435320606975          73.62560731665218         
122454.7936314368         54.75001244563881         83.44704771549048         
122554.1082544369         53.4239537939858          92.82765867890765         
122653.4297120408         51.35152446388181         101.4612041500698         
122752.7469737688         48.64602381254            109.2034405751995         
122852.0564098377         45.42427463037814         116.0451029174663         
122951.3555512531         41.79191815397977         122.0603253642115         
123050.6427478278         37.83754037433577         127.3604909900021         
123149.9166008318         33.63249401048681         132.0645177407143         
123249.1653320147         29.23375052000961         136.2834764036813         
123300.9569607326         26.87625537503215         138.3263528060634         
123350.323052227          24.59609512096062         140.1875064388331         
123441.3393242285         20.32126548334238         143.4322470011014         
123539.5552978618         15.62664568563086         146.716357242795          
123638.6004993576         10.83014545904849         149.8609610327734         
123663.1091178046         9.636108312645415         150.6197841235435         
123686.0534056323         8.5162635079417           151.3247036731665         
123752.47961852           5.265388497547993         153.3416632153638         
123847.2443359788         0.6138777748022197        156.181738246179          
123945.8751390106         -4.229346342063128        159.1323573485523         
124044.9479146628         -9.078697625271406        162.1384137800732         
124144.0800015            -13.896673572178          165.2389909538145         
124243.2310306001         -18.66086346710155        168.4874438236854         
124342.3988972674         -23.34788813711296        171.9446751653014         
124441.581965459          -27.93016697737014        175.680463190591          
124540.7849411946         -32.37442442577348        179.7761578656159         
124640.0105018634         -36.63905779331182        -175.6736510183715        
124678.4734165412         -38.23275581673378        -173.765201118819         
124707.0051567745         -39.39031551297735        -172.2911193504804        
124733.3030593581         -40.43713917044317        -170.8856752902545        
124807.3054720997         -43.26750101440326        -166.6703670125112        
124903.3723004046         -46.64243193879699        -160.5609697437569        
125002.3145255051         -49.67989806003989        -153.4275493019466        
125101.6004044446         -52.17159428859879        -145.3623988719676        
125200.9288723581         -53.98931836796565        -136.4365394908121        
125300.2632633434         -55.025411668834          -126.8523208394631        
125399.5958831278         -55.20920230822994        -116.9612697233366        
125498.9228372695         -54.52726712098496        -107.197039956089         
125598.2394115767         -53.02778983194891        -97.95832279866886        
125697.5422000629         -50.80525745393513        -89.51256810466188        
125796.8279705616         -47.97548119222954        -81.97019580812933        
125896.0949229542         -44.65374115454424        -75.31749037311167        
125995.3404464875         -40.94223499113703        -69.46872828068273        
126068.3942546253         -38.01063211816547        -65.60971153579874        
126091.7080190498         -37.0448883490392         -64.44885228550049        
126112.8434433485         -36.15796511358189        -63.42379937813076        
126138.6407561484         -35.06155187770977        -62.20622870656643        
126180.0427588751         -33.27237691924542        -60.32467567261115        
126269.7401346406         -29.28682192525722        -56.52180948633807        
126367.7808568231         -24.79019911060771        -52.72428620636109        
126466.7807196616         -20.1348854656938         -49.18920918629956        
126565.8643460018         -15.38927750719144        -45.87995681208465        
126664.936926146          -10.58230254380227        -42.73658504403492        
126763.9929783298         -5.735515655245674        -39.70293367651672        
126863.0372686079         -0.867923067437443        -36.72728777359966        
126962.0776254684         4.002680150503886         -33.76038541205897        
127061.1201800639         8.858575595831981         -30.75340477678183        
127160.1683691842         13.68118854243685         -27.65585933568752        
127259.2231144197         18.45014976958341         -24.41340360092299        
127358.2909737714         23.1425783610056          -20.96523255578753        
127457.3761968641         27.73132103896707         -17.24184554487368        
127556.4838276128         32.18335749133263         -13.16246680224915        
127655.6183636421         36.4575247697559          -8.633097554379084        
127732.1368127014         39.60174259437188         -4.762870687986489        
127759.8425481236         40.70078005903927         -3.269582926411751        
127785.0293152384         41.67964809578896         -1.866113698254085        
127826.3391303364         43.23997092298242         0.5358269876490042        
127915.8729373477         46.40255397315669         6.204604363135214         
128013.9824179583         49.45394479152441         13.21523363900949         
128113.1276541157         51.99271269561148         21.20020545986523         
128135.4834732483         52.47754484781557         23.12405452759247         
128156.0734462459         52.893027226893           24.93409496314969         
128213.2581076585         53.88222795596119         30.14001502792215         
128306.5696947975         54.93553676749841         39.09632799506161         
128405.1931565395         55.23592579550721         48.90094370852402         
128504.4347139657         54.67473337994758         58.70010787021805         
128603.748675005          53.2861959389564          68.03055604772864         
128703.0705723446         51.15955871804747         76.5970109640092          
128802.3887336603         48.40916104739919         84.26721334098511         
128901.6995165963         45.15134325497349         91.0403842693247          
129000.9997820249         41.49054128615678         96.99502403262132         
129100.2873309539         37.51396615256001         102.243944611494          
129199.561513681          33.29166938743793         106.9059133942031         
129298.8095282111         28.87962751446259         111.091054812651          
129338.9960913802         27.04916381000064         112.6730511083672         
129375.7307744469         25.35701521209649         114.0699842799107         
129432.6562112547         22.70322349279338         116.1519060362881         
129515.2124217711         18.79684605302291         119.0184404089388         
129612.370547466          14.13082939774111         122.2083916318304         
129685.2702026605         10.5935841652593          124.504338062686          
129707.1694414015         9.526365607183697         125.1815587858345         
129729.2050484684         8.450732099343677         125.8582070746892         
129758.8136345381         7.003011257289954         126.7608308532105         
129825.3460534732         3.742169901191227         128.7681504843331         
129919.9987128493         -0.9062292897938437       131.5984845975587         
130018.6386157991         -5.746978562939082        134.5574189024453         
130117.7130494965         -10.58777851051765        137.5870304869972         
130216.8465668103         -15.39104190453519        140.7276608415069         
130316.0007064347         -20.13369192651626        144.0344601225464         
130415.1762277703         -24.79132088633222        147.5709446999597         
130514.3681437941         -29.33451906474872        151.4100802327114         
130613.5800849181         -33.72764988037225        155.6371732806684         
130712.8142950824         -37.92598082597626        160.3511287778783         
130744.1734811291         -39.20328766353353        161.9594440735541         
130782.2731980938         -40.71838490696226        163.9990386748459         
130840.8242820762         -42.95920664292805        167.3313092455984         
130924.0117514273         -45.93095794148835        172.5206384591739         
131021.3762941654         -49.02576893165383        179.3474716040191         
131120.4807024915         -51.65102389584321        -172.8106162189883        
131219.7887920076         -53.63431378601152        -164.0727533510241        
131319.1216695355         -54.85880888589202        -154.6146122844747        
131418.4556921362         -55.24285566808337        -144.7574260372131        
131517.7844240796         -54.75865816833931        -134.9256352774046        
131617.1051508863         -53.44088527544548        -125.536282073475         
131716.4134041639         -51.37541787586328        -116.8922574188036        
131815.7056666561         -48.67535021839551        -109.1388649461101        
131914.9781407323         -45.45761399841189        -102.2866299059939        
132014.2306365422         -41.82798964713447        -96.26191993287985        
132113.4603380808         -37.87535070130373        -90.95364848341839        
132138.4520266671         -36.83759691704363        -89.715312931296          
132161.8198895711         -35.85371823939824        -88.58998263041666        
132230.2689094562         -32.90344644668758        -85.46062440114341        
132325.3996708081         -28.65878833906255        -81.47258130405673        
132424.0920022479         -24.11401318584672        -77.69759359537078        
132523.1609494658         -19.44125626983766        -74.19790535900911        
132622.2479258431         -14.68511590164575        -70.9166288099006         
132721.3160765707         -9.871290380017735        -67.79280798761441        
132820.3673592419         -5.020609001979791        -64.77088071101652        
132919.4081574096         -0.151781967318565        -61.79960090524612        
133018.4446493746         4.717395331611408         -58.82995429152527        
133117.48526335           9.569269527444149         -55.81293526223665        
133216.5342719061         14.38512408469052         -52.69759569425945        
133315.592623665          19.14425546249927         -49.42881344198256        
133414.6636614343         23.82311111785341         -45.9447598184636         
133513.7545045931         28.39392544749016         -42.17433217466654        
133612.8683956806         32.82255119543919         -38.03497585927035        
133712.0090880082         37.06638502347725         -33.4306929014968         
133773.0937273242         39.56575383828473         -30.31608163397117        
133801.9090253511         40.70901121367315         -28.7636157895376         
133829.0280164452         41.76188424688085         -27.25017801282124        
133902.5250896928         44.48994828789184         -22.87369148514031        
133998.4347569989         47.72596225003455         -16.49776359959885        
134097.3133851425         50.58837033990712         -9.060413128700016        
134196.553735889          52.86506286940048         -0.6935670377466295       
134286.4979658276         54.31537116707003         7.591311738242395         
134384.7314911662         55.14399395013686         17.17942078446905         
134483.9247081662         55.12593375116557         27.0665031362075          
134583.2318500034         54.24909842919566         36.73774181273404         
134682.5522533734         52.57359648692878         45.80915086413884         
134781.8718580529         50.20109794779487         54.04906250182508         
134881.1869352474         47.2488653934879          61.37997187264156         
134980.4931624094         43.82993017071574         67.83661989444738         
135079.7884405009         40.04253836846127         73.51469725354278         
135179.071894451          35.96728406374661         78.53167279554437         
135278.3408113522         31.66851212446158         83.00419969339602         
135356.990905269          28.13737089871949         86.23211577714758         
135382.6640174375         26.96472942781957         87.23429798048257         
135410.0135264802         25.70590615593098         88.27691297972061         
135441.2326166639         24.25775649181496         89.43768214329077         
135509.8457286484         21.03768337845127         91.8903880789658          
135604.982119496          16.50262918495635         95.10448665641229         
135703.7045044592         11.73176005430438         98.26570032806593         
135744.7637303034         9.733182757886787         99.54176605168297         
135768.1899812305         8.589983223247124         100.2619333773737         
135789.8778630537         7.530007742754098         100.9243035158025         
135851.4222168596         4.515425284703387         102.7858760802084         
135945.1328327763         -0.08558808705397326      105.5909295269079         
136043.6618858948         -4.922582726478302        108.5417920403746         
136142.7216684446         -9.767465775281826        111.5577691461967         
136241.8525030254         -14.57875728523563        114.6760995132949         
136341.0051989718         -19.33327643016671        117.9506396865836         
136440.1784028159         -24.00715888563285        121.4434425696629         
136539.3718612147         -28.57213469175577        125.2258376142916         
136638.5833041393         -32.9935690746833         129.3807239863842         
136737.8160879132         -37.22850438186836        134.0046771246242         
136773.9695008728         -38.71459552955809        135.8267684869205         
136808.5836123093         -40.10463375824686        137.648276763042          
136862.2115199803         -42.18790396408863        140.6311198484599         
136954.8077996937         -45.55077406995168        146.2911404950844         
137053.3411436132         -48.7316061364838         153.1079283241473         
137152.5801676093         -51.41780914566579        160.8700239983908         
137251.9052285934         -53.47002867117114        169.5271419253152         
137351.2431377778         -54.77315955925927        178.9264935993676         
137450.5808762857         -55.24174533372192        -171.2379829427116        
137549.912893516          -54.84208383242229        -161.3846807224765        
137649.2371033179         -53.60292273954425        -151.9366059557579        
137748.5494151129         -51.60606977638127        -143.210927381897         
137847.8447607835         -48.96311204334219        -135.368305068006         
137947.1222504857         -45.79132873057669        -128.4301480098823        
138046.3794909767         -42.1980193320684         -122.3289646870722        
138145.6136895111         -38.27379476930399        -116.9557717928983        
138173.6939894501         -37.11361880807772        -115.550730476432         
138194.5478959009         -36.23950580073137        -114.5371701339831        
138215.1566612301         -35.36579761160638        -113.5593980149699        
138275.0993317226         -32.77333891163844        -110.8411040394855        
138365.1850993163         -28.75324238999698        -107.0665447341139        
138463.2812960772         -24.23922747216342        -103.306470864413         
138562.2848185594         -19.57247704650251        -99.80207473364247        
138661.3649955369         -14.81889349379269        -96.51573944500042        
138760.4327816516         -10.00669007036889        -93.3882621581555         
138859.4830713817         -5.157099738745627        -90.36416863264665        
138958.521515911          -0.2889066215281356       -87.39214609080761        
139057.5542545645         4.580080347710408         -84.42315519866197        
139156.5900559654         9.432238285214691         -81.40821696136308        
139255.6359480252         14.24902470023578         -78.29639595297185        
139354.6909984667         19.00971208763881         -75.03278849075352        
139453.7594773457         23.69089579039507         -71.55576482152836        
139552.8469255194         28.26488563254755         -67.79458284571371        
139651.9581150147         32.69781299358839         -63.66700200142623        
139751.0965253692         36.94734060780738         -59.07743842461871        
139819.6215173579         39.74921971936661         -55.57931457333644        
139850.5741026253         40.97199904088512         -53.89977375508179        
139879.1900970158         42.07610419944131         -52.28749398530417        
139925.558646745          43.80642986946476         -49.54605706728331        
140016.5804206277         46.96077015460243         -43.6604864894896         
140114.8783202399         49.93231927161386         -36.48428866132109        
140188.8338126591         51.80667513681371         -30.49692525819323        
140212.0869624079         52.32301070265277         -28.51158752614781        
140235.2378844749         52.79977424124659         -26.48815763069604        
140260.0355905714         53.26750805601721         -24.27111112383063        
140315.0612451369         54.13838236858615         -19.18343830250337        
140400.4452679656         55.00210499163943         -10.924148639087          
140498.1129381456         55.21670628656423         -1.202484000447873        
140597.2428492503         54.57794053787487         8.557059390050764         
140696.5429770062         53.11830572320914         17.82552544917616         
140795.859611663          50.93034798341299         26.31273829583752         
140895.17336305           48.12944822741761         33.8993455833257          
140994.4796071853         44.83127601580616         40.59381552469699         
141093.7749368255         41.1388029497378          46.47930679281892         
141193.0575477658         37.13760122699252         51.6700524988286          
141292.3283348791         32.89619902549743         56.28450682214935         
141391.5800989489         28.46913294970045         60.43188479643649         
141429.5577096054         26.73514468798374         61.91614302432571         
141462.4842616729         25.2164156441766          63.1630011153476          
141496.3123198017         23.64260908509739         64.40861891685388         
141582.4783933698         19.5803245323652          67.43997379756316         
141680.0730020623         14.90456393999355         70.67422936824867         
141779.0460319142         10.10417575290049         73.79659453510149         
141804.2991349823         8.872441634507561         74.57460067974817         
141830.0318343099         7.615093040056662         75.36136389578546         
141868.7473115511         5.719882776603125         76.53558226006342         
141953.5320998635         1.559724916122052         79.08058223648655         
142050.9072088287         -3.222665534418396        81.99135278796645         
142149.8325265828         -8.069371907675345        84.9804686834035          
142248.9440558595         -12.89493401918415        88.05709134064308         
142348.0897908448         -17.67189369740117        91.27021665753378         
142447.2556166234         -22.37697290246467        94.67885349431127         
142546.4436668088         -26.98376268179537        98.35088596469934         
142645.6506557995         -31.46001315017207        102.3648435686394         
142744.8769708397         -35.7659404690613         106.8123269674322         
142791.4509578724         -37.7142458899054         109.0784138960404         
142823.1267312309         -39.0084898010832         110.6932240828406         
142863.3127217065         -40.61075778840451        112.8345104524758         
142925.8842117386         -43.00657872244547        116.3925340964066         
143014.1326169134         -46.14527457710683        121.9253172984281         
143112.145506253          -49.22843655166832        128.8561921850928         
143211.327584961          -51.81339807018679        136.7683551393606         
143310.6501093716         -53.74599141345383        145.5653113090058         
143409.9902895279         -54.91251329503863        155.0640152482988         
143509.3299035914         -55.2346353568667         164.9335759399317         
143608.6641597329         -54.68899846048547        174.7461876921642         
143707.9896045034         -53.31453645925993        -175.9100327719246        
143807.3023069999         -51.19992653913349        -167.3271148858583        
143906.5991934738         -48.45920639557546        -159.6393425419803        
144005.8756870916         -45.20890092613413        -152.8495444041532        
144105.1317941397         -41.55367057740484        -146.8800400094082        
144204.3649340398         -37.58110324584131        -141.618407037326         
144227.2036438342         -36.62947423784379        -140.4948728142663        
144248.0848566396         -35.74859571080239        -139.4936641513906        
144309.0971988975         -33.12060528211774        -136.7007241902272        
144402.9946584371         -28.94024524922868        -132.7420936916073        
144501.5466765035         -24.41046563357882        -128.9515613018474        
144600.6045322632         -19.74489499380991        -125.435889599243         
144699.6936460258         -14.99363577240318        -122.14241133518          
144798.7649019342         -10.1831899667952         -119.0101217816984        
144897.8162521846         -5.334738268619388        -115.9832235559792        
144996.8550726422         -0.4670321889985925       -113.0102241931269        
145095.8875585813         4.402105338665592         -110.042039343842         
145194.9208501261         9.25498729057977          -107.0297755297838        
145293.9626846113         14.07315657086585         -103.922596271469         
145393.0143146077         18.83607956835588         -100.6657319210203        
145492.0787959476         23.52042638263539         -97.19788371968522        
145591.1617210368         28.09870197606256         -93.44869652213164        
145690.2691933676         32.53736423666258         -89.33634778187823        
145789.4035288598         36.79438133930159         -84.76581697581986        
145862.8851092071         39.8010582906843          -81.01976128819628        
145889.3422061345         40.84701238644879         -79.58589127605032        
145914.2164186807         41.81078626302595         -78.19345067709419        
145953.3143376466         43.28426854603632         -75.91325180940156        
146034.7166675027         46.1689121487487          -70.77868348094172        
146131.7549842643         49.22238147946908         -63.90976297500887        
146230.7775121881         51.80619587227156         -56.00815480562147        
146255.9951519477         52.36449363296431         -53.85292955242787        
146281.6801275476         52.88757503330284         -51.60097577343543        
146308.3917103708         53.38067129702961         -49.20105929063456        
146350.6867890595         54.05020326154946         -45.28975141564472        
146439.9742331821         54.98606381810396         -36.67345930416052        
146538.105931913          55.2206984471264          -26.90814283409643        
146637.2897503898         54.59822653830815         -17.13690599686035        
146736.5958354785         53.15348439527249         -7.854820058854775        
146835.9122598544         50.97838491626925         0.6491758266973474        
146935.2242903318         48.18809141694254         8.253344842613211         
147034.5269816928         44.89845647651158         14.96422847403559         
147133.819488727          41.2126814937507          20.86419818623735         
147233.0995615222         37.21668794489196         26.06715428409362         
147332.3654339067         32.97942254405879         30.6915037344166          
147431.6177741275         28.55532410124286         34.84703341984574         
147530.843159405          23.98812677929867         38.62969869238609         
147621.9533141702         19.69705004683569         41.84685352539092         
147720.1695364318         14.99287834291271         45.10590175910475         
147819.2153492826         10.18968062086877         48.23302616548977         
147847.6960525266         8.800491261428393         49.11054273653577         
147876.5053514158         7.392501947562605         49.99067305598098         
147909.2354133376         5.790099880038913         50.98300482626348         
147994.865491963          1.588456133599228         53.55378137848696         
148092.3629467492         -3.200112775771289        56.46822529615504         
148191.3032148848         -8.047803458375169        59.45757994405825         
148290.4165087617         -12.87378545670204        62.5338115553316          
148389.5619237679         -17.65115507512902        65.74622717338667         
148488.7276477064         -22.3567601291261         69.15387882991944         
148587.9143881146         -26.96414577167918        72.82455891616901         
148687.119380536          -31.44111873527796        76.83675751434167         
148786.3451178535         -35.74802813332968        81.28210825375513         
148831.2679832219         -37.62869215808815        83.4645978363052          
148862.7229156438         -38.91576845798183        85.06388971144655         
148897.9764843592         -40.32626881421256        86.93119915433471         
148985.867897782          -43.67488848913756        91.96548923033173         
149083.8108609896         -47.06694981884439        98.29258365562198         
149182.9720316688         -50.04401708305176        105.5600646204608         
149282.2878214298         -52.45312956785604        113.7471230818297         
149381.6253361409         -54.17227369843916        122.7758126566234         
149480.9668251313         -55.09769555920007        132.4237722440884         
149580.305637361          -55.16543699180906        142.3230299702667         
149679.6383910463         -54.37051730506425        152.0376232090079         
149778.9609934087         -52.76852409457366        161.1822158191306         
149878.2694701687         -50.45827220269278        169.5104163263416         
149977.5604822906         -47.55658680077482        176.9310791344028         
150076.8318065791         -44.17752788595345        -176.5295128931208        
150176.0819933843         -40.42102998047227        -170.7795636635302        
150251.9084300031         -37.34790181036353        -166.8456586288082        
150279.6512996661         -36.18651491637566        -165.4938464711802        
150306.48644662           -35.04625334445836        -164.2270961334615        
150386.5767494193         -31.55505126178665        -160.663605734365         
150483.3853962715         -27.18703750801108        -156.7298978757522        
150582.2611581185         -22.59463428421325        -153.0511760229599        
150681.3458151184         -17.89162091369099        -149.6302212902526        
150780.4301819997         -13.11433215563515        -146.4070492951737        
150879.495089245          -8.28650221255584         -143.3225358641412        
150978.5430401098         -3.428191021399514        -140.3228122296958        
151077.580803819          1.442319045671988         -137.3575924649342        
151176.6156924306         6.30740074142474          -134.3780954394282        
151275.6535171182         11.14909801431743         -131.334968433985         
151374.7020394192         15.9483871053276          -128.1760183638951        
151473.759842373          20.68362271034745         -124.8443088672542        
151572.8324366617         25.33010050277333         -121.2752450570442        
151671.9244503533         29.85814077133404         -117.3943013751264        
151771.040864184          34.23119202585964         -113.1146413494582        
151870.1851765509         38.40329776871621         -108.3357652982352        
151925.4170809407         40.61891385443175         -105.4162867832675        
151988.0169526208         43.01751077659601         -101.8523857330345        
152052.521349967          45.34353653786057         -97.86636805421945        
152147.0644730609         48.43326437115133         -91.38776267965063        
152245.7942914101         51.16546743081172         -83.75376379787183        
152291.7537044152         52.23371716480973         -79.89389060935613        
152316.4442435838         52.74821796956589         -77.74311235984916        
152345.4720542883         53.29694061491359         -75.14912600453378        
152426.6348904348         54.48707479363465         -67.56435872240652        
152523.6967932433         55.19152000373641         -58.03761749607821        
152622.7571179974         55.05892951910777         -48.16864429542649        
152722.050823539          54.07283192494357         -38.55848464382536        
152821.3698822423         52.29948338764047         -29.58624629945496        
152920.6865250715         49.84412646613357         -21.46392201959409        
153019.9950357783         46.82448551722745         -14.25149575580864        
153119.2936796229         43.35200591263393         -7.903232743785233        
153218.5803173343         39.52267087424418         -2.318745294735995        
153317.8528432734         35.41486323676423         2.620237705379801         
153417.1101271408         31.09092575497426         7.029410386227092         
153516.3513435284         26.60009953329875         11.0130001183571          
153544.4240337471         25.30495322361573         12.07557372133623         
153570.6091226195         24.08833474025766         13.04427760711446         
153602.7417388279         22.58497114823409         14.20559290071649         
153673.6072610831         19.23362356091003         16.67183675593933         
153769.1172260209         14.65309794253936         19.82562182008106         
153867.8613472497         9.860975274019394         22.93419239766414         
153896.7720512417         8.45002972969459          23.82300646239933         
153929.1717302869         6.86563377467837          24.81047660843925         
153961.72435591           5.271018081836013         25.79517377710451         
154049.279313453          0.973470790064773         28.42029358001269         
154147.0272694831         -3.827095033937655        31.34361926380071         
154245.9986394038         -8.673688474074098        34.34159066999235         
154345.1190702617         -13.49491651887086        37.4324050974371          
154444.2676551989         -18.26458877892239        40.66659398555301         
154543.4375127777         -22.95936567214403        44.10431038550468         
154642.6254252903         -27.55198843349153        47.81447488940614         
154741.8318708194         -32.00955129654265        51.87726494974342         
154841.0586042213         -36.29119148238878        56.38606833823961         
154879.5863351086         -37.89536303552077        58.2792181013187          
154905.8897024835         -38.96905785877131        59.62287245713651         
154931.096023845          -39.98031780160998        60.95180332610828         
155004.5534231351         -42.81783379755557        65.07380890431645         
155100.5513311364         -46.23656582604217        71.08378533893629         
155199.4788746            -49.33360728645593        78.1074961510048          
155298.7638498656         -51.89966303294374        86.06160296457502         
155398.0954930536         -53.8060905874749         94.89015937983115         
155497.4349971046         -54.94249878823105        104.4102303231957         
155596.7738693696         -55.23244308156313        114.286514112241          
155696.1072337814         -54.65486684720945        124.0894352544437         
155795.4319474404         -53.25090309048146        133.409916075044          
155894.7431880282         -51.11068355326535        141.961452377537          
155994.0379518899         -48.34874439053216        149.6154295905388         
156093.3142173104         -45.0813087471377         156.3731679077528         
156192.5686986884         -41.41257112219311        162.314177417373          
156291.800283012          -37.42942191385774        167.5516670120629         
156318.0856048828         -36.33068515150812        168.836492794341          
156347.9824032169         -35.06154121665197        170.2508316057426         
156431.3751033624         -31.42422623575576        173.9561714920868         
156528.6243580515         -27.03144319827477        177.8956154402604         
156627.5458068238         -22.43278663260887        -178.4344431295106        
156726.6317820875         -17.72656651114984        -175.0214942901161        
156825.7126716315         -12.94716321025613        -171.8042914793983        
156924.7749929549         -8.11792810508596         -168.7237629026358        
157023.8216623315         -3.258827085549791        -165.7261987901787        
157122.8590906598         1.611878468160949         -162.7614153706538        
157221.8951356597         6.476594777205468         -159.7806290925174        
157320.9338605637         11.31725589272887         -156.7344783316615        
157419.9840874295         16.11483293905609         -153.570598557688         
157519.0454478725         20.84763421140243         -150.2317937857173        
157618.1227186345         25.49077349596211         -146.6531748575689        
157717.2202056041         30.01434799910117         -142.7598191807498        
157816.3416265743         34.38146486219641         -138.4644625317509        
157915.4897334287         38.54576065428807         -133.666153298582         
157972.3641099874         40.82034105518484         -130.6438505487974        
157995.8936104551         41.73311232412735         -129.3290846525181        
158018.1527364766         42.58003719914712         -128.0484550515759        
158080.0040904782         44.84092407649293         -124.2905947805081        
158173.8942275872         47.97225725116857         -117.97745056401          
158272.5563574582         50.78653983857213         -110.4860757338188        
158333.4581236588         52.23209772248337         -105.413448877653         
158356.7604266689         52.71905755668845         -103.385232603077         
158383.2686743699         53.22560483324714         -101.0223783568208        
158460.0325637846         54.3893659857136          -93.88100318940214        
158556.4796873135         55.16185678748244         -84.44649067563689        
158655.4695607047         55.10882474938933         -74.57983631199689        
158754.7570470837         54.19929433527858         -64.92723767657399        
158854.0776682785         52.4942846014654          -55.8845486630503         
158953.3981411136         50.09663220329902         -47.67913722482606        
159052.7107012225         47.12387835158582         -40.38347333421472        
159152.012817061          43.68860556943118         -33.95930425949943        
159251.3026721659         39.88839571998169         -28.30940830106044        
159350.5778654362         35.80323886929195         -23.31606524157545        
159449.8377534561         31.49681961001147         -18.86278714994112        
159549.0828639711         27.0193922664222          -14.84406481939682        
159603.573536966          24.50280374383824         -12.78843077780108        
159654.7942556092         22.10609137431183         -10.93797965078429        
159746.7471738579         17.74082605942248         -7.782151354157869        
159845.0771213626         13.00372683592196         -4.592426516746067        
159924.7766761808         9.126621414344662         -2.108235853290528        
159948.3484472148         7.975224795131513         -1.386267191313311        
159972.6980891428         6.784066995907937         -0.6452575921852524       
160004.1297903867         5.244257117638053         0.3052902684809435        
160075.6397044519         1.734731706741699         2.450702521640182         
160171.1389145697         -2.956099888049998        5.305002585223466         
160269.8773204931         -7.795226961896083        8.28538634345383          
160368.9715206041         -12.62262099369753        11.35543411623532         
160468.1171675795         -17.40344446880849        14.55935323559211         
160567.2854900127         -22.11387514105589        17.9553319783409          
160666.4719795925         -26.72745011030109        21.61049695851039         
160765.6769805006         -31.2124598003893         25.60283517084226         
160864.9001957034         -35.52959032041667        30.02315956130348         
160910.4241940891         -37.44075681566948        32.22233781123757         
160944.1008945345         -38.82184657821426        33.92752364747957         
160974.4316364639         -40.03960687751878        35.52455573508392         
161060.6223660288         -43.34669937192972        40.41061797330919         
161158.3434133208         -46.76782309850596        46.64973547892174         
161257.4752678745         -49.79135468454379        53.83227209263782         
161356.7839134252         -52.25857588825117        61.9358957501031          
161456.1166435364         -54.04653352366608        70.89378243309162         
161555.454800406          -55.04905371635441        80.49839822074381         
161654.7915774048         -55.19747524427041        90.3930834913774          
161754.1221632157         -54.48095283632783        100.1431078445487         
161853.4436497372         -52.94995799375122        109.3538092228035         
161952.7522242512         -50.70034514427746        117.7640833773941         
162052.0447356859         -47.84827181969881        125.2694637139383         
162151.3168156031         -44.50875418162827        131.8874465707343         
162250.5664561177         -40.78332088274794        137.7057591454258         
162331.649433577          -37.511746421411          141.9468066410099         
162355.01754008           -36.53686259128644        143.0936896402922         
162379.3383427081         -35.50860767271018        144.2544750508707         
162424.3272372521         -33.57266506049316        146.3188964603784         
162506.4557808568         -29.93882453216386        149.8389454209194         
162603.5187976202         -25.50726353256708        153.6498247230097         
162702.4076028611         -20.87350301284961        157.2228210332859         
162801.4798130491         -16.14064903294916        160.5630856569319         
162900.5493920529         -11.34243299856271        163.7283459568604         
162999.6010132483         -6.501293576745863        166.7753691896562         
163098.6393128755         -1.636489499241022        169.7564514436349         
163197.6703013876         3.233997647145946         172.7210380553207         
163296.7024466023         8.092607295136162         175.7179191103888         
163395.7425152301         12.92111223292947         178.7972435752384         
163494.795778126          17.69969120354212         -177.9872824652661        
163593.86577392           22.40583796324944         -174.5760896662451        
163692.9537033197         27.01301467119461         -170.9013203561921        
163792.063351383          31.48921102742249         -166.884169316504         
163891.1979769939         35.79466501373864         -162.4328708434683        
163990.361643699          39.87928404282791         -157.441879826806         
164025.3446313785         41.25585048097966         -155.5311680888066        
164058.6370582343         42.53007158914492         -153.6323621045537        
164091.4009197615         43.74697998738588         -151.6826610911503        
164176.3889969909         46.70939817542787         -146.221151402327         
164273.9191855188         49.69873379830531         -139.1730327121761        
164372.9994388763         52.18275846985258         -131.1150623430997        
164394.0407003509         52.6274993427964          -129.2898213972918        
164415.5776953441         53.05008284450413         -127.3825574332748        
164440.9632942989         53.5042352963568          -125.0861507317403        
164482.0919251302         54.13473737350106         -121.263567218134         
164572.3123825737         55.03274894971744         -112.5283885235923        
164670.5641577253         55.20861472125463         -102.7432509738999        
164769.7673754883         54.5268587686912          -92.99217782351252        
164869.0797554911         53.02772881433876         -83.75594248453554        
164968.4015594772         50.80566835530258         -75.31153857335315        
165067.7180316299         47.97658899587031         -67.77038291664799        
165167.0259957318         44.65577068548706         -61.11880525361506        
165266.3215510547         40.94541596270952         -55.27112699296719        
165365.6023140997         36.93025384046561         -50.11235434043031        
165464.8689779453         32.67804518584848         -45.52420670001202        
165564.1201928956         28.24243030421137         -41.39780672125781        
165629.5134857297         25.2402587323031          -38.88425310606055        
165663.8737430563         23.64165364570277         -37.6188300224382         
165697.3909247783         22.06989480309726         -36.41709175186758        
165750.1333445194         19.57456424386377         -34.58444991700212        
165842.4497826607         15.1529031141785          -31.52098514220522        
165940.8190652844         10.38408892888486         -28.41058280761375        
165982.3157123756         8.359592404809423         -27.13304599075628        
166014.0028456226         6.80990598839984          -26.16771574073817        
166043.5848438763         5.3608310307094           -25.27287061059087        
166127.9903057031         1.218192624095219         -22.74146235796065        
166225.3322745091         -3.562670941541713        -19.83108775748288        
166324.2608436034         -8.408388322510277        -16.83788930032613        
166423.3792445739         -13.23179375327847        -13.75345774394598        
166522.5312053226         -18.00507225671035        -10.52857725547319        
166621.7028479325         -22.70472668709752        -7.103713388725281        
166720.8937273244         -27.30389431830359        -3.41038399673615         
166820.1029388816         -31.76997285851617        0.630880410589812         
166919.3313529599         -36.06256391723912        5.112681118789856         
166958.9266707189         -37.71584148451022        7.047050171863242         
166989.9553707917         -38.98402280444115        8.6282674718755           
167022.374417691          -40.2809729448945         10.34594464254232         
167106.4617205993         -43.49354653649571        15.14326010171802         
167203.8992830203         -46.88938307980998        21.3952649882201          
167303.0005698209         -49.89316006801992        28.60875347590432         
167402.3074215394         -52.33727096967043        36.74537258402016         
167501.6415444086         -54.09795350218085        45.7317442821293          
167600.9797314531         -55.06984652195253        55.35402940662804         
167700.3165565431         -55.1861514867635         65.25109813230162         
167799.6473111445         -54.43834532773195        74.9875377308838          
167898.9687417168         -52.87895116609521        84.17229459356425         
167998.2763298904         -50.60504464812491        92.55003920471263         
168097.5665103178         -47.73309277019266        100.0216384075534         
168196.8383972417         -44.37766013025198        106.608331682385          
168296.0890762741         -40.6396674365906         112.3994097013539         
168372.9684366728         -37.53426103340509        116.4126425756849         
168394.9868333875         -36.61633650854039        117.4948417299252         
168418.0118185119         -35.64420559687615        118.5970230563268         
168442.2897747369         -34.60639264123358        119.7280585125769         
168481.8538014893         -32.88903804047135        121.506866269624          
168570.8063893137         -28.92411547858615        125.245748143116          
168668.749927415          -24.42189880926002        129.012479376273          
168767.7340952447         -19.75976789985725        132.5260983256104         
168866.8101734715         -15.00906743451957        135.8196037112526         
168965.8742443076         -10.19884146043773        138.9519516782684         
169064.9203881389         -5.350455515483834        141.9788088598808         
169163.9538780204         -0.4827649611428714       144.9516060463321         
169262.9806279088         4.386393880270462         147.919418140162          
169362.0087004616         9.239382557394018         150.9311583010859         
169461.0446517938         14.05769271854079         154.0376115850705         
169560.0963936886         18.8211202014203          157.2937473179138         
169659.1701607103         23.50648258207008         160.7609925835297         
169758.2649272284         28.08596551792512         164.5095039872738         
169857.382852945          32.52585316193814         168.6209580194694         
169956.526425085          36.78414168447553         173.1903702283099         
170055.6987922057         40.80780283752693         178.3263043076024         
170086.9837779785         42.0178684007567          -179.9175092351104        
170119.3529172451         43.23567722011288         -178.0249322273229        
170170.6602933467         45.08765978948558         -174.8578045144924        
170262.7842131071         48.1347849561572          -168.6141509496106        
170361.2256711465         50.91453106783007         -161.0925649657383        
170422.1140950336         52.33972575121683         -155.9932930634975        
170467.6877150196         53.23929303165835         -151.9644704614194        
170512.6040085568         53.97399206515439         -147.8329236561376        
170596.0953590926         54.90774894114242         -139.811055869625         
170693.4635954211         55.24037952464224         -130.137560457038         
170792.5629422301         54.72232433200494         -120.338816054044         
170891.8630416971         53.37368491598696         -110.9774887990343        
170991.1826146301         51.28153837377276         -102.3682146088464        
171090.4995786957         48.55964219275102         -94.65197142058838        
171189.8088098271         45.32468219568644         -87.83506112386196        
171289.1066185199         41.6819084116314          -81.84179958805207        
171388.3918883046         37.71939191619222         -76.56021453400373        
171487.6620722353         33.50807933594772         -71.87149712777101        
171586.9175610133         29.10402501275427         -67.66439283455931        
171686.1526465626         24.55183492793418         -63.840948535957          
171716.4487958536         23.13798286525767         -62.73666431126556        
171748.1432031258         21.6485381414193          -61.60872929178078        
171799.7213032795         19.20445715561742         -59.82688999099259        
171891.8989675934         14.78446727195043         -56.78164287847276        
171990.2497725212         10.01293768582638         -53.68190230462771        
172089.3037215807         5.169501932904577         -50.66226825622719        
172179.1739895009         0.7581394762816457        -47.96871866047446        
172277.2399155423         -4.057629757479842        -45.03536739468334        
172376.2512781424         -8.904894035948789        -42.03333336844167        
172475.3797785728         -13.72429189293138        -38.93692936207256        
172574.533205945          -18.49094019638908        -35.69452702450864        
172673.7067960901         -23.18144368326418        -32.2455564467145         
172772.9008636437         -27.76847513299135        -28.52049117682517        
172872.1125951153         -32.21864717642389        -24.43867897581812        
172971.3438776904         -36.4906628003422         -19.9060732670685         
173030.0438415608         -38.91282780670415        -16.96986200452039        
173096.4167141123         -41.53811979129593        -13.38485073201031        
173191.3134877221         -45.03991030775586        -7.702015194134267        
173290.1175164036         -48.29632122251168        -0.9934873907998791       
173389.38340639           -51.0659769342433         6.638035565176381         
173488.7157769175         -53.2181850884432         15.17239286869567         
173588.0573551753         -54.6364222935543         24.48009953423884         
173687.3988070758         -55.22968296328051        34.27725684204903         
173786.7354834918         -54.95565986629829        44.15620569319238         
173886.064158543          -53.83416115716091        53.68676185424594         
173985.3808937827         -51.94058613018152        62.53136725358173         
174084.6814955352         -49.38381793714399        70.50648791177011         
174183.9636676828         -46.28156804266255        77.57327665735822         
174283.2247067476         -42.74322641931886        83.78959538863253         
174382.4635767261         -38.86191475840341        89.26091834619771         
174427.1039039595         -37.02457892343181        91.51122634770238         
174452.4725540774         -35.9585656181734         92.73782042708923         
174480.2299460163         -34.77546441263917        94.0393529286582          
174562.7004373237         -31.16846534953213        97.67920968768583         
174659.8236145684         -26.77291601563872        101.592148605624          
174758.7271262775         -22.16854177175211        105.244654164101          
174857.8070637421         -17.45766693065363        108.6447465388293         
174956.8822936155         -12.67494685363201        111.8527113014431         
175055.9377322439         -7.843629701333801        114.927166212174          
175154.9768274184         -2.983542573970067        117.921569792523          
175254.0061041364         1.887115362192128         120.8859656795549         
175353.031744156          6.750673630515108         123.8690627471711         
175452.0612314693         11.58918988575549         126.9204197560185         
175551.1012356612         16.38343140540902         130.0925527161422         
175650.1597675262         21.11194346757364         133.4432931119458         
175749.2422418785         25.74960728953833         137.0381019107583         
175848.3481866075         30.26592881109469         140.9524309102282         
175947.4780301331         34.62337729699541         145.2742109331184         
176046.6354855336         38.7749877881373          150.1052489813197         
176107.541986357          41.19734156907046         153.3732517681157         
176138.1625033566         42.37217417307158         155.1134987524317         
176167.929916014          43.48379568053716         156.8721128198474         
176247.7890759939         46.29935905285306         161.9397269241574         
176344.6570431464         49.32982869836169         168.8297228921882         
176443.6589490739         51.89129390508378         176.763635076808          
176476.5274711302         52.6021017204374          179.594514276427          
176498.448415962          53.03376637436313         -178.4659615068875        
176518.2690808084         53.39367569454774         -176.6784805404411        
176576.6793485032         54.27814134381662         -171.2413321943995        
176658.7560425978         55.04786233758892         -163.2658481452295        
176755.9910805314         55.20227642284489         -153.5796499901206        
176855.073451472          54.5066158144322          -143.8464216452718        
176954.3712309329         52.99477225662036         -134.6230432273513        
177053.6897782353         50.76173447587            -126.1934410893252        
177153.0049563269         47.92362668148463         -118.6675293476618        
177252.3111064802         44.59564613462752         -112.0302257617603        
177351.6051288578         40.8796994869726          -106.1950121330782        
177450.8856885368         36.86017725746216         -101.0466375989715        
177550.1522015082         32.60462891834698         -96.46698768181237        
177649.4042547536         28.16644426495911         -92.34735541288168        
177735.9492685064         24.18011081982827         -89.0553816022079         
177771.7349955579         22.50596704100096         -87.76192600087269        
177806.1281987932         20.88472244319295         -86.5512220211282         
177860.8143209014         18.28507143873303         -84.6842754855283         
177941.9208240579         14.3882345851716          -82.02574332756201        
178038.834794343          9.683035390702878         -78.98075850426582        
178085.7617344125         7.391006463819426         -77.54345248084265        
178104.7832459793         6.46008104397183          -76.9659171411552         
178124.6081811958         5.48890097518059          -76.36652670032616        
178181.8315956043         2.681629932267625         -74.64736264572029        
178274.9975359649         -1.894352111271754        -71.86323212380258        
178373.4414523118         -6.722561964781014        -68.90248382454354        
178472.4978493061         -11.55581527171638        -65.85571512158982        
178571.6340160347         -16.34846455931624        -62.68648728286473        
178670.7945920178         -21.07605590266963        -59.33891551931612        
178769.977242162          -25.7132117574411         -55.74784050138319        
178869.1787050688         -30.22943798357585        -51.83799075519067        
178968.3993079467         -34.58734581484742        -47.52153552892828        
179021.4450584957         -36.83610766137534        -45.01278951689724        
179052.0578535623         -38.10387781315547        -43.49250360632939        
179084.3584688846         -39.4152981601847         -41.82623571061804        
179167.8182153497         -42.66247949905908        -37.19655932611475        
179265.1764606591         -46.14242443583203        -31.12905931810569        
179364.2611956107         -49.25730799742315        -24.11883823549835        
179463.561392203          -51.83941151829714        -16.18812420166903        
179562.9012244055         -53.76476292707274        -7.380807491784354        
179662.2480156831         -54.92263246141363        2.124817743050965         
179761.5922568715         -55.23539083589396        11.99697428584746         
179860.9299806063         -54.68037464850261        21.8073197590129          
179960.2569960407         -53.29719932289607        31.14463673264797         
180059.5698160934         -51.17499785452151        39.7185616859031          
180158.8665303192         -48.42794653893642        47.39657463492178         
180258.1417647656         -45.17253982109846        54.17697215726392         
180357.3953050654         -41.51329198958392        60.13806241915372         
180456.6263204673         -37.5375363356116         65.39258773935339         
180481.4103476121         -36.50356252093156        66.60887816821793         
180507.0990960114         -35.41663896496267        67.83290057029217         
180540.5320836115         -33.98046149494171        69.37319453553533         
180612.1015411452         -30.83261019897446        72.48795946310322         
180707.6623051311         -26.49810057297564        76.31321558280257         
180806.3996411045         -21.89480867640105        79.94226382876323         
180905.4577973555         -17.18006184552486        83.32871351281753         
181004.5296536176         -12.3940020650972         86.52734765300414         
181103.5840647295         -7.560450403021533        89.59579994261249         
181202.622907504          -2.699196545196523        92.58721014676692         
181301.6526572756         2.171612787681875         95.55148608306351         
181400.6796598784         7.03431750332732          98.53733408384656         
181499.7116271872         11.87093614446273         101.5944392456061         
181598.7550741411         16.66212055098928         104.7755644242372         
181697.8164000087         21.3861642068025          108.1388774415815         
181796.9012980931         26.01770669825846         111.7503789594067         
181896.0087364772         30.52586991105806         115.6861701670838         
181995.1412328752         34.87272519062375         120.0350539447042         
182094.3001979613         39.01055229795901         124.8995352286188         
182155.206757877          41.4224995755595          128.1914596807672         
182185.3222987382         42.57244351358261         129.9152602507612         
182214.9835644406         43.67456808471828         131.6795826612821         
182299.0890052635         46.61452125908754         137.0680985276653         
182396.5246839565         49.61511207608294         144.0845082408524         
182495.5958389677         52.11682948200941         152.1156828227355         
182523.6582618789         52.70871584265343         154.5514640627807         
182546.6283058282         53.15131973414204         156.5948812957156         
182569.9294197606         53.56025691953305         158.7110135142735         
182639.7084377124         54.53040226944028         165.2783526362961         
182735.1876513334         55.19759546459095         174.661117370761          
182834.0972017846         55.04534453103346         -175.4865336233379        
182933.3749976358         54.0411122287189          -165.8887049295564        
183032.6933978358         52.25156406885408         -156.9336846571395        
183132.0134054753         49.78247529554613         -148.8311026299401        
183231.3262355863         46.75164866672785         -141.6383572553932        
183330.6284960127         43.27032188380586         -135.308097137257         
183429.9190404243         39.43407351528255         -129.739120471624         
183529.1952753556         35.3209331032457          -124.8130601408144        
183628.4570665914         30.99288157342794         -120.4143570286278        
183727.7036572457         26.49889971186881         -116.4390790445889        
183793.0588546442         23.46771569478224         -114.0080129016411        
183827.6625717874         21.84362509268279         -112.7713204429294        
183862.0739085367         20.21701897886604         -111.5721308476746        
183916.1201295443         17.64176282163142         -109.7434076086967        
183996.4805019787         13.77403049304278         -107.1278960215148        
184093.2929074857         9.068329080251004         -104.1013346887807        
184130.7284096489         7.239001566818235         -102.9573505380638        
184154.6195434523         6.069466128505884         -102.2328813587713        
184176.3647392625         5.003841868418614         -101.5765783350432        
184242.9090709775         1.738151820344836         -99.58091317901766        
184337.5958527671         -2.912242453236646        -96.75113466130692        
184436.2470709719         -7.746692952469582        -93.77410076480383        
184535.3260026081         -12.57312803541446        -90.70581345413129        
184634.4659946277         -17.35367930868241        -87.50398447417804        
184733.6291078129         -22.06412099751859        -84.11080084496797        
184832.8143665101         -26.67821405554044        -80.45912662464482        
184932.0178376161         -31.16412697627256        -76.47127206116512        
185031.2403386808         -35.48270552651449        -72.05655431162748        
185065.8489498077         -36.94074607927821        -70.39768817555414        
185103.0304416432         -38.47505178835813        -68.5382645518233         
185143.0551883997         -40.08579472165558        -66.44035830361068        
185232.255762897          -43.49991126292979        -61.36655027785883        
185330.3552559461         -46.91620459501626        -55.06819252465991        
185429.5268941554         -49.91717784629675        -47.84216132981677        
185528.8370160735         -52.35526618525201        -39.69770632374967        
185628.1776403659         -54.10899106472473        -30.70453601231954        
185727.5257574511         -55.07315601179091        -21.07784801392014        
185826.8723544781         -55.18133995928365        -11.18020200852108        
185926.2102121138         -54.42562156080736        -1.447387348231954        
186025.5364452023         -52.85907517650093        7.730564238735346         
186124.847287545          -50.57908009560668        16.09991260351302         
186224.1394186509         -47.70216641435979        23.5629018541064          
186323.4097103938         -44.34288973710677        30.14150026924906         
186422.6571085397         -40.60196502217708        35.92555178915095         
186521.8792566215         -36.56263089191514        41.03109272792585         
186548.1692920555         -35.45093695408485        42.28543673904676         
186576.66969602           -34.22860612789002        43.60335194393952         
186656.1439396231         -30.73589095841319        47.06929533722288         
186752.8539854335         -26.34536447232198        50.9308124971373          
186851.7051378032         -21.7329750695285         54.5543961254117          
186950.7752102916         -17.01475612796485        57.93384799414294         
187049.8463807045         -12.22664046273564        61.12718530461031         
187148.9000091562         -7.391758483941502        64.19225084537653         
187247.938106989          -2.529831066305717        67.18203547532087         
187346.9670781866         2.341020724449995         70.14636861633122         
187445.9955926752         7.203249533962357         73.13402498424118         
187545.0292714639         12.03873847655945         76.19470213717823         
187644.0750906011         16.82809549588372         79.38133081806006         
187743.1410153047         21.54958106395736         82.75237240802159         
187842.2309271293         26.17758884676889         86.37410058697387         
187941.3412795868         30.68090663331801         90.3229292884822          
188040.4760765028         35.02138021448837         94.68818227589348         
188139.6373307914         39.1509220456911          99.57286351924317         
188200.544850016          41.556608101955           102.8792225691721         
188222.331736784          42.38905146195983         104.1251552280028         
188245.3235226567         43.25002729631338         105.4783526154758         
188314.0530203003         45.70602421274853         109.7724790394131         
188408.4395767772         48.7445513089212          116.327878466494          
188507.1620214614         51.4172844530902          124.0562911106336         
188562.4546511681         52.64649676014688         128.7741158262968         
188582.9821964842         53.04844093905307         130.5929424469323         
188606.1813162756         53.46528817188784         132.6896615745771         
188673.3163379948         54.4359484348778          138.977440984398          
188768.2317122002         55.16890930494823         148.274831845614          
188867.0736769564         55.09398845080867         158.125488197677          
188966.3465128164         54.16418266179322         167.7650171605246         
189065.6682168483         52.44100642099257         176.7888001655647         
189164.9913158384         50.02800448925048         -175.027993526693         
189264.3079558387         47.04277629388316         -167.7545527470598        
189363.6147610378         43.59763775238777         -161.3506837137662        
189462.9092850722         39.78977234730778         -155.7183245333478        
189562.1892843163         35.69874336294991         -150.7395824927891        
189661.4546380704         31.38784831208572         -146.2981450367591        
189760.7055537868         26.90706340379494         -142.2888489374933        
189844.378770038          23.02649676440724         -139.1764337937845        
189883.0713939155         21.20612462374895         -137.8054449768862        
189918.1588846492         19.54323643797657         -136.5944213844136        
189994.8530497262         15.87411377756323         -134.0392679109998        
190091.2163971807         11.21116455186083         -130.9708679423273        
190164.3702245783         7.643219666384521         -128.7174260180288        
190190.5198894325         6.363657879303584         -127.9231875163735        
190215.2878940455         5.150188286411336         -127.1750307321784        
190254.5797530678         3.222832969138399         -125.9944458975026        
190341.3996241987         -1.040849670730706        -123.3993614876414        
190439.052681264          -5.832426359511872        -120.4693893203004        
190538.0155839957         -10.66675258590672        -117.4418756869593        
190637.1369295288         -15.46808259410498        -114.2995267757603        
190736.2908607582         -20.20901312735949        -110.9897196813878        
190835.4675372248         -24.86456333416695        -107.4491395864526        
190934.6654813038         -29.40539725551157        -103.604509792147         
191033.8819222525         -33.79546304057596        -99.37056056199302        
191097.6719576516         -36.5174995284366         -96.39776167935504        
191129.4004807365         -37.83687906859952        -94.83523571894989        
191161.9729884434         -39.16476479591351        -93.16793115587157        
191212.8229147405         -41.17839991721237        -90.4271417681647         
191304.9821793102         -44.61392754173892        -84.98401445008909        
191403.4508566372         -47.91283753004196        -78.40296752963437        
191502.6681805146         -50.74968721496881        -70.8892553212727         
191601.9866027171         -52.98523799584535        -62.46507239536359        
191701.3283494511         -54.50083324710152        -53.24233101305853        
191800.6759824813         -55.20072210846264        -43.4859496003572         
191900.0207180972         -55.03529627686923        -33.59284318094107        
191999.3563484517         -54.01651598503123        -23.99742274533047        
192098.6795326229         -52.21384396169378        -15.05366174452398        
192197.9853571393         -49.73342617031985        -6.965131915178992        
192297.2713649506         -46.69302680160684        0.2135101210183723        
192396.5356622706         -43.20366413079132        6.531007983102288         
192495.7749782712         -39.36074895364087        12.08898945777706         
192556.6924511106         -36.86038474730252        15.17630626169551         
192577.323227108          -35.99269737035971        16.17208887530311         
192596.3598763919         -35.18345031113076        17.07006611108834         
192650.3881380195         -32.84515909690595        19.51653034454489         
192742.9299037205         -28.71596672167838        23.39597468438833         
192841.3149712491         -24.18717002140485        27.16415890695067         
192940.3488266864         -19.51758653779132        30.66696576673716         
193039.4306928269         -14.76276057838407        33.95141931210363         
193138.4954756009         -9.949763512899262        37.07754607173796         
193237.5416690949         -5.099634516648739        40.10088287008993         
193336.5755251609         -0.2311174251878222       43.07272448144968         
193435.6041836087         4.638028152557898         46.04212813993777         
193534.634402662          9.490070119627772         49.05802540405084         
193633.6738247308         14.30647532090137         52.17140668008069         
193732.7282886487         19.06680653730211         55.43746691887217         
193831.8056615652         23.74776140144548         58.9181054841108          
193930.9041587636         28.32120691759155         62.6840048919961          
194030.0251827459         32.75300566476724         66.81747915277866         
194129.1720068548         37.0006699222148          71.41430732797087         
194228.3468872891         41.01045917790984         76.58365982629509         
194259.615361446          42.21469532880815         78.35070155408688         
194281.9628284313         43.05538283436085         79.65765939496276         
194310.0104496349         44.08530105063436         81.35228426376364         
194392.5068253069         46.93325273293429         86.71001238568292         
194489.73818128           49.87996528109346         93.79640531140539         
194588.7941847439         52.32241948401531         101.9120490085674         
194618.7536487007         52.93231051134423         104.5391773089871         
194640.4019675218         53.33243481535434         106.4838553978085         
194661.9537720806         53.69568431124137         108.4562578626568         
194721.7793192016         54.51189413752979         114.1005135852299         
194810.0035549491         55.16900051503784         122.7552013621048         
194908.0349172698         55.09923936309686         132.5256124753535         
195007.2153058718         54.17849165256571         142.1606879189315         
195106.5292216488         52.46317847387594         151.1915748329445         
195205.8532243129         50.05673480499996         159.3841247835922         
195305.1718942006         47.07681431052691         166.6670097531444         
195404.4801185606         43.63590685123351         173.0794430243432         
195503.7759536295         39.83136582568607         178.7191639931916         
195603.0587471905         35.74286855076033         -176.2959185695823        
195702.3258677451         31.43396898768257         -171.8495328165567        
195801.5783770708         26.95473184532582         -167.8363256934692        
195900.8058497566         22.34542807893455         -164.1650773985582        
195938.3472593618         20.5741718958466          -162.8483979451164        
195974.6231806464         18.85060794996732         -161.6080902471653        
196032.0687750005         16.10016965152379         -159.7002774119197        
196117.5789293367         11.96707177568025         -156.9651656136128        
196215.1177767897         7.211403354234876         -153.9565578518277        
196237.3643635889         6.122447268325811         -153.2819803136205        
196260.5813333765         4.984780243674957         -152.5812688502585        
196288.9609068632         3.592796103398786         -151.7283927792523        
196336.6035328014         1.253774264937429         -150.3026266473591        
196427.701899258          -3.219970537204416        -147.5798676030533        
196525.8965122397         -8.030583397264641        -144.6135674320244        
196624.9272206915         -12.85215784501136        -141.5408555589559        
196724.0644004778         -17.62887750952518        -138.3299880954027        
196823.2296934817         -22.33435796173726        -134.923967314262         
196922.4183603656         -26.94191140430504        -131.255217787523         
197021.6280804947         -31.41940117144756        -127.2452768840695        
197120.856702968          -35.72702051470222        -122.8027649421266        
197159.8636482144         -37.36310984173106        -120.915675612555         
197203.5337339039         -39.15011216691571        -118.6962018118362        
197261.1353382119         -41.42590859230161        -115.57966650972          
197343.6218815972         -44.49693346327455        -110.6989197846715        
197440.8909545629         -47.7725212333986         -104.2308718920762        
197539.9724127143         -50.63047472246068        -96.76920997323569        
197639.2763189273         -52.89665792131812        -88.38711265276287        
197738.6167464545         -54.44839705894992        -79.1969410228109         
197837.9658828839         -55.18805000711509        -69.45700814776681        
197937.3110327753         -55.06332953289025        -59.56009554425072        
198036.6479785647         -54.08324239995982        -49.94145783211103        
198135.9716775944         -52.31496110860881        -40.96116641736914        
198235.2784325019         -49.86349006395412        -32.83020515684491        
198334.5651249052         -46.84655938951826        -25.60939860744452        
198433.8287473773         -43.37582426306145        -19.25368924730612        
198533.0685873516         -39.54742863440394        -13.66280172916719        
198595.4492632532         -36.99328098727025        -10.48627913302346        
198619.0882427967         -35.99996554516149        -9.343050881439463        
198640.8232926275         -35.07540638029771        -8.319163210075283        
198701.6016691457         -32.4377569266038         -5.58468198756338         
198795.4195025959         -28.23610086272505        -1.690725575011727        
198893.9558036509         -23.68675265800044        2.04840867490484          
198993.0074628792         -19.00589177158344        5.524759557500824         
199092.0914792921         -14.24329793857439        8.789313766882469         
199191.1584708025         -9.424923552892915        11.90184206108858         
199290.2068937779         -4.571554191927909        14.91729347907188         
199389.2420583637         0.2981630851260276        17.88659296927264         
199488.2722698734         5.166570260877787         20.85872421241793         
199587.305223837          10.01593067304051         23.88276813988512         
199686.3466434181         14.82746712562044         27.01001266891381         
199785.4045054642         19.58058186620999         30.29632677920254         
199884.4833764364         24.25141252780566         33.80436970594164         
199983.5812704521         28.81124738288376         37.60594135876999         
200082.7017663745         33.22525724454788         41.78481029795876         
200181.8487419863         37.44990702988248         46.4382889947965          
200281.0247533489         41.43006614691796         51.6768856201426          
200308.1663171179         42.46768965534805         53.2278605264304          
200335.9645353165         43.50432553293451         54.87343686615873         
200367.5365194445         44.64730962329909         56.8156948450042          
200454.9176358967         47.5958379559473          62.62564798095644         
200552.7609843761         50.45325772337526         69.94382202526687         
200651.881774189          52.76159790909612         78.25497034166773         
200678.4122686135         53.2643316237501          80.62463602658718         
200706.0611366993         53.73208624939038         83.1532876680337          
200787.4149277923         54.75545353540672         90.89140676216249         
200884.5168286236         55.2412426080858          100.5007009467591         
200983.5896237637         54.88159210488577         110.3378500975257         
201082.8919307096         53.68048460729637         119.8101169498389         
201182.2187999845         51.71697704635042         128.5735604745035         
201281.5426643472         49.10200198484035         136.4580411848213         
201380.8586389292         45.9530963891341          143.4364563151322         
201480.1630977192         42.37828166998799         149.5733322085943         
201579.454295605          38.4689353190339          154.9766923669861         
201678.7305940292         34.29899437052921         159.7656003203538         
201777.9925817158         29.92699360905693         164.0533463738936         
201877.233292046          25.39952215039546         167.9403688840139         
201954.4785303762         21.79113641195312         170.7453186299207         
201994.445570244          19.90057754600965         172.1342113887836         
202030.4845023318         18.18403475367244         173.355146360458          
202087.3838655534         15.45415664815157         175.2298924287927         
202172.239240387          11.34654942230131         177.9275676073309         
202269.6889742743         6.59072452257534          -179.0786405202812        
202368.6322573805         1.737886217569726         -176.1044493396326        
202461.7861042265         -2.837093257152533        -173.3209124200611        
202560.2137808455         -7.660758834766492        -170.3518563533166        
202659.2698522029         -12.48663237201334        -167.2864852898031        
202758.409015357          -17.26810539790295        -164.0879107275434        
202857.5728219352         -21.98000952141101        -160.6990658558921        
202956.7596182926         -26.59615856824619        -157.053000233882         
203055.9699287172         -31.08503612245339        -153.072037240216         
203155.2010469022         -35.40746819111646        -148.6658185523063        
203187.1935348725         -36.75759600252237        -147.1379723396117        
203221.2922152132         -38.16980374346531        -145.4449363810682        
203256.6882890649         -39.60385736658813        -143.6120177436694        
203344.2559998832         -42.99210883180692        -138.7127129179695        
203442.142973654          -46.45604164863371        -132.5402427393811        
203541.2928410224         -49.52705368024127        -125.4418132231543        
203640.6028104946         -52.05237855154683        -117.4244129344622        
203739.9425820331         -53.9096173343255         -108.540906480971         
203839.2937772674         -54.99026642253659        -98.98346517541353        
203938.6433496606         -55.22091221268664        -89.09708239545563        
204037.984682119          -54.58475521003184        -79.314190076229          
204137.3145465623         -53.126939531874          -70.03826333526059        
204236.6291554179         -50.94012060276847        -61.54521276197491        
204335.9239485115         -48.13967375599618        -53.95349743921242        
204435.1971914177         -44.8413649684717         -47.25467241380272        
204534.4462680398         -41.14830181562222        -41.36558288780671        
204633.6712654447         -37.14612903564531        -36.17184366123688        
204657.80989778           -36.13371256355822        -34.99980085756117        
204685.74792078           -34.94529601175496        -33.68360826232086        
204714.5190132782         -33.70401647225564        -32.37089507136429        
204777.5002120994         -30.93106321585605        -29.63608498292983        
204871.6370525071         -26.66473284634984        -25.8572240167293         
204970.2070120373         -22.07292249228523        -22.22320945297335        
205069.2545574275         -17.36137550571729        -18.82844709025194        
205168.3323757374         -12.57679796199146        -15.62334739433507        
205267.3941381974         -7.743853329466783        -12.55054195174773        
205366.4397558547         -2.882512064082653        -9.556762092793182        
205465.4747120454         1.988982801818778         -6.592023380749453        
205564.5061374642         6.852997485247444         -3.607573723731728        
205663.5416166857         11.69156673568813         -0.5537923936200518       
205762.588836439          16.48545847622238         2.621976754072985         
205861.6532454849         21.21302153298502         5.977641067912992         
205960.7361111674         25.84884571552869         9.578709278968995         
206059.8398603615         30.36244792692679         13.50096256848813         
206158.9669218287         34.71621220767532         17.83268787288291         
206258.1202649628         38.86290643060044         22.67594220028658         
206333.8551058201         41.85340046670637         26.78939909557822         
206361.6488411673         42.90546721872754         28.40082378413238         
206391.6902276454         44.01202438905702         30.20877565800498         
206439.7224502056         45.70926285269643         33.25009257167468         
206531.1508493847         48.65928836199063         39.5883740396366          
206629.5039293705         51.34014853464095         47.25994692102858         
206697.8787266649         52.84461420126444         53.11343730634139         
206723.9748201566         53.33158091879019         55.45271172044292         
206748.7385779736         53.74625414332218         57.72185999062032         
206816.4525545086         54.63162477613435         64.13983966765757         
206911.6019761772         55.22182915744219         73.51957134546927         
207010.4720387491         54.99208546084301         83.35963343420649         
207109.7527005826         53.91408722621861         92.9128026335848          
207209.0788755217         52.05889640055924         101.7984111995385         
207308.4050281439         49.53448722233046         109.8205064656316         
207407.7232630108         46.45872917961991         116.9332889878047         
207507.0300367777         42.94174411348541         123.1908957417375         
207606.3229345134         39.07761294788515         128.6972986379145         
207705.6017893134         34.94275519206029         133.5714019881478         
207804.8642211361         30.59795638519412         137.9278754460632         
207904.1045379359         26.0914140279511          141.8692939811848         
208003.3178397571         21.46151724257512         145.4845730213408         
208036.4641316934         19.89245909065681         146.6335159564679         
208068.8189504785         18.35177737338494         147.7307821392888         
208104.9956857692         16.61956174842134         148.932126203722          
208191.2512293435         12.4554070847661          151.7048957584352         
208288.8470406295         7.700451033855595         154.7251969200256         
208322.140243859          6.071092086009588         155.7357803342357         
208344.3488606368         4.982759737703574         156.4059648464628         
208364.7226393106         3.983530022340306         157.0185684945887         
208423.440234724          1.100831286202992         158.7762084923122         
208511.4183536964         -3.219869064431993        161.4056618356972         
208609.2525591957         -8.013097534649072        164.3608657959556         
208708.2382549415         -12.83287033261557        167.4316783154049         
208807.3671460734         -17.60968113823921        170.6415276669984         
208906.5269114217         -22.3154978972979         174.0463506237002         
209005.7106846361         -26.92355039069463        177.7136162248275         
209104.9201482791         -31.40190721326928        -178.2780889090165        
209204.1531747091         -35.71077562317472        -173.8373736645241        
209243.3580044308         -37.35554803000782        -171.941380650667         
209280.8099770336         -38.89147263520857        -170.0456358161756        
209338.194972428          -41.16987198811856        -166.9660389383006        
209420.9889265127         -44.27132829231522        -162.1077461130883        
209518.2998073637         -47.57528117035233        -155.6893648594709        
209617.3904122668         -50.46757865024262        -148.2840887180249        
209716.699980665          -52.77539913483002        -139.9567369499382        
209816.0448313225         -54.37564019494209        -130.8104323100204        
209915.3957150644         -55.1686546182362         -121.0937228471274        
210014.7430809215         -55.09872899557921        -111.1927674554696        
210114.0816024039         -54.17089984525339        -101.5439440951468        
210213.4074328467         -52.4491688845844         -92.51496017272956        
210312.7170735388         -50.03693802390307        -84.32693115082969        
210412.0057917433         -47.05186197963121        -77.04918604500138        
210511.271148012          -43.60636358106319        -70.64164651940305        
210610.512591654          -39.79769033725817        -65.0061686236231         
210683.5551197408         -36.80883871574947        -61.28219302440371        
210704.0705658845         -35.94534333943352        -60.29338066677701        
210725.1201895648         -35.04944096739386        -59.30290336239265        
210751.4288519975         -33.91636865536137        -58.09765830767526        
210793.6143497704         -32.07084961882332        -56.23614960191398        
210883.108076721          -28.05358029703436        -52.54485841683661        
210981.1180853052         -23.52370574870722        -48.83790263765253        
211080.1089044893         -18.84229982215275        -45.37242807777609        
211179.1861843667         -14.07753455464708        -42.1145068499215         
211278.2528709853         -9.257454458677429        -39.00640397176964        
211377.3012392689         -4.403059233783664        -35.99356089912753        
211476.338111877          0.4671241965239945        -33.02511062576795        
211575.3706723102         5.335396808927745         -30.0521303949225         
211674.4043721585         10.18389568622036         -27.0255601685168         
211773.4473212273         14.99391296660797         -23.89391787727169        
211872.5069117267         19.74473721816673         -20.60114919035837        
211971.5861297096         24.41230198075203         -17.0843637406957         
212070.6846196787         28.9677878103232          -13.27133427968288        
212169.8049559258         33.37606181271558         -9.077883490338884        
212268.9499821165         37.59320140543616         -4.406275394706482        
212368.122193648          41.56363505432541         0.854373675703141         
212402.2222035681         42.85941238277307         2.820366798984961         
212434.3469240237         44.04291401070303         4.753212812313853         
212465.8436706173         45.16531363811362         6.728168926853477         
212553.9021291886         48.07779838468779         12.69771415353281         
212651.8327279366         50.85497447039237         20.16150924943342         
212750.9626318119         53.06129922929791         28.60958806056619         
212774.1831377149         53.47760888156587         30.709376971892           
212795.5543589895         53.82444770251909         32.67837387150779         
212855.3478915361         54.60139651035689         38.35031694318339         
212949.1135429242         55.21234485589114         47.58317633243869         
213047.8043920244         55.02116117761079         57.41024325336586         
213147.06468269           53.98053862037766         66.98468283563928         
213246.3894274668         52.15839650273258         75.90594866979436         
213345.7177595934         49.66169414366379         83.96925498495914         
213445.0392898056         46.60832632751888         91.12278097906139         
213544.3483851501         43.10907828609653         97.41716625754255         
213643.6438952107         39.25879234096915         102.9551172561588         
213742.9246123647         35.13470377497017         107.8553367365179         
213842.1889439458         30.79821942174116         112.2329641680629         
213941.4300817531         26.29809890713511         116.1911463816194         
214040.6433741446         21.67310840776501         119.8194302760852         
214097.0158998622         19.00111961865763         121.7642824508296         
214151.0704783606         16.41480876422602         123.5645400721263         
214215.2503410936         13.31875873325284         125.6341045862621         
214309.7096937709         8.724022968117691         128.5775230145681         
214363.7781442143         6.079535951841504         130.2231583030091         
214386.3188880379         4.974922264706139         130.9033854219943         
214417.6697090501         3.437042867406525         131.8453326577559         
214501.1098258314         -0.660618746402315        134.3397971494391         
214598.3157246024         -5.431384884346377        137.2536529248792         
214697.2232630826         -10.26569782344978        140.2725952093759         
214796.3349935249         -15.07093066276922        143.4033083883359         
214895.4834382748         -19.81785181424069        146.696681553413          
214994.6530472254         -24.4815316559223         150.2151480776544         
215093.846283399          -29.03328282401958        154.0312248054564         
215193.0653407588         -33.43789921298832        158.2293506425634         
215248.1399518205         -35.80305024825759        160.7594516225897         
215279.9194411724         -37.13746899938158        162.2935721496212         
215312.8645542311         -38.49489305883548        163.9461977311846         
215365.2325757314         -40.59256228804198        166.7139982018255         
215457.6134893578         -44.08412092470734        172.0667538922332         
215556.1144452891         -47.44768345134377        178.525389338629          
215655.3425444174         -50.36478375821792        -174.0947537820523        
215754.6680856845         -52.69792323716404        -165.8003298128579        
215854.0159802302         -54.32742425892461        -156.6817635957151        
215953.3680844819         -55.15281469807655        -146.9806399305546        
216052.7162188548         -55.11635277611367        -137.0788663956288        
216152.0569915068         -54.2206349016944         -127.4128933455278        
216251.3851925614         -52.52767442729283        -118.3550630619704        
216350.6969341775         -50.13984506962839        -110.1326745708286        
216449.9885821715         -47.17464271912142        -102.820184017007         
216549.2572762189         -43.74493488554519        -96.38076596378657        
216648.5005297232         -39.94870585851395        -90.71780331432045        
216722.5055987947         -36.92708765521496        -86.92945158132218        
216745.62367365           -35.95491894897246        -85.81317548817164        
216769.9238784844         -34.91996861907492        -84.67153546337364        
216795.5242698896         -33.81602700754701        -83.50221068057961        
216853.16289654           -31.28386958101464        -80.98556281318908        
216945.7910877303         -27.09810839804743        -77.23628828227957        
217044.1833893652         -22.52558276497034        -73.5803848674464         
217143.2118915953         -17.82335627053104        -70.16435889318666        
217242.2873911564         -13.04497078354411        -66.94350982713512        
217341.3469477091         -8.216172149010767        -63.8603975866448         
217440.3901787242         -3.357136944489493        -60.86131531494272        
217539.4225342199         1.51379422376884          -57.89604805664534        
217638.4518367122         6.379012922483083         -54.91579940346119        
217737.4857798452         11.22063628858644         -51.87112772181944        
217836.5294094197         16.01947488091048         -48.70985868497581        
217935.5917860637         20.75433311088467         -45.37459819874733        
218034.6770412172         25.40034455728321         -41.80058987974684        
218133.7826345349         29.9273703777613          -37.91332164315312        
218232.9101753421         34.29855983718198         -33.62584656538586        
218332.0632349583         38.4677784127146          -28.83743298950653        
218431.2438919907         42.37653733265166         -23.43483059566877        
218453.5568251158         43.21265802705632         -22.12277493453381        
218478.323327587          44.11976979376493         -20.62142845542542        
218511.555192573          45.29996125702831         -18.52949954940174        
218583.4600945003         47.69250048350754         -13.68212222554243        
218679.1564174346         50.47706119437627         -6.507240625619627        
218778.0443623778         52.7747855089285          1.791265921740791         
218802.8635523398         53.24542222284638         4.007690341766597         
218828.1025706674         53.67673310894222         6.311626206827026         
218855.1964298822         54.08471873738958         8.836763549491819         
218898.8959241076         54.61789246853232         13.00862398782953         
218989.5618833718         55.20739585923347         21.93724760941329         
219087.8761361819         55.03056157714227         31.72798852166857         
219187.0938755921         54.00522265651713         41.3069428042273          
219286.4135289914         52.19658183742677         50.24169070273339         
219385.7407006435         49.71125641237399         58.32117783214162         
219485.0612772047         46.66716408283805         65.4908737702937          
219584.3716219766         43.17523442874752         71.80012792103585         
219683.6687287898         39.33067570069675         77.3509071427607          
219782.9507418908         35.21105985886283         82.26179012640567         
219882.2167139151         30.87803189861273         86.6481042029438          
219981.4620167948         26.38045839519308         90.6133154393264          
220080.6793343858         21.75738098856534         94.24709960890863         
220130.6123987655         19.39285830025364         95.97568377216355         
220163.0857035052         17.84381703747703         97.06968423875287         
220196.724535455          16.23089094138952         98.18075200575562         
220251.4939011773         13.58909570612137         99.94755994561871         
220333.9876965852         9.580534000260059         102.529192112355          
220405.6721316185         6.076463397407418         104.7163405476287         
220431.5007737721         4.81066551716008          105.4955857146876         
220457.2781903436         3.546181575423514         106.2700334629394         
220502.0862906938         1.346264799122864         107.6110545301784         
220592.6033807569         -3.099143689926284        110.3163577805662         
220690.7235039747         -7.906764507457812        113.2791622951663         
220789.7412567283         -12.72885675880941        116.3489095040535         
220888.8729233178         -17.50699218432563        119.5556118981321         
220988.0331381457         -22.21452230388996        122.9558702499512         
221087.2159897699         -26.82482189935171        126.6169665989033         
221186.4238830633         -31.30613338953356        130.6172398739228         
221285.659211583          -35.61904818210087        135.0479777894435         
221317.5601201365         -36.96165678355479        136.580350130393          
221350.3246659413         -38.31511899682937        138.2155040259609         
221402.6464306517         -40.41729897263135        140.9658667551503         
221495.0235051569         -43.9223039669944         146.2881049392979         
221593.5262153158         -47.30426811832969        152.7097677625712         
221692.7542126039         -50.24459751273069        160.0489998300078         
221792.0786141418         -52.60624387553163        168.3032516616711         
221891.4259919431         -54.26936915502203        177.3884609012529         
221990.7801430556         -55.13222243517222        -172.9295730447471        
222090.1312251342         -55.13464512100165        -163.0278819005462        
222189.474142401          -54.2764105999279         -153.343110125542         
222288.8043953455         -52.61718785409018        -144.2525491659639        
222388.1195027148         -50.25804475565062        -135.9905009646923        
222487.4146390473         -47.31629238698582        -128.6376848834996        
222586.6869097576         -43.90528149392547        -122.1611230030552        
222685.9346920042         -40.12371981811165        -116.4658895107943        
222785.1561457501         -36.05271795692195        -111.4346768495881        
222803.3512473456         -35.27999806347896        -110.5745943931577        
222820.7609475357         -34.53387091615325        -109.7681597063338        
222870.8385365666         -32.35341839147432        -107.5332468788561        
222936.9165964192         -29.40682062607065        -104.7586519442598        
223031.6326814471         -25.06841239100238        -101.0755272274147        
223130.2578917588         -20.43722958741518        -97.53706321399372        
223229.3008342269         -15.69857775060986        -94.21612032948416        
223328.3682403271         -10.89537600342701        -91.0636614536776         
223427.4188226904         -6.051049084040449        -88.02438863692718        
223526.4539637021         -1.184871905715233        -85.04645849140759        
223625.4806815297         3.685278907160319         -82.08054539447089        
223724.5077495114         8.541833193053282         -79.07780746297868        
223823.541693273          13.36644515428475         -75.987864948329          
223922.5900574704         18.13920418869836         -72.75649375390232        
224021.6580378357         22.83736850127388         -69.32339078446795        
224120.7499097683         27.43408148313214         -65.61965439993251        
224219.8632011306         31.89639976939275         -61.56555557348132        
224319.0010438208         36.18369855987024         -57.06805700041021        
224418.1668164791         40.24473294615046         -52.02044316295735        
224479.2571987608         42.60577828856981         -48.58724620659881        
224499.2965030367         43.353172562361           -47.40132354242737        
224527.6062094839         44.38407971399184         -45.67265455803737        
224560.0181568065         45.52606637719489         -43.61379435545956        
224610.691789363          47.22185947769925         -40.21613748783189        
224702.730117843          49.98129188575631         -33.45547773852159        
224801.1677901959         52.38718633054945         -25.36018664545653        
224844.8921359261         53.24574766790611         -21.48973655668548        
224890.2673946111         53.98535650543818         -17.313730536149          
224936.5394461085         54.57089404300069         -12.91196953940445        
224999.0608100547         55.07671525676408         -6.792776739323533        
225087.2963836882         55.20971705022025         1.999779230313            
225185.335951054          54.55607762841881         11.644156255198           
225284.5204220619         53.08262248365424         20.88858216732791         
225383.8339009322         50.88175812373007         29.35883032994892         
225483.1561056781         48.06992722564535         36.92842786322165         
225582.4692400522         44.76295938383638         43.60666270034847         
225681.7701947875         41.06354902387394         49.47774725462961         
225781.0568142682         37.05696952239023         54.65623975248255         
225880.3283444373         32.81153552889273         59.26048892013729         
225979.583868105          28.38127021568474         63.39977973302896         
226078.8160596974         23.8092523347947          67.16979130907968         
226178.0216474435         19.12991842788293         70.65301077046593         
226211.9056073134         17.51196583067793         71.79020517705118         
226245.8846481401         15.88106778798384         72.90806060057568         
226297.4981924286         13.38975800767031         74.5683979925865          
226389.5873278147         8.911483282499381         77.44097619417416         
226487.9098321893         4.098492397484757         80.42240474608261         
226585.3104159585         -0.6840437613347645       83.33597401939977         
226684.2388555524         -5.539003464349664        86.30219565845849         
226783.3460116759         -10.38220458995928        89.32933620730583         
226882.4826671742         -15.18725102044928        92.46430805864117         
226981.6368847503         -19.93248308382095        95.76279289323891         
227080.810291646          -24.59371213127434        99.28795016834357         
227180.0071230275         -29.14219788238302        103.1126135895847         
227279.2314455844         -33.54262662514049        107.3216138375896         
227323.3407476102         -35.43965422656498        109.3408906929896         
227357.8282538569         -36.89338781551741        110.9919203062519         
227395.4437980428         -38.44640847844924        112.8710232428721         
227483.9035400189         -41.94501180925128        117.6480302737734         
227581.9129733951         -45.5172027009857         123.6106445720205         
227681.0766517301         -48.72108463508586        130.464898320687          
227780.3869399242         -51.41075101719845        138.2292147205813         
227879.7272423515         -53.46498220336218        146.8847701968324         
227979.0800249088         -54.77027171107156        156.2832531583346         
228078.4366211272         -55.24104081476706        166.1193556064061         
228177.7884528623         -54.84333958632725        175.9744419871949         
228277.1311290446         -53.60578502664004        -174.5750043869784        
228376.4595403802         -51.61016439637989        -165.8466546007336        
228475.7692489657         -48.96808468482998        -158.0014563896388        
228575.0576104154         -45.79694696443619        -151.0611398594873        
228674.3217920652         -42.20415925176684        -144.95827114561          
228773.5610099975         -38.28033111770295        -139.5837185099666        
228828.636808251          -35.98693902721912        -136.8707632093709        
228846.7481406871         -35.21720338904298        -136.0161440324233        
228866.0235937452         -34.39017345763089        -135.1257140717138        
228919.7990221786         -32.04344751410234        -132.7391997302557        
229007.3933852487         -28.11244885544519        -129.1251233680066        
229105.1708667423         -23.59568328078289        -125.4224315102009        
229204.1379505768         -18.91747837421238        -121.9539070659693        
229303.2146338723         -14.15442455961858        -118.6930955261555        
229402.2809904534         -9.335683946029834        -115.5829914084454        
229501.3284858665         -4.48232758512237         -112.5689891826036        
229600.3612647532         0.3869693383604963        -109.600263357822         
229699.386969523          5.254529229671512         -106.6278764755554        
229798.4126683208         10.1025840717057          -103.6027602537062        
229897.4470093846         14.91248406249553         -100.473495995153         
229996.4966214378         19.6635321981786          -97.18417767669892        
230095.5679728999         24.33190135057336         -93.67196226892419        
230194.6630380233         28.88897341655438         -89.86472373594701        
230293.7813670142         33.2996016631206          -85.67861840429153        
230392.9252563044         37.52001405263467         -81.01618307546649        
230492.0971365413         41.49486429673721         -75.76675490744346        
230533.5036896984         43.06534471465            -73.37350317062733        
230556.8311641924         43.92368897582403         -71.96788368427903        
230582.7124237432         44.85200332173858         -70.35776783693214        
230657.0643561892         47.36363425401665         -65.41935080758208        
230753.1631475198         50.21175491388667         -58.30347797106413        
230852.0843740669         52.57394126316028         -50.09016278905113        
230885.9001328005         53.22824801950802         -47.08537860295036        
230905.9475597693         53.57607196009653         -45.26065857278822        
230932.1005752892         53.98323037197954         -42.83528606092027        
231006.6836757003         54.84009191146624         -35.68300003393203        
231102.8680815711         55.24183416348541         -26.14342232663476        
231201.8380596768         54.80507795378119         -16.33520164017393        
231301.1298069963         53.53211379410373         -6.916831472197198        
231400.4547960008         51.50571152542584         1.772234220819475         
231499.7780744685         48.83833403753363         9.575109127847615         
231599.0920785698         45.64723522201064         16.47479903751739         
231698.3931596624         42.03913296793454         22.54146300328497         
231797.679359524          38.10383377430102         27.88515087808353         
231896.9505712856         33.91373925729493         32.6249659973066          
231996.205006144          29.52626733400972         36.87311915171918         
232095.4445786308         24.98665727785338         40.72916057641983         
232194.6597704664         20.33154142034902         44.2785771700235          
232246.1202355335         17.88105435760135         46.02393394232082         
232278.5373914754         16.32699485227105         47.09559047745202         
232312.1307904716         14.70913505848928         48.18621990581248         
232398.5720728291         10.51743144817898         50.91524532290377         
232496.1924649891         5.747678459146611         53.89990760650078         
232522.4264223478         4.461636373772799         54.69046398485346         
232549.7390297474         3.121503481168419         55.510224788694           
232578.8214016124         1.693592073606615         56.3805353401039          
232660.7636642293         -2.33106587908056         58.82889892027565         
232757.7530879877         -7.086398760052488        61.74949308905582         
232856.6388131934         -11.90850529388795        64.79806159460409         
232955.7541995076         -16.69587050712072        67.97759422140612         
233054.9105840153         -21.41729508402686        71.34043473974617         
233154.0907296469         -26.04636627520561        74.95192773034138         
233253.2966983505         -30.55238504271258        78.88840130134821         
233352.5308604236         -34.89741094968322        83.23883632842805         
233391.3722070283         -36.54394572822338        85.07584238855408         
233430.9687937028         -38.186056391906          87.03660231765315         
233491.6396446526         -40.6217997208264         90.23014174713853         
233579.7690923908         -43.95678834538327        95.32728422965263         
233677.7640245506         -47.31850672096157        101.7214570608778         
233776.9348543254         -50.25501757547129        109.0600637677419         
233876.2529112864         -52.61411851256221        117.3170149503381         
233975.5976877641         -54.27443517516783        126.404572766726          
234074.9524844927         -55.13425272171299        136.0880045311588         
234174.3086997536         -55.13352584688916        145.990038534974          
234273.6562347156         -54.27221286398717        155.6735091880513         
234372.9920973536         -52.61016775133474        164.761645635962          
234472.312237008          -50.24859773321441        173.0205722328436         
234571.6120963334         -47.30484490548768        -179.6298823838894        
234670.8894857671         -43.89220701867404        -173.1563557140788        
234770.141274354          -40.10938946452475        -167.4638524516108        
234869.3664223189         -36.03741634620864        -162.434961266062         
234892.5482742372         -35.05148491075946        -161.3427858173218        
234913.7948133401         -34.1376956958227         -160.3666842623234        
234975.1381165115         -31.44951455133357        -157.6722965333192        
235069.0953178564         -27.20857604658154        -153.858024677565         
235167.6456599613         -22.63186278064853        -150.1893286381999        
235266.6976375971         -17.93092404366277        -146.7674377954075        
235365.7807295909         -13.15400127270879        -143.5427272428962        
235464.846395608          -8.326236073732613        -140.4570728217755        
235563.8928349013         -3.467920427412396        -137.4566961103384        
235662.9267472308         1.402644370521246         -134.4912845793095        
235761.9542257162         6.267765122547844         -131.5120889657691        
235860.9828627901         11.10957683245931         -128.4697226862167        
235960.020511772          15.9090732353539          -125.3120325231636        
236059.0731259086         20.64498264391099         -121.9818942611077        
236158.1479587941         25.2926970855361          -118.4146835769816        
236257.2469834238         29.82242977617187         -114.5359966260594        
236356.368598016          34.19737124555402         -110.2593206169487        
236455.5165037047         38.37164961172568         -105.4842509296038        
236554.6914932085         42.28705566849191         -100.0978643150257        
236591.4425165858         43.6577820469546          -97.92305603766467        
236625.8047604235         44.89435467560287         -95.7937705783293         
236660.908037948          46.10859412275795         -93.51804316853288        
236747.0853456762         48.85174712120703         -87.47409887328116        
236844.7784413118         51.47915484322634         -79.79848108551508        
236917.8608687245         53.0456289524315          -73.49008062657448        
236940.6140369014         53.45518041221434         -71.43435741108529        
236964.1670812969         53.83758908956376         -69.26463304080364        
236989.124545001          54.19519307885399         -66.92283604122717        
237045.7336377818         54.81729881721621         -61.47306629491739        
237134.7548708785         55.23959474513837         -52.65441039455556        
237232.8884775401         54.89637910028171         -42.90739015723663        
237332.0860727224         53.71309688745232         -33.43325920310748        
237431.4026759472         51.76470697616635         -24.65322558204199        
237530.7261527516         49.16215970819189         -16.74925475738437        
237630.0409024232         46.02323609991297         -9.751949640685512        
237729.3428060948         42.45629062838749         -3.598197659995392        
237828.6298879422         38.5530999487327          1.819509691023689         
237927.8998672497         34.38799420508402         6.620210790196052         
238027.1528631449         30.01983585393345         10.91741568358662         
238126.3894432923         25.49510549515922         14.81215042553603         
238225.6081567844         20.85093852917872         18.39165096254515         
238297.72512411           17.41722123975695         20.83910727749627         
238337.2943544528         15.51659077874976         22.13749156152996         
238377.4507588008         13.57767757745301         23.42803099436514         
238440.4037331347         10.52106821724816         25.40536593371125         
238534.5479792682         5.921427002457327         28.28504352324097         
238568.6268102145         4.25072433242044          29.31196961509432         
238591.1305508693         3.1464310782919           29.98722269882048         
238612.9205726786         2.076594686326893         30.6395165584728          
238677.7016642969         -1.10541941804216         32.57487280214261         
238772.2277458292         -5.744000249145414        35.41097494611897         
238870.861062489          -10.56321549517273        38.42690145861718         
238969.9465983314         -15.36428162430385        41.56531092274613         
239069.096067769          -20.10696249366551        44.87084995476507         
239168.269966892          -24.76491345123526        48.40574048423525         
239267.4688341329         -29.30900365634202        52.24312159459104         
239366.6952142376         -33.7035580769384         56.46827252450898         
239432.6060064021         -36.51779052122659        59.53636421957837         
239497.4419461563         -39.18684745487389        62.7942153833808          
239592.0680900104         -42.86823333538064        68.04369687665039         
239690.8390360535         -46.37466350231417        74.24914793781871         
239790.0917201419         -49.46062301012648        81.33389679188643         
239889.4134094007         -52.00038520090889        89.33127551605733         
239988.7542339158         -53.8744186480317         98.19640885677622         
240088.1057346705         -54.97404239475909        107.7415350028391         
240187.4620451708         -55.22478738454403        117.6254642629011         
240286.8126532529         -54.60830703365833        127.4161673664203         
240386.1526853638         -53.1684107929496         136.7079675188928         
240485.477471631          -50.9969642325965         145.2212798028971         
240584.783628385          -48.20909567616243        152.8343073870286         
240684.0675157844         -44.92082145846233        159.5530387183598         
240783.3267085254         -41.23563898946036        165.459525711311          
240882.5584258069         -37.23973384137634        170.6677029906663         
240918.7792877317         -35.71752685865775        172.4186145371437         
240954.3298671953         -34.19490677306307        174.0676203530505         
240987.7557451604         -32.73968054285952        175.5597988041288         
241074.7017625719         -28.86059755941297        179.2053566080061         
241172.3974868772         -24.36807405037426        -177.0416511826036        
241271.3593774941         -19.70579512836193        -173.5317307760575        
241370.439393539          -14.95399915576442        -170.240216706401         
241469.5104727987         -10.14276589408881        -167.1091038540717        
241568.5622558696         -5.293652642403448        -164.0829235971122        
241667.6003200701         -0.4254899766803006       -161.1102609121978        
241766.6310197208         4.443908502841072         -158.1420312405853        
241865.6616021297         9.296856275170873         -155.1293272262292        
241964.6975826938         14.11477727587016         -152.0213565702764        
242063.7474361458         18.87746790729895         -148.7630728455647        
242162.8158430452         23.56163338959714         -145.2930226208897        
242261.9094600901         28.13975947240962         -141.5406560451636        
242361.0264705028         32.57785217810208         -137.4242769151207        
242460.1671093958         36.83369423616681         -132.8488080464094        
242559.3343351618         40.85411235054276         -127.7055815984874        
242620.244133845          43.17785848223895         -124.2150004344149        
242641.7160448269         43.96637529157942         -122.9177996106516        
242661.5701654111         44.6800338773232          -121.6857348353124        
242694.1109631211         45.81563581948689         -119.596282565832         
242745.6933719921         47.52148043795165         -116.098032592122         
242837.8432675847         50.23893776391557         -109.2501500514587        
242936.2932871096         52.58583940689124         -101.0696494560953        
242976.970723446          53.36140400442834         -97.44217997157493        
242997.7718603681         53.71016501803847         -95.53656142723796        
243017.6340665552         54.01179248833795         -93.68749733360062        
243074.0817050217         54.69488182074869         -88.29558833568647        
243163.2537611411         55.22223990102999         -79.49425062918547        
243261.4066765644         54.99409694739875         -69.72530865311009        
243360.6106323539         53.92013551098072         -60.17735965897634        
243459.9309606012         52.0681613721401          -51.28866294764624        
243559.2589856358         49.54627407791934         -43.26225662335732        
243658.5791997844         46.47245933194855         -36.14522963089122        
243757.8859273461         42.95698249191554         -29.88390161668023        
243857.1776680648         39.09399250557336         -24.37433750045816        
243956.4514984377         34.96011429478699         -19.49775529696601        
244055.7084547821         30.61606922965298         -15.13924946885646        
244154.9477157765         26.10988158937432         -11.19600721468939        
244254.1707992787         21.47966193419386         -7.578876337609593        
244353.371853882          16.75659525291135         -4.211586606075593        
244391.6697190376         14.91366498966249         -2.9639046031855          
244450.873184565          12.04782887977322         -1.080692706242387        
244544.4441955886         7.486309743595099         1.809033790458902         
244604.9099967931         4.524417564033444         3.637797775936737         
244626.4739897917         3.466404951668757         4.285345641963476         
244653.2427938771         2.152210716365462         5.086974244166058         
244727.4129523896         -1.491020771996968        7.302892674376939         
244823.3105739579         -6.195861897011863        10.18316782800339         
244922.0739105949         -11.01858210559313        13.21098404749484         
245021.1780020851         -15.81577869459076        16.36304937745817         
245120.3338770778         -20.55184198631163        19.6875502894793          
245219.51412895           -25.2006353972004         23.24789870530018         
245318.7176358886         -29.73241025570197        27.11822215378134         
245417.9479233222         -34.11079360397169        31.38508191135772         
245454.414187884          -35.67224853108527        33.07186372322845         
245491.7131994502         -37.23874118915102        34.87188230292767         
245547.4577302462         -39.51544573531898        37.71598969360726         
245629.1741821915         -42.69090402316287        42.25822464268226         
245726.3327419641         -46.16145179928185        48.31851689843487         
245825.3981301212         -49.2732740184079         55.3324147728219          
245924.6976452647         -51.85230349690786        63.26826375061416         
246024.035933835          -53.77390088661966        72.0802019209775          
246123.3866079245         -54.92749410616007        81.58966696700078         
246222.742063785          -55.23554314601351        91.46431618406849         
246322.0916525228         -54.67559434428592        101.274734381428          
246421.4317937032         -53.28758950728076        110.6099823588882         
246520.7574996748         -51.16093834654116        119.1802808761894         
246620.0647650403         -48.41001982264625        126.8538063024571         
246719.3512298749         -45.15127466502194        133.629765019986          
246818.6123990687         -41.48932174559968        139.5865900806274         
246917.8467399906         -37.5114788245174         144.8372268695894         
246955.6311762775         -35.92867639725009        146.6761422138868         
246977.6777182706         -34.98998379600544        147.7124275830988         
246998.4215283184         -34.09723896614912        148.6641499438633         
247054.839321028          -31.62629620644907        151.1460631338542         
247146.1327122641         -27.51278575271094        154.8711626224288         
247244.3670850131         -22.95847785906749        158.5488529448328         
247343.3790520532         -18.26539480828562        161.9856785463149         
247442.4542212626         -13.49310554818391        165.2219963297129         
247541.5154918097         -8.66831101535738         168.3153797161609         
247640.5585015425         -3.811572013958848        171.3198593580003         
247739.5901535871         1.058743288785032         174.2859373409292         
247838.6171546183         5.924957290810809         177.262416611598          
247937.6464269357         10.76921840647072         -179.7014465784065        
248036.6839888506         15.57254375736894         -176.5538197904735        
248135.737667908          20.3139427821737          -173.2379457202171        
248234.8131130915         24.96901593278425         -169.6898530117413        
248333.9163920609         29.50856853285741         -165.8357491744056        
248433.0453048809         33.89630407265382         -161.5900167736405        
248532.200101437          38.0869289560908          -156.8533222359134        
248631.3804740086         42.02314172468189         -151.5135344901401        
248679.3157180538         43.8132316589516          -148.6817431702052        
248699.5395245729         44.54331325200624         -147.4332915804958        
248727.5264075724         45.52702829598699         -145.6505384312188        
248808.779869799          48.18871930842513         -140.0929475058873        
248905.8156770188         50.92339898221727         -132.6693362853482        
249004.841471999          53.10957797821364         -124.2072682027644        
249029.9597789766         53.55321217324316         -121.9289427607076        
249055.2108144388         53.95037724046374         -119.5907344475749        
249082.5007636682         54.32269364647151         -117.0146835968477        
249126.9709581742         54.79807182634073         -112.7239886918411        
249217.6921710488         55.24091445032273         -103.740674263765         
249316.0198324942         54.90246308100899         -93.97304439079075        
249415.2437278884         53.7230893860165          -84.49320091655608        
249514.5686766598         51.77810642007884         -75.70812803483824        
249613.8984889258         49.17832265731679         -67.79903005895227        
249713.2195256534         46.04153109943798         -60.79691568020871        
249812.5273618265         42.47619246546834         -54.6389845251531         
249911.8199980468         38.57419154126782         -49.21780539490458        
250011.0952167772         34.40995047904689         -44.41429973749331        
250110.3530195891         30.04241235038476         -40.1148810448921         
250209.5935903606         25.51813320627056         -36.21844726191763        
250308.8176749763         20.87418823611139         -32.63760205749651        
250408.0181760597         16.14104361245659         -29.29758603777406        
250445.5944351037         14.32990816499181         -28.08139040576772        
250481.8533622893         12.57456973548391         -26.92857149282712        
250540.3653585236         9.728646567517613         -25.10413414957811        
250628.8662615116         5.401057030831081         -22.40709480697199        
250662.0545379817         3.773393241071145         -21.40871761715726        
250717.1376904123         1.068842168912163         -19.76010665489651        
250768.7342066551         -1.465659729386759        -18.2189825970084         
250859.9897183944         -5.943113669926544        -15.4793611755316         
250958.2116572186         -10.74105957499218        -12.47291897689853        
251057.2552726488         -15.53824998222981        -9.330933238834897        
251156.4056457602         -20.27831405457228        -6.018309120333255        
251255.5857813335         -24.9329276222708         -2.473650942424122        
251354.7896484844         -29.47243840829443        1.376368962800525         
251454.0199814946         -33.86089749719356        5.617515490934363         
251492.1862321207         -35.49906967177499        7.373151389839046         
251529.5644951053         -37.07236416702718        9.168479390155627         
251588.1072932621         -39.46724493970002        12.14598652104172         
251674.083379365          -42.80547639769037        16.9308412432872          
251771.7981678899         -46.28304039036826        23.05221964980113         
251870.9306435427         -49.37909426132024        30.10332505529913         
251970.2402656898         -51.93604619368931        38.07358024378892         
252069.5805514581         -53.83097504105219        46.91557257141239         
252168.933079415          -54.95427664349801        56.44542856093763         
252268.2884092326         -55.23010403347659        66.32551090890948         
252367.6380284596         -54.63833765002356        76.12506098332751         
252466.9777537929         -53.22109620465018        85.43605060015425         
252566.3038561237         -51.06915206230592        93.97449708659801         
252665.6110894284         -48.29734469468233        101.614081378496          
252764.8966725916         -45.02188080592028        108.3578821323767         
252864.1575409798         -41.34674280781629        114.2864119536293         
252963.3927315124         -37.35855712827246        119.5132501533059         
253002.6901210193         -35.70826162353247        121.4158895162221         
253024.3807610124         -34.78233851945712        122.4296277853733         
253047.9863769142         -33.76337397378985        123.5051168397031         
253116.7687270674         -30.73337672241381        126.4870620001208         
253211.8858629023         -26.41599463276684        130.2873373619907         
253310.5686075403         -21.81310518404557        133.909264809421          
253409.6249030088         -17.09681753479465        137.2918363660218         
253508.6985345581         -12.30945698684907        140.4877901562734         
253607.7530704555         -7.475048699146923        143.5544689965644         
253706.7902526702         -2.613361025656057        146.5449377124177         
253805.8176029124         2.257523985506862         149.5090979621506         
253904.8401512671         7.119881367312517         152.4956119141749         
254003.8659977959         11.95573578396756         155.5542039067032         
254102.9028961784         16.74577189289577         158.7377383859812         
254201.9564152462         21.46819802162132         162.1044574132087         
254301.0338507127         26.09766243194289         165.7205595333782         
254400.1401059912         30.60345383306009         169.662583134541          
254499.2770890123         34.94744798738899         174.0196087732539         
254598.4406419331         39.08146905538945         178.8941891953017         
254697.6304623764         42.94477948952195         -175.5989964806433        
254728.722024837          44.08817011184805         -173.7240259470169        
254750.9268163238         44.88241357627551         -172.3378863433751        
254774.813198531          45.71469001209043         -170.8013781997244        
254843.0989903864         47.95542425121107         -166.1372685095237        
254938.2563967607         50.68222991367512         -158.9316124199891        
255037.0849271072         52.92743350443546         -150.5691257372198        
255069.8289254098         53.51985983039612         -147.6140942962832        
255091.3313437952         53.86448762519146         -145.6289189533651        
255111.9322639774         54.16051706722971         -143.696480937076         
255169.0703036729         54.79992199882921         -138.2031171911287        
255251.8846122664         55.23089012108372         -130.0084803676424        
255349.2243229877         54.96527365005832         -120.3260278604655        
255448.3340917504         53.85822719985376         -110.809114127661         
255547.6440709666         51.9766301526365          -101.9542101120872        
255646.9725567964         49.42974871195077         -93.96514110127669        
255746.293848753          46.33569036916756         -86.88480610735206        
255845.6041140016         42.80409739914992         -80.65646355840016        
255944.8997554486         38.92845984895916         -75.17514906671438        
256044.1782868118         34.78469193107154         -70.32193983929366        
256143.4400742757         30.43295952182462         -65.98234982153937        
256242.6835364895         25.9208660420058          -62.05414249306492        
256341.9112131698         21.2861325823295          -58.44866806414599        
256441.114671703          16.55981577737188         -55.09021212918248        
256480.8872733149         14.64476251320932         -53.79782663872712        
256514.5396987209         13.01706766730263         -52.72405246331834        
256549.5331775048         11.31834380081337         -51.62413463716543        
256636.8253331515         7.059222208597518         -48.93886522397558        
256698.1558993924         4.053874787700756         -47.08732594028059        
256718.2999980985         3.065315279654114         -46.48313011330612        
256745.3333570505         1.737970847811849         -45.67420565430632        
256776.6536477138         0.1995743493399406        -44.73854340475356        
256828.7944057491         -2.361362699370641        -43.18058672668879        
256920.9527603583         -6.880282990856162        -40.40661250944115        
257019.2879680311         -11.67724177192593        -37.37954276862691        
257118.3465640177         -16.46465665036139        -34.20930227554958        
257217.5015746267         -21.18996082820625        -30.85700667048982        
257316.685762431          -25.82451208527643        -27.25928046774816        
257415.8944635303         -30.3375883876891         -23.34057348259359        
257496.9207924209         -33.90670195831805        -19.8417422638222         
257535.4744051583         -35.56042552758185        -18.06585086246774        
257574.3371674209         -37.19416777932582        -16.19450306991869        
257634.7761271521         -39.6603497983606         -13.10611142798343        
257723.7019190798         -43.09516182173599        -8.11737061425193         
257821.7914352543         -46.55495678685157        -1.908903231408184        
257920.9695267957         -49.61187690927171        5.218440535598796         
258020.2865964733         -52.11879017862491        13.26378306487583         
258119.6303680656         -53.9539530143314         22.17149653424019         
258218.9836516511         -55.00961719711942        31.74457434500506         
258318.3405200718         -55.21386126603324        41.63470419997813         
258417.6918627229         -54.55169731589456        51.40823333736036         
258517.0315660536         -53.07002020019902        60.66404650160525         
258616.3562715403         -50.86257695759821        69.13099014817314         
258715.6620721682         -48.04504622816422        76.69517927582113         
258814.9461280438         -44.73299856385014        83.36804640474473         
258914.2052997253         -41.02908447052753        89.23426769875684         
259013.4386150166         -37.01846701478568        94.4086603981856          
259046.163950488          -35.64040149910024        95.98400869267924         
259067.6523271948         -34.72242044044553        96.98658317889472         
259088.1128321635         -33.83929248045413        97.91894808775838         
259150.0552177196         -31.11639387093774        100.6188576563417         
259199.9999996857         -28.87272230998932        102.6741436454023         
