Sat2.ElapsedSecs          Sat2.Earth.Latitude       Sat2.Earth.Longitude      
0                         -0.06831858787070398      19.42050506541183         
59.99999988125637         2.873573447337042         21.2288426168392          
152.2271698107943         7.386538635386668         24.03278697826035         
250.5010247812606         12.16827673358607         27.09307185637983         
349.4568411377259         16.93560021270608         30.30139624231492         
448.5043268068694         21.63725883068917         33.69812077462903         
547.5823079352267         26.24422162954078         37.34747873803261         
646.687916025985          30.72498342263767         41.32582107814926         
726.3330627582036         34.20766914717739         44.82019659575325         
749.8241091496311         35.21097370113652         45.90964533983031         
773.6903395853005         36.21789188605216         47.04651282590191         
803.0848303693347         37.43970094574907         48.49056581688168         
848.7085189204663         39.29248072629411         50.83432359654646         
939.3690162221901         42.79308928782405         55.90218118543946         
1037.602089880966         46.25563052053896         62.09558507532414         
1136.741781409364         49.31201738103453         69.1826182010133          
1158.620310772676         49.91674491533586         70.86634940831907         
1182.313511695247         50.54014711546599         72.73913611561215         
1211.358711286448         51.25742265145164         75.1045959959353          
1256.816363660619         52.26956274969279         78.95718399036627         
1347.362995531876         53.84470566129169         87.13323217577089         
1445.640776690561         54.81656021815075         96.59015463938019         
1544.834206171799         54.95620192281064         106.4106560008223         
1644.138426391874         54.23976728215524         116.0968860384997         
1743.456976837479         52.71613127291292         125.2544928544536         
1842.777535167988         50.47930632973396         133.6267531518494         
1942.094390478451         47.64343370659338         141.1095418353687         
2041.404828603845         44.32175296782589         147.7181493979718         
2140.704914554954         40.61465570841304         153.5369275080078         
2239.992968284059         36.60545878242172         158.6784701089178         
2266.456853609998         35.49465528670445         159.9495802498138         
2296.733704197686         34.20474386800214         161.3577309751076         
2377.45824434096          30.67703354030861         164.8939950029875         
2474.423594854306         26.29704395127712         168.7823490824155         
2573.369337210897         21.70214819575479         172.4264046243065         
2672.525122622028         17.0013577631107          175.825802502139          
2696.30369291408          15.86272550248103         176.610973185646          
2729.024845396634         14.28989345940062         177.6754865532926         
2813.190543826204         10.21759529363284         -179.6575347541746        
2910.545797110535         5.472560254733242         -176.6652751157355        
3009.483224095311         0.6302429317115432        -173.6785917363135        
3108.593042206485         -4.222839710839414        -170.6929594353409        
3207.718377420679         -9.060936850386591        -167.6645061801834        
3306.847253465094         -13.86460431773506        -164.5431169164597        
3405.984115158208         -18.61347558229864        -161.2741834052563        
3505.133897345513         -23.28435755582418        -157.7967697255403        
3604.301442147698         -27.849816345517          -154.0411951818466        
3703.491371660493         -32.27641870874371        -149.9266516961048        
3802.707906276919         -36.5225121166844         -145.359377040424         
3863.976560009178         -39.03146640376014        -142.267561476762         
3896.901007380802         -40.33782345035176        -140.5088781550682        
3926.901607203763         -41.49989684729635        -138.8425091874613        
3974.468983663246         -43.28185638713372        -136.0674027802891        
4065.810505987611         -46.46431601480108        -130.2399751295422        
4164.18288530549          -49.46663190326203        -123.1595815268454        
4263.386410474777         -51.94239329413214        -115.1303534501326        
4362.690994678997         -53.75040516806029        -106.2515972213139        
4462.010305153672         -54.7834347049353         -96.72599058459662        
4561.331557820085         -54.97187968075357        -86.89748494443458        
4660.650454019196         -54.30212995596386        -77.18954565297793        
4759.963103709742         -52.82079308164262        -67.99273956903481        
4859.266347647645         -50.62007008817906        -59.57146511174987        
4958.55760902632          -47.81358861525075        -52.03757851707781        
5057.835486601107         -44.51503004445775        -45.38105538032706        
5157.095489976928         -40.82572689471235        -39.52022013911681        
5213.675200939178         -38.58060346148947        -36.49254419963289        
5277.435770281591         -35.9475795271244         -33.31941737770187        
5346.597329049837         -32.98631205809439        -30.12986717946136        
5438.634089066181         -28.90531287872737        -26.23238677022694        
5536.97164314799          -24.40355740245958        -22.42706876301231        
5636.003456125036         -19.75651353504529        -18.88918705776503        
5735.092329431791         -15.02164170520452        -15.57323541828625        
5834.172371251043         -10.22639360992313        -12.41897291287541        
5933.240656508133         -5.392163505777999        -9.370660977015769        
6032.292879628949         -0.5384387370722538       -6.377136628528761        
6131.333808554336         4.316735819648527         -3.389325772004333        
6230.370915960521         9.155556135401305         -0.358335335126669        
6329.41103487974          13.95940579576049         2.7665618798401           
6428.460143704433         18.7078822025475          6.040106987509084         
6527.526108326856         23.37779883846789         9.523466658245146         
6626.614570186939         27.94159484851069         13.28653805517729         
6725.730193499476         32.36563870721005         17.41036018613401         
6824.877576471772         36.60805169075613         21.98895449295353         
6924.073694658            40.61649190261615         27.13008604569218         
7023.293103429023         44.32299794904387         32.94834104710971         
7122.534579760395         47.64426133867584         39.55629560228232         
7183.947362413164         49.46304663361691         44.07945108550457         
7204.368887760211         50.02214421136722         45.65970314120534         
7229.884149308782         50.68617241381686         47.687715883666           
7259.801350871567         51.41339650064523         50.14080797453425         
7306.522298546042         52.43088145711799         54.1297861306414          
7397.737407416571         53.96147594039523         62.42215909660407         
7496.09627625905          54.86380893976696         71.92613681184599         
7595.29846367659          54.92889656333443         81.75227764166635         
7694.602925924119         54.13979768119129         91.40678678373605         
7793.920665734913         52.55018777058172         100.5044552108249         
7893.238885200117         50.25684353892957         108.8018075327009         
7992.553370841779         47.37452704341413         116.2069833083635         
8091.861305711791         44.01570546762331         122.7432235869342         
8191.160442098044         40.2793031519253          128.4988104927898         
8290.446703252383         36.24723456103388         133.5872330652733         
8316.749462729786         35.13806352857171         134.8383290467248         
8343.765510432422         33.98312996199945         136.0852901832619         
8387.223574414384         32.09458936582054         138.0156117569995         
8477.532219118439         28.06442763939791         141.7622221043947         
8575.696997030172         23.55143853446685         145.4963612147805         
8674.769146239851         18.88949477608142         148.9851926743245         
8730.032032344025         16.25269985146945         150.8352864438273         
8792.707020230591         13.2375281740778          152.8677542365887         
8856.426159187686         10.15075325128977         154.8769794478266         
8950.751629192382         5.553250283592762         157.7760873210235         
9049.339895427693         0.7280874826155497        160.7527713200071         
9148.407544812653         -4.123204624633492        163.736771203194          
9247.526530106552         -8.961645479646233        166.7636591252158         
9346.652732533403         -13.76624102605539        169.8825252231744         
9445.78692909563          -18.51649156607061        173.1477611507086         
9544.933465600479         -23.1892480786085         176.6201272678272         
9644.098447740544         -27.75723949822659        -179.6308556416384        
9743.285223038401         -32.18711758342575        -175.5246779047148        
9842.497031204402         -36.43738631850454        -170.9679083382554        
9903.413401090074         -38.9354650184237         -167.9019676463489        
9928.553322691005         -39.9375407865796         -166.569480181135         
9953.350379713811         -40.90783321404694        -165.2139678626629        
10024.45939604659         -43.57988288283094        -161.0833926131765        
10118.01985152997         -46.80397994209061        -155.042659843556         
10216.6776767699          -49.76195368791329        -147.8482656216702        
10315.91746708145         -52.17212910822016        -139.7205853516008        
10415.22969621001         -53.90137326040443        -130.759026241783         
10514.55274176551         -54.84582880627283        -121.1813595632644        
10613.87561538722         -54.9412004735892         -111.344580386921         
10713.19552715868         -54.18055568463779        -101.6742428607756        
10812.50879763393         -52.61642279095673        -92.55083219621228        
10911.8113968987          -50.34456185984596        -84.22236422771023        
11011.10041748034         -47.47954577202515        -76.78538970224851        
11110.37446410628         -44.13417640852779        -70.2196604676391         
11209.62948580272         -40.40806017282921        -64.43845314473485        
11252.20068732742         -38.71403993748466        -62.17107917430854        
11278.91950865742         -37.62532239328863        -60.80683912583553        
11309.84905448277         -36.34244920638402        -59.28071830882303        
11393.18234726088         -32.77881663774161        -55.42689272584305        
11490.42216005037         -28.4550848983058         -51.33920466460069        
11589.34596026083         -23.91315482186122        -47.54543953464827        
11688.43952764291         -19.25278091372265        -44.03260769872239        
11787.53365923185         -14.5100042524046         -40.73671998850357        
11886.61060812883         -9.70966663779457         -37.59653374264509        
11985.67477671895         -4.872550465118763        -34.5566530241494         
12084.72552472958         -0.01781021227885246      -31.56616137062461        
12183.76666927943         4.836518186190291         -28.57614356060872        
12282.80497173546         9.67255636658455          -25.53762937354885        
12381.84673832729         14.47152460862139         -22.39957935713182        
12480.89973184979         19.21285669441897         -19.10662216766789        
12579.96943281032         23.87286678015796         -15.59683925169548        
12679.0613836376          28.42343794427524         -11.79925021621671        
12778.18094099639         32.83020368352896         -7.631466930819554        
12835.21237168461         35.28372015788894         -5.029713778863864        
12859.79498043889         36.31974517478731         -3.855991864949418        
12890.30225405004         37.58563981873531         -2.352072644046832        
12971.43001287477         40.83207309956515         1.926391121123508         
13068.42242708663         44.44058223356756         7.645863842301993         
13167.40893661045         47.73943852761251         14.26358887874853         
13229.91946621332         49.57878537588183         18.88798983353044         
13252.54215801833         50.19127224638201         20.64943727576716         
13273.39455164038         50.72890660854662         22.31447541329853         
13336.59486545948         52.18929541261215         27.59940241452414         
13430.96802273067         53.84489557405066         36.10627743372271         
13529.70858269837         54.82013967387888         45.6086124215052          
13628.95391795319         54.95635260647715         55.4348802954469          
13728.26308307704         54.23618162279232         65.12039643969804         
13827.58217069786         52.70910899029038         74.27534061667518         
13926.9016807666          50.46932925999161         82.64394420813484         
14026.21705782367         47.63102122826738         90.12283098087629         
14125.52573354915         44.3073909215662          96.72773933887565         
14224.82577958144         40.59868364519983         102.5433538551116         
14324.1147093242          36.58815776959247         107.6822641737576         
14353.15813331399         35.36790077851997         109.0745331211323         
14383.0537758884          34.09238687663345         110.4605674156829         
14415.66952132853         32.67999894943925         111.9216471020221         
14484.93553505978         29.61610632131651         114.8640075522331         
14580.24430131773         25.27946149826748         118.6057018642716         
14679.00015773484         20.66944097853026         122.1806590125579         
14778.12798646046         15.9521924153284          125.5324899777023         
14802.66831553308         14.77345215204701         126.3332625142864         
14828.7135511986          13.51846891525213         127.1725859487076         
14907.14328603353         9.718624045042526         129.6446158270687         
15003.68912061676         5.010071022021662         132.6045348843288         
15102.52620427636         0.1714945532920467        135.5855861783601         
15201.61982635036         -4.680266342810869        138.5727204118203         
15300.74003529735         -9.515852861405261        141.6076720399651         
15399.86601424171         -14.31526583459055        144.7405728463085         
15499.00007658871         -19.05781594269397        148.0264585938198         
15598.14824096393         -23.72002438263517        151.5270212709158         
15697.31360971928         -28.27389076517286        155.312829287058          
15796.50125505868         -32.68533258762912        159.4658578621262         
15895.71354727959         -36.91171716877538        164.0810364906822         
15953.52856196696         -39.26796717017349        167.0253295371764         
15980.15862742905         -40.322514250707          168.4526505405827         
16010.91974289156         -41.51407969651999        170.1613257932662         
16093.97398461588         -44.57132506667678        175.1221064343737         
16191.28379017347         -47.80040358338292        -178.3521233304082        
16290.36404918879         -50.60275585782831        -170.8424324267147        
16389.65568963904         -52.80714664832256        -162.4307826404286        
16488.97607414983         -54.29385652935542        -153.2399594670657        
16588.30075134756         -54.96972036209936        -143.5346944329371        
16687.6247741282          -54.78750156120365        -133.7048880968785        
16786.94388595177         -53.76015299448059        -124.1742893161982        
16886.25427787192         -51.95657101722563        -115.2872515520041        
16985.55308453506         -49.48122919935108        -107.2417344236158        
17084.83636780875         -46.45001406849228        -100.0915601695013        
17184.10232946044         -42.972304334572          -93.78975498983945        
17283.34990834119         -39.14223927239505        -88.23731096518547        
17306.67630942771         -38.19946071969164        -87.02842826653499        
17336.19152036263         -36.98612353788661        -85.5465029570819         
17365.61717296718         -35.75526912128923        -84.11931553814591        
17429.24869704293         -33.02831451850572        -81.19086613949453        
17523.51072222227         -28.84855234110448        -77.19959589397821        
17622.11133657256         -24.33303119178407        -73.38877124770532        
17721.17056434508         -19.68327590928008        -69.85392719417706        
17820.26106709382         -14.94731191511328        -66.54094174696932        
17919.33805496665         -10.1515646503109         -63.38888520379981        
18018.40209531365         -5.317222984098419        -60.34198839844624        
18117.45313752908         -0.463540456415254        -57.34901838796342        
18216.49415006395         4.391361650235132         -54.36098178434956        
18315.53190402919         9.229642097920758         -51.32899606890944        
18414.57167373737         14.03259240477829         -48.20233952268818        
18513.62213257235         18.77990867850676         -44.92610732612633        
18612.68894303357         23.44824756650853         -41.4390894924285         
18711.77901830524         28.01003369498193         -37.67119225899217        
18810.89622485451         32.43149318403896         -33.54122002692562        
18872.1352368244          35.0745692619245          -30.76877928809052        
18902.88907480426         36.37186805697412         -29.30342701277929        
18932.47024136363         37.59870611183276         -27.84381468929599        
19012.89454676444         40.81690688192515         -23.60262932405789        
19109.81076790486         44.42380050335774         -17.89071525098142        
19208.7889906601          47.7241970359349          -11.27750478322915        
19285.70886362577         49.95888764444416         -5.539935860585627        
19307.18728546053         50.52343891308083         -3.841347192391891        
19326.97672059294         51.01871512259947         -2.239148294028022        
19383.17199986195         52.28671774689289         2.5008085270185           
19476.22119183652         53.89067572524031         10.91694383511064         
19574.80472942116         54.83686305557688         20.41932366850971         
19674.033731909           54.94486185377379         30.24553031466514         
19773.34224953083         54.19733834510516         39.91877426874844         
19872.66318536131         52.64541304873847         49.05108764520961         
19971.9846715685          50.38431920042246         57.39146166218126         
20071.30182045512         47.52849212782881         64.84107515031742         
20170.6125804456          44.1908346283085          71.41871987791406         
20269.91398560349         40.47110258757517         77.21047261075165         
20369.204629655           36.45195485483772         82.32938584031841         
20399.75370015018         35.16569442276643         83.78715587501223         
20426.48547057761         34.02339445360056         85.02212396197679         
20451.67358393082         32.93371145554419         86.15303861026322         
20523.73793385923         29.75171478542126         89.22835093965232         
20619.4492709823          25.40065178798746         92.99567198434633         
20718.24530710001         20.79161087884458         96.57937649599931         
20817.38094136817         16.0761144941778          99.93693318155547         
20842.94867572607         14.84838851326215         100.7721585902805         
20870.65049376106         13.51373062003799         101.6652163429911         
20951.17151270388         9.612250174388697         104.2021953486949         
21048.00454995129         4.88916044691896          107.1693531460695         
21146.87661160715         0.04873900088431861       110.1509566907302         
21245.97536686342         -4.802950743646955        113.1389629250851         
21345.09767139098         -9.637845328426771        116.1759520894687         
21444.22565193381         -14.43605327138624        119.3122249059925         
21543.36176679935         -19.17682931126353        122.6029584400969         
21642.51219303114         -23.83660683605169        126.1100473721168         
21741.68048811844         -28.38727011908261        129.9043374507409         
21840.87062225444         -32.79449896992199        134.0680740164698         
21940.08471459383         -37.01540273115758        138.696502980439          
21995.4794780002          -39.27105067750095        141.5219492194656         
22023.39609414339         -40.37588048181082        143.0196258707062         
22048.78378647845         -41.36030042356069        144.4275031791764         
22122.13268611813         -44.08356290789368        148.7588999769231         
22218.07093246607         -47.32746293723261        155.0752968330701         
22316.99106045999         -50.20682963720175        162.4364851482874         
22416.26455733785         -52.51094375598277        170.7138084318175         
22515.58221008163         -54.11457145595074        179.7978346341447         
22614.90694322856         -54.9192991352331         -170.5535232627391        
22714.2314676661          -54.86954349750701        -160.7154568450822        
22813.55164535344         -53.96878760858532        -151.1140893225125        
22912.86378175719         -52.27836569135687        -142.1119542045784        
23012.16393748764         -49.89892128826789        -133.9309639185575        
23111.44936380442         -46.94593273433122        -126.644713525273         
23210.7188672293          -43.53050574192953        -120.2183281666355        
23309.96954374714         -39.74942041180998        -114.5582420584554        
23342.5538001582          -38.44211672406374        -112.8475604885917        
23367.27435513167         -37.43125154020927        -111.5939372762617        
23389.67787221773         -36.50185089678112        -110.489104228252         
23456.92686937982         -33.64312283034189        -107.3381715381937        
23549.72025656607         -29.55284272557197        -103.3487813645166        
23648.15073095961         -25.06633968031302        -99.49072457165299        
23747.19546317356         -20.43361650522183        -95.91432909085897        
23846.28933639033         -15.70958416264237        -92.56989779759067        
23945.37051888183         -10.92207086571351        -89.39585404734818        
24044.4366328069          -6.092824497099665        -86.3355892043754         
24143.48791987868         -1.241330283748059        -83.33728775382926        
24242.52602242632         3.614129969475676         -80.35177034436897        
24341.56083182897         8.455913986804212         -77.33017355515553        
24440.59703021776         13.26547524832072         -74.22224763510003        
24539.64321679669         18.0228606951021          -70.97390340139461        
24638.70499151526         22.70527506428871         -67.52512826511186        
24737.78835382545         27.2858994372465          -63.80745629851221        
24836.89867925132         31.73214169998842         -59.74159291855909        
24917.41843902273         35.21682050744278         -56.12001483200953        
24952.33458437724         36.68526020971649         -54.44584823230608        
24984.69970693113         38.0203346952809          -52.83194593620497        
25034.44362937007         40.01830103852644         -50.22570898688901        
25126.27819682239         43.50784074554655         -44.9687642639669         
25224.65653441614         46.89694608520431         -38.60890242069103        
25323.81647924194         49.85428191719815         -31.34605589692059        
25348.17278321134         50.49785899980815         -29.42520572951314        
25371.19736128952         51.07306582654379         -27.55971315523838        
25440.80266890815         52.60079653261805         -21.6347426866245         
25533.35275155259         54.08737289489275         -13.15880770076616        
25631.90610202728         54.90721932248351         -3.594221463069984        
25731.13193458412         54.88340340041303         6.234363246228301         
25830.44095291989         54.00830388568088         15.8465057108491          
25929.76170487236         52.34114859950777         24.86973104883169         
26029.08141013468         49.98172169364276         33.07658376437897         
26128.39793257881         47.04528281550542         40.38942291116101         
26227.70726240706         43.6432879862259          46.8403301037546          
26327.0078283269          39.87293313646801         52.5217708737355          
26426.2945465045          35.81440962849894         57.54816157579017         
26452.57746570278         34.70012997838496         58.78387516482201         
26482.29224524694         33.42274416085783         60.13800096676142         
26515.04942273023         31.99449307786774         61.58122673559921         
26585.06258778507         28.87880523778657         64.50796236752227         
26680.47422482632         24.51640160752497         68.19927524791072         
26779.24223322188         19.8891537501769          71.73084697639014         
26878.37148268009         15.1595571276485          75.04998608422856         
26921.71910764882         13.07083307539842         76.44672984157589         
26969.40937307663         10.76155978815906         77.95320835667181         
27060.09034432936         6.345898936328527         80.75157064710017         
27158.24310102034         1.544339796881666         83.72123755293831         
27257.26368140895         -3.305313320022559        86.70199296006477         
27356.37921891175         -8.147318885524427        89.7186863304307          
27455.5067025125          -12.95896230692597        92.81878987540811         
27554.6413840726          -17.71982756080197        96.05570575393236         
27653.78929479048         -22.40740256445418        99.48903094413588         
27752.95417980524         -26.99511615606242        103.1865681718766         
27852.14079259895         -31.45082088996373        107.2268541001839         
27951.35180553189         -35.73453497940333        111.7010331891005         
28028.82700954797         -38.92740466083452        115.5625907016592         
28058.28312555095         -40.09972101003176        117.1277777209969         
28090.25619474705         -41.34309680655875        118.8926457502976         
28140.55639277212         -43.23187420441382        121.817355771941          
28232.387267577           -46.43509116464264        127.668078305289          
28330.82671584561         -49.44310040315857        134.74624454553           
28430.04425534746         -51.92355025510016        142.7695679020464         
28529.3556914432          -53.73685308501253        151.64258125955           
28628.67965953192         -54.77581545343586        161.1640719943271         
28728.00441719592         -54.97056872439216        170.9911363277201         
28827.32541369041         -54.30710549398895        -179.2994060854503        
28926.63914716104         -52.83165355947897        -170.0985892565844        
29025.94168953365         -50.63618748040055        -161.6718762175597        
29125.2299969201          -47.83428099405209        -154.132143885093         
29224.50315087335         -44.53965298524329        -147.4700241767787        
29323.75686593587         -40.85373073177504        -141.6042054830249        
29390.07250402356         -38.21502765497546        -138.0731594145307        
29408.93986044684         -37.44224283390277        -137.1194376430767        
29426.97258236585         -36.69527757074187        -136.2276155941179        
29477.17683976516         -34.57563855170727        -133.840451330545         
29568.94171274034         -30.56812228710642        -129.8027911734298        
29667.23803760251         -26.11982964295109        -125.8685828688812        
29766.27674113261         -21.51212780651605        -122.228540090218         
29865.37765389076         -16.8061349430707         -118.8359442397184        
29964.46580551565         -12.03123575982308        -115.6277552364126        
30063.53889077436         -7.209828584146896        -112.5459072442742        
30162.59518592851         -2.361893133784704        -109.5377160090492        
30261.63713294081         2.494148398602315         -106.5535474350834        
30360.67031793064         7.340467706101715         -103.5447260690377        
30459.70410264563         12.15897980202971         -100.4614109069244        
30558.74453808647         16.9300696941861          -97.25065673595768        
30657.79841422336         21.63173517615693         -93.85402537890303        
30756.87244024593         26.23826496722788         -90.20520625110335        
30855.97246787511         30.71859202893542         -86.2276039096579         
30955.10269267252         35.03422254635176         -81.83226268538823        
30983.5694161593          36.23630357895743         -80.47907821035523        
31011.9072779431          37.41414793880347         -79.08706875722166        
31039.51749738771         38.54238124185399         -77.68515011034417        
31117.5529465545          41.61536878728893         -73.4573312877737         
31214.10636822693         45.13715156427029         -67.61532412786133        
31313.04583735764         48.34459258479            -60.83093595656316        
31373.95836780779         50.07363332428724         -56.21902550841273        
31403.06247342378         50.82420021489693         -53.89574572558007        
31431.06672676513         51.4965116976507          -51.58790457361523        
31504.53116748249         53.00832846015944         -45.21038769382244        
31600.44262610609         54.37355348800784         -36.27308996784997        
31699.35477536637         54.98302142451237         -26.58404847811298        
31798.62479239237         54.73795435337243         -16.76859956871012        
31897.94035898522         53.6515366315336          -7.277205186160855        
31997.26096792147         51.79585629624767         1.551611914230629         
32096.58037552144         49.27693618932109         9.530959637875638         
32195.89429632761         46.21060573074713         16.61600703631374         
32295.19982161            42.70529435787817         22.85890896726303         
32394.49497114401         38.85387698543624         28.36077766032942         
32493.77082228893         34.73239916265055         33.23740711750061         
32569.86510409042         31.42804278524696         36.62335940270852         
32638.39180284413         28.36490034712201         39.45387440233991         
32733.58000862645         23.99858366660033         43.10052341857797         
32832.333970943           19.3609372512018          46.60302577040766         
32908.14334148308         15.74383527476753         49.14136839344295         
32936.63852834143         14.37403042989919         50.06833073819983         
32963.84326127591         13.06183300753959         50.94150285799272         
33040.08280198323         9.365238672613527         53.33703368297204         
33136.31101230858         4.670324085652093         56.28247105029483         
33235.11387265753         -0.1671598215089752       59.26113033292452         
33334.20841254992         -5.018288557026128        62.25028524971621         
33433.3325354266          -9.852091911548621        65.29078369419537         
33532.46359191835         -14.64838012759939        68.43293207870825         
33631.60286539933         -19.38624020764068        71.73211975374659         
33730.75685855001         -24.04195369976507        75.25060772419            
33829.92980685085         -28.58719598964569        79.05973475814513         
33929.12628242048         -32.98733893288895        83.242344367722           
34028.3487904002          -37.19905447614789        87.89433230422129         
34071.9916960923          -38.97794923252015        90.1162749827826          
34099.9995053513          -40.09224860592914        91.60544858597899         
34127.12145609548         -41.14921668169224        93.09760043550111         
34204.4605822186          -44.02990045566526        97.64452296670758         
34300.98218010971         -47.29847991110864        103.9894593307114         
34399.97173760785         -50.18453537783841        111.347762422541          
34499.25347159151         -52.49432375295118        119.6181868821792         
34598.57227820903         -54.10438590488766        128.6960808687796         
34697.89708050666         -54.91624562655574        138.3411314072367         
34797.22042969661         -54.87390677851864        148.1790299150889         
34896.53835024219         -53.98035759459636        157.783661137094          
34995.84804122569         -52.2964991317373         166.7916671295586         
35095.14538346557         -49.92273742427302        174.9798187987815         
35194.42805004073         -46.97449226198648        -177.7265809392762        
35293.69269154267         -43.56302263991795        -171.2935174171139        
35392.93887609383         -39.78516098998535        -165.6275900324831        
35429.01448759949         -38.3370098196673         -163.735625646169         
35450.97973288503         -37.43814976182881        -162.6234187860928        
35470.76555426465         -36.61808093299091        -161.6460529227523        
35526.82977943914         -34.24506983874858        -158.9946804556974        
35619.80086475378         -30.17047067008777        -154.9397419976683        
35718.24737393763         -25.70250372647041        -151.032453582393         
35817.30065569282         -21.08415624151608        -147.417912781971         
35916.40046989778         -16.37080814509224        -144.0450007082085        
36015.48773167888         -11.59072249636516        -140.8508676609734        
36114.55939431908         -6.766063251221948        -137.778064109508         
36213.61753076781         -1.916457032858861        -134.7741730600067        
36312.66224097926         2.939638904336115         -131.7898155990773        
36411.6985063185          7.784363630830788         -128.7763217021108        
36510.7339223614          12.59946179379103         -125.6836993690914        
36609.77591715055         17.36521254218242         -122.4585566106263        
36708.83056997554         22.05930082609147         -119.0418617031507        
36807.90579041932         26.65566141665676         -115.3664210013781        
36907.00534719508         31.12255504858893         -111.3546654274197        
37006.13487325609         35.42076956831069         -106.9163840840179        
37032.13181501487         36.51394846081976         -105.6694821948289        
37064.82424449641         37.86576181765832         -104.046880596474         
37097.37905433867         39.18449072640244         -102.3669338660583        
37185.73390193051         42.60670494651621         -97.45201435581473        
37283.67616231553         46.07879022881608         -91.31775274538064        
37382.77989579365         49.16011111723164         -84.28031745177547        
37422.79180535115         50.25723525499039         -81.18743107042955        
37445.97336400766         50.84958259665645         -79.32858423341786        
37467.67046959139         51.37357176092262         -77.54471209104716        
37529.98545421287         52.70372488708157         -72.19204164192809        
37623.23717570398         54.16126530065919         -63.61446130253086        
37721.87810459873         54.93162981788029         -54.01737670029214        
37821.11501132604         54.85517346524665         -44.18871835799818        
37920.42641284643         53.92934402812587         -34.60251620418324        
38019.74677912658         52.2165906932162          -25.62382607624254        
38119.06635771738         49.81833068645589         -17.47034972686365        
38218.3813192416          46.85011664191377         -10.21174756032213        
38317.68907840597         43.42272095345567         -3.810752193958627        
38416.98620596435         39.63239913628122         1.827295401608239         
38516.26472538337         35.55844799562244         6.817209865253396         
38549.15005734656         34.15748751358014         8.347215902646122         
38578.75091425376         32.87738660678289         9.677726277015829         
38608.26638607541         31.58435860471071         10.96320932634493         
38685.89187028119         28.11324515079818         14.16677072943341         
38782.42842012551         23.67721224317009         17.84530041798668         
38881.31622959627         19.02638223032187         21.33501260139015         
38956.28813862568         15.4454106104464          23.83560507678921         
38983.44819392078         14.13880502517267         24.71667934943624         
39011.8705298868          12.76696110308248         25.62665562356915         
39058.20202929899         10.5221012605794          27.08700038167127         
39149.11572472192         6.093292833459103         29.88861694930651         
39247.28813184192         1.289690439638072         32.85697526557521         
39346.31152729271         -3.560252793389663        35.83840614275295         
39445.43133202242         -8.401660529308804        38.85838220892852         
39544.56296938006         -13.21168054190679        41.96447586222787         
39643.70237707626         -17.96981701109038        45.21037502398173         
39742.85305067897         -22.65326170636076        48.6559787200813          
39842.02129107434         -27.23531098865927        52.36969384834104         
39941.21022010222         -31.68338737057633        56.43063719052345         
40040.42456704192         -35.95711853781614        60.93076408621482         
40106.7791448324          -38.69269338640152        64.23642121351145         
40182.5604430167          -41.66960516047019        68.35207706838735         
40253.0234006932          -44.26945692335214        72.54828457051107         
40348.5630693147          -47.47949133284635        78.87875115913988         
40447.45420650579         -50.33276787536255        86.28073246412019         
40546.72370175831         -52.60596708577246        94.59949242188048         
40646.04094336974         -54.17349438729608        103.7174472329268         
40745.36553475773         -54.93829914128583        113.3848526676561         
40844.68853379367         -54.84734326189651        123.2214614100802         
40944.00608312571         -53.90709849944412        132.8016090083318         
41043.31491946941         -52.18132057225301        141.7682900666782         
41142.61211492121         -49.77189869400805        149.9071176190005         
41241.89281290164         -46.79453337464065        157.1506432560041         
41341.15694803186         -43.35978097842243        163.5377528255683         
41440.40122150909         -39.5636358441614         169.1637447727068         
41473.05405938532         -38.24929243613543        170.8680783596424         
41496.88567077974         -37.27211443503587        172.0703269210462         
41518.83552437648         -36.35958104702265        173.1480996641485         
41580.72876421502         -33.72741318481487        176.0452713093399         
41667.2348957858          -29.92194284744871        179.7832681624465         
41764.89489621017         -25.48229857401171        -176.3591812812586        
41863.85575679597         -20.86303112779551        -172.7613544588325        
41962.94298871653         -16.14642079818382        -169.3988125460757        
42062.0256975526          -11.36381881077875        -166.2118946495406        
42161.09506690409         -6.537520978419829        -163.1436655180437        
42260.15349189984         -1.687052732573652        -160.1418956191135        
42359.20027788961         3.169128006986388         -157.1573187473067        
42458.23963395087         8.013117713381449         -154.1412729392076        
42557.27871812414         12.82659225630157         -151.043662266924         
42656.3247610582          17.58972701716748         -147.8108782299954        
42755.38361573126         22.2800463713132          -144.3835621429765        
42854.46255522547         26.87123682350085         -140.6940933096362        
42953.56511848513         31.33124433542934         -136.6643559426841        
43052.69678476034         35.62043694056732         -132.2035183085347        
43088.04615359986         37.09916345691738         -130.4895508558386        
43120.4607676249          38.42816097767122         -128.8540336080054        
43170.94797114842         40.44137602796491         -126.1752439583217        
43262.8228107118          43.89950782465044         -120.8440896107304        
43361.2074636505          47.24432743702528         -114.3954804459319        
43460.36724722944         50.14546626528707         -107.0359824372259        
43491.32928068284         50.93734738890331         -104.5543731709073        
43520.5264131655          51.62884564816272         -102.1349368748631        
43567.08014721517         52.61300598288685         -98.12324722140796        
43658.33657520125         54.08012965706744         -89.76604019345592        
43756.70357585186         54.90597081047113         -80.22232816682373        
43855.9078431339          54.89082596735484         -70.39488896639482        
43955.21409827052         54.02409225136221         -60.77783566848411        
44054.53359042294         52.3643625347779          -51.74656747789538        
44153.85416887002         50.01110227039148         -43.53014852186426        
44253.17089027958         47.07959961626461         -36.20783753470147        
44352.48026096961         43.68142864532668         -29.74833230214767        
44451.77918110276         39.91403074218938         -24.05959850229308        
44551.06195171829         35.85781886681244         -19.02727156180203        
44594.38303256175         34.01404661024688         -17.00740676261278        
44624.4085307233          32.71344171821899         -15.66304085233312        
44652.68235832918         31.47314345687766         -14.43573880835173        
44731.80440735305         27.93092554736818         -11.18089590965905        
44828.48952150671         23.48297378677731         -7.509715088692742        
44927.38142312737         18.82791457517668         -4.03029440184586         
45005.97567313816         15.07050467345492         -1.417819454524806        
45032.42764065508         13.79676242709259         -0.5628669351948122       
45058.01441691583         12.5609731875438          0.2542190639493151        
45130.85880435538         9.025989006374957         2.535602726359186         
45226.56761182006         4.35440149704529          5.460517975528163         
45325.30255643651         -0.4805870863001863       8.435719103450976         
45424.38819411909         -5.33095022409147         11.42632740007692         
45523.51912708255         -10.16356137832632        14.4719721545689          
45622.65771377133         -14.95739934055563        17.62274061260919         
45721.80456931237         -19.69135295545372        20.93438115852009         
45820.96502899658         -24.3413994369875         24.46965057733697         
45920.14240639983         -28.87881994686166        28.30054087272446         
46019.34230587212         -33.26854907872617        32.51075795310448         
46118.56795675121         -37.46663646746877        37.19711851483329         
46154.97943824157         -38.94824226983573        39.05719473201962         
46181.24722758075         -39.99463469355051        40.45108040929022         
46206.68671850581         -40.98872031438415        41.84487903923669         
46280.66865352448         -43.75973528533754        46.16207888657494         
46376.73168356996         -47.04488772885117        52.41459420927106         
46475.67447539186         -49.97200280994618        59.69806707655102         
46574.9494486372          -52.33362807286092        67.89776532251167         
46674.26805408904         -54.00460205445416        76.9180388480809          
46773.59278094955         -54.8839273556172         86.5305759087298          
46872.91702595539         -54.91138935445208        96.3697576219873          
46972.23618366988         -54.08496557781824        106.0091892400097         
47071.54732147465         -52.46140773677131        115.0765713953078         
47170.84602661198         -50.13888761358842        123.3360697676751         
47270.13124044752         -47.2324373923388         130.7021978855877         
47369.3989965599          -43.85418494741015        137.2020649668416         
47468.64815647714         -40.1023452867985         142.9259131309558         
47511.89761825372         -38.37150069923012        145.2065146176163         
47539.90422586212         -37.22377615668569        146.6209679507102         
47567.83910061931         -36.05961528344701        147.9860109646452         
47644.35240706662         -32.78230504441946        151.5108081805261         
47740.64770740224         -28.50174742904954        155.5607691199214         
47839.4656727789          -23.96639550228645        159.3538378092334         
47938.55065887328         -19.30788240128049        162.8690750312057         
48037.64264207566         -14.56638104442839        166.1668606203259         
48136.71760226134         -9.76705979550151         169.3082826533365         
48235.77901268145         -4.930767851237034        172.3487599969912         
48334.8300624406          -0.0764817466097418       175.3393511833218         
48433.8713490637          4.777605692308747         178.328876161467          
48532.90886351606         9.613589428156461         -178.6337393872755        
48631.95012279321         14.41277173800859         -175.4974668341899        
48731.00039523561         19.15450357422295         -172.2070945174479        
48830.06601850502         23.8151978316037          -168.7007945257232        
48929.15378885809         28.36687460136306         -164.9076911077444        
49028.2671449706          32.77518754830803         -160.7456556115509        
49106.00699783536         36.10425300501579         -157.1625938222804        
49130.35869416781         37.11952079875976         -155.9737083230434        
49153.29773377161         38.06254628420876         -154.8221992119335        
49181.36346491519         39.19756670519772         -153.3695345396206        
49225.6193265086          40.94189259474471         -150.9748612839843        
49316.17771117017         44.31249782126792         -145.6381883758182        
49414.40537661547         47.60328233150393         -139.1048673260491        
49513.55203381972         50.44308963950068         -131.6440722746371        
49537.4080076348          51.04181281764069         -129.715082998739         
49562.13103946066         51.624152573183           -127.661932269382         
49631.93235631334         53.04327140862015         -121.5808874874025        
49727.39107838133         54.39064590541293         -112.6755371069015        
49826.29437478026         54.98905819402847         -102.9826588232496        
49925.56165249553         54.73274780811202         -93.16831634752781        
50024.87516656984         53.63565499454047         -83.68316296521476        
50124.19507645536         51.77044962672809         -74.86405381767761        
50223.51346439682         49.24346780158533         -66.8960439867662         
50322.82709036954         46.17052058559248         -59.82227504034958        
50422.13289414067         42.6598774625373          -53.58965518463135        
50521.42887694063         38.80419256586156         -48.09666668260444        
50620.70832989411         34.67920119117154         -43.22734251593985        
50652.61638642987         33.30636036707898         -41.77584255161255        
50679.56187338568         32.13147636560237         -40.58848237355453        
50704.21450885478         31.04495322944468         -39.53110874321404        
50773.90968723921         27.91918016746503         -36.67834605132682        
50869.24057669239         23.53403826838515         -33.05748448646942        
50968.00707665971         18.88601511733042         -29.57973420268033        
51067.12528620847         14.14155759442697         -26.30084151149036        
51095.45215680264         12.77432331162829         -25.39393017065988        
51121.488017519           11.51404725131649         -24.5700471886047         
51196.33952700533         7.874940277221718         -22.24400550112301        
51292.35166307772         3.183285004412888         -19.3242033697084         
51391.12242932897         -1.654597736988344        -16.35124194980209        
51490.21417396143         -6.502055255017913        -13.3520851656269         
51589.34845759068         -11.32711116906797        -10.28588049729783        
51688.49115686025         -16.10853680951041        -7.10154850996            
51787.64407974668         -20.82463486573424        -3.741860665240107        
51886.81171853095         -25.45037471298996        -0.1420566018427016       
51985.99776743213         -29.95567962834869        3.772489169868167         
52085.20647607511         -34.30353086165687        8.088532697208201         
52184.44045175565         -38.44742912226327        12.9060905555118          
52211.39716878533         -39.53034987523694        14.31557216942502         
52239.64483165182         -40.64285943341415        15.84352018132146         
52288.84296772303         -42.52111265581173        18.6372314909581          
52378.30057129031         -45.71436943871414        24.18919253256687         
52476.44468162907         -48.81905587990548        31.05657898264101         
52575.62721075956         -51.43108372314776        38.88057782288406         
52674.93501927238         -53.40232171487364        47.57919833726741         
52774.26004725276         -54.62020676370869        56.98354562940892         
52873.58727611136         -55.00486270605052        66.77961295627009         
52972.91165281786         -54.52886926593794        76.55290434077693         
53072.22771258093         -53.22586190661875        85.89513100424567         
53171.53444139985         -51.17967432200715        94.50840071577562         
53270.82800769713         -48.50123820668114        102.2472250281313         
53370.10578154586         -45.30573006059139        109.0981187445643         
53469.36482781311         -41.69792599280392        115.1307493536476         
53544.86091990257         -38.73226447463073        119.2379529547269         
53571.56648661476         -37.64448934603512        120.60221970045           
53595.93151960289         -36.63618839674582        121.8096613310875         
53661.67057725834         -33.8472307267672         124.9034165135149         
53753.83678235812         -29.79275070464202        128.8862277536049         
53852.1889923024          -25.31706357396997        132.7598089416501         
53951.22816448566         -20.69017295719435        136.3505683152676         
54050.32224012539         -15.97022305777763        139.7058474165734         
54149.40275468398         -11.18556486421195        142.8874313764609         
54248.46639678581         -6.358138505764182        145.9522341373323         
54347.51846620347         -1.507268238942185        148.9524315890157         
54446.55881740618         3.348641630278667         151.9372357988338         
54545.59253391344         8.191724547386489         154.9553413983788         
54644.62792921113         13.00367260810923         158.0569672924076         
54743.67055107141         17.76450179100653         161.2958408228272         
54842.7274116897          22.45167042023199         164.7316189594071         
54941.80393059505         27.03860166343113         168.4322080608947         
55040.90664567193         31.49313277070559         172.4762792189869         
55140.03868316067         35.77518869480632         176.9550753006152         
55174.87608598312         37.22972450909067         178.6509646490418         
55207.80363916419         38.57688425782371         -179.6808040151221        
55240.71675053565         39.89424747731108         -177.9455795379152        
55325.96551899333         43.15221416468539         -173.1058402164639        
55423.51610006299         46.55401727264555         -166.8812915271836        
55522.58249970619         49.56322947934499         -159.719896297066         
55565.0637160521          50.68966373981605         -156.3758138993692        
55594.63713364676         51.40855698983383         -153.9510016729709        
55623.65338958334         52.05839070458623         -151.4963176092898        
55710.71958305547         53.64960465562547         -143.7131017489267        
55808.55277392548         54.72871045722697         -134.3663987104414        
55907.69209675491         54.98956740096591         -124.5650726973971        
56006.98835867224         54.39251639052539         -114.8332441067758        
56106.30316995084         52.97803912519989         -105.5816014461398        
56205.62094842317         50.83527301868072         -97.08854029617584        
56304.93361477274         48.07702368594887         -89.47874664102292        
56404.23972249264         44.8175782882229          -82.7506329682785         
56503.53828869993         41.15943700187951         -76.82660397071002        
56602.82530705445         37.1884297016231          -71.59632732850221        
56683.25495151803         33.78977160011308         -67.78760663903007        
56712.03344251262         32.54064093096677         -66.505464606711          
56739.82437914237         31.31968787784718         -65.30382359616267        
56821.16060438566         27.67263478834317         -61.97274416297679        
56918.15990097821         23.20334437226309         -58.30793101878294        
57017.09274358582         18.54093860572651         -54.84184955424962        
57116.23065385502         13.79074563093087         -51.57536463555277        
57142.66051043523         12.51420783898556         -50.73159035268493        
57167.98116870923         11.28797390258059         -49.93197318458595        
57240.61461759266         7.755805116695838         -47.67753356854345        
57336.29985441221         3.079784598910511         -44.76895844911835        
57435.03197610844         -1.7561308679656          -41.79737350241486        
57534.11900969222         -6.602899759857173        -38.79756885436338        
57633.25271779904         -11.42707302316332        -35.72955594074965        
57732.39699307596         -16.20728969490791        -32.5422321795782         
57831.55048802728         -20.92164334675239        -29.17834258785812        
57930.71907197591         -25.54508530427344        -25.57290622904033        
58029.90644888487         -30.04741889722888        -21.65106987589641        
58129.11630480085         -34.39143553113813        -17.32583631232465        
58228.35098801879         -38.53040839747483        -12.49693841068858        
58266.11537783174         -40.03953529559615        -10.50424654704666        
58304.58301770268         -41.53352518323653        -8.376369811746343        
58362.48364535859         -43.6902748794035         -4.971927055546697        
58443.43674994307         -46.49143393658136        0.2322786490420421        
58540.50501084421         -49.45319069463029        7.220317886401557         
58639.56640397664         -51.92876156308108        15.23313608475944         
58738.86242480949         -53.74114410261912        24.10619694003393         
58838.18735314999         -54.77935771515701        33.62903465196379         
58937.51564724371         -54.97319738290764        43.45737384495168         
59036.83932992863         -54.30868727761449        53.16751455241526         
59136.15531268297         -52.83214717513086        62.36842418154018         
59235.460698721           -50.63560458946711        70.7948312943191          
59334.75160931703         -47.83269335715581        78.33394607877287         
59434.02703832835         -44.53715893421336        84.99529063507417         
59533.28319755383         -40.85041373718613        90.86032206124406         
59594.21219215728         -38.43023520314438        94.11455885201278         
59618.54285787558         -37.43521058720503        95.34817203212343         
59640.69470035611         -36.5163357269114         96.44079674396062         
59704.09954560455         -33.82400240337151        99.41885969574025         
59798.40719358763         -29.67268360811643        103.4875790197608         
59897.00992112048         -25.18175276975041        107.3611836180233         
59996.07914274093         -20.5503611791519         110.9449954914577         
60095.17668188782         -15.82793135349831        114.2943679295105         
60194.25813721027         -11.04159089649795        117.4717658287748         
60293.3216513833          -6.213131726543604        120.5339786684615         
60392.37354540965         -1.361780417715           123.5331027700608         
60491.41360115027         3.494074847727073         126.5182997947214         
60590.44733997434         8.336581652735049         129.5382923169875         
60689.48183002649         13.1473365108675          132.6433386994561         
60788.52222177666         17.9062723828133          135.8872935921585         
60887.57597249933         22.59077014566353         139.330035335777          
60986.64938748116         27.17415071793986         143.0397819332002         
61085.7489115675          31.62404541095683         147.0955514960158         
61184.87740571145         35.900096216181           151.5889658829106         
61220.5111153191          37.38503610819462         153.3305394853694         
61255.06882995833         38.79478126238978         155.0911048705608         
61305.16174184158         40.77955442341426         157.778340789895          
61397.09921056638         44.21261237842995         163.1728960000845         
61495.49294142053         47.52059612788959         169.6951749580155         
61594.66154768597         50.37509398449411         177.1346064187753         
61618.59663493233         50.97956410138013         179.0645535474134         
61640.19906974863         51.49408887431225         -179.1492070666521        
61666.25543710543         52.07374276198998         -176.9397681847296        
61707.62374929618         52.89716002282154         -173.3134337885759        
61797.25590463495         54.23952375473478         -165.0153603665376        
61895.42034936603         54.95266881282515         -155.4406447591245        
61994.60222439375         54.82293067321664         -145.6203136999556        
62093.90456654364         53.84637301869712         -136.0630198920348        
62193.21989425225         52.08829559962797         -127.1307149361023        
62292.53393764375         49.65171686849361         -119.0319334305951        
62391.84101064457         46.65241738872308         -111.8284302007684        
62491.14015143132         43.20043021420631         -105.4778837942359        
62590.42905288516         39.39092407172291         -99.8834169752169         
62689.7066915757          35.30184778251762         -94.92949848726199        
62749.3931272882          32.73518466160217         -92.21136525536787        
62779.28753395099         31.42369366024278         -90.91413426315094        
62806.46532231476         30.21779692911826         -89.76884492313143        
62883.62240953138         26.73150930383907         -86.67682362572933        
62980.02817968372         22.26619275559763         -83.09533022973473        
63078.8902085158          17.58943754417149         -79.67861425224983        
63151.94220301928         14.08555958312056         -77.28139372270417        
63234.5516778063          10.08702126060518         -74.66731817183533        
63309.22777365195         6.449010473340102         -72.36722352093643        
63405.25802060729         1.751596281282779         -69.46074731417367        
63504.03212998062         -3.086219709406805        -66.48791964495828        
63603.12504640315         -7.928161494777854        -63.4746559052809         
63702.25983106066         -12.74206017806832        -60.3794172444199         
63801.40553649981         -17.50630339211409        -57.14977889356934        
63900.56205176516         -22.19822606561434        -53.72664177400058        
63999.7334174579          -26.7914864956494         -50.0426167087483         
64098.92444961006         -31.25424244838673        -46.01969651916448        
64198.13838604605         -35.54694744923513        -41.56731547426818        
64270.11872793082         -38.52642492931314        -38.01052250675325        
64303.8592934492          -39.87671470235807        -36.23482952303626        
64335.15870688716         -41.09968496847929        -34.52016407454601        
64383.67569755064         -42.93346720110676        -31.72514358490285        
64475.38479639916         -46.16276285339502        -25.94361032875241        
64573.80924808094         -49.21121380262401        -18.93937534004343        
64673.02668322809         -51.74241633276322        -10.99033162325202        
64772.34005585779         -53.61608692247213        -2.181978548359103        
64871.66756917723         -54.72313006250989        7.297465434375745         
64970.9957699175          -54.98975533946687        17.11559095887567         
65070.32098963391         -54.39684164251469        26.85188354447046         
65169.63879890973         -52.98592637497491        36.10812409170205         
65268.94627109868         -50.84605020685878        44.60635522532532         
65368.23863103054         -48.08996746617343        52.22143096810117         
65467.51465976704         -44.83203916872558        58.95444725640215         
65566.77215988748         -41.1749380371504         64.88269108297972         
65646.26215444878         -38.01611867309554        69.12471569860676         
65670.558030135           -37.01622086959124        70.34177417710804         
65693.02479968173         -36.07871839018767        71.43669854708425         
65754.74917948013         -33.44488494346911        74.30467050092953         
65848.77776729409         -29.29147462379851        78.32549218382688         
65947.34542536316         -24.79066791903899        82.16837397914234         
66046.40771179693         -20.15086096170455        85.72921363449328         
66145.5033942475          -15.42207043391674        89.06160708463419         
66244.58430327941         -10.63125925168679        92.22716635130521         
66343.64880913636         -5.799979781708839        95.28217433756701         
66442.70202079788         -0.9473833312920149       98.27837484725723         
66541.74296135316         3.908158031459878         101.2647783851527         
66640.77871529153         8.748846786874989         104.2902049482386         
66739.81527892174         13.55612791614902         107.4051122337356         
66838.85880162707         18.30979668085714         110.6638094196806         
66937.91542084655         22.98688057534577         114.1267567344039         
67036.99260862777         27.56033544935904         117.8630486539082         
67136.09433547826         31.99709624540982         121.9526329988501         
67235.22504213033         36.2560911153323          126.4883301155783         
67270.42779451003         37.71603802913125         128.2256221893169         
67304.5757903019          39.10199414569439         129.9818674566623         
67339.28740108386         40.47751622069865         131.8436992932112         
67425.48952354118         43.72804214387652         136.8337725341581         
67523.16294203047         47.06984978463376         143.1947416586872         
67622.24701659288         49.99752698368194         150.5001087926314         
67655.10905168485         50.84705396733558         153.1205312634204         
67677.52767316997         51.38810408531977         154.9643467150723         
67698.49789675791         51.86454377196913         156.7295358363516         
67760.513362661           53.09512073450161         162.1685422064153         
67846.39440018218         54.31964313144113         170.1725211160831         
67944.12608725252         54.97056211547113         179.7289187944082         
68043.25880618999         54.78168863668845         -170.4613487687051        
68142.55574044073         53.7490125159559          -160.9378678909975        
68241.87151794322         51.94094186525121         -152.0579611208483        
68341.18634430924         49.4621479189867          -144.0200479064174        
68440.49304892542         46.42854925200553         -136.8772882755597        
68539.79047886096         42.94937520529653         -130.5821301346284        
68639.07724261517         39.11860408651284         -125.0353961082449        
68738.35175757995         35.01305758162377         -120.1212200071269        
68792.13200833183         32.69618101298239         -117.6825232268551        
68824.53153901733         31.27359038504049         -116.2797055528458        
68867.08275818964         29.37787470999964         -114.5061640921339        
68925.38290559314         26.73556725935505         -112.1906183364707        
69007.85487924004         22.92232132023427         -109.109700961021         
69105.02200772753         18.33877178219786         -105.7176582876561        
69203.9579768898          13.59581287219591         -102.4651185650861        
69228.97796037141         12.38700947354078         -101.667531693166         
69256.80166814709         11.0391432708383          -100.7902179520435        
69336.83969741687         7.144666775760254         -98.31263187895328        
69433.59679273563         2.414154128759441         -95.37806778039355        
69532.45555859758         -2.427787794257549        -92.40317344163141        
69631.55880550621         -7.272668663382353        -89.39668088994975        
69730.69373286562         -12.09159679491598        -86.31543938330596        
69829.83639598824         -16.86356872127739        -83.10742420642859        
69928.98888071068         -21.56644952092367        -79.71439645820936        
70028.15618348541         -26.17456121251077        -76.07019396857106        
70127.34292860841         -30.65691897044088        -72.09839428144423        
70226.55254846904         -34.97516409570799        -67.71022756073489        
70305.04754993599         -38.24337318949126        -63.87731498954162        
70333.93860852811         -39.40705777863816        -62.37419810187868        
70363.00805958454         -40.55407361943989        -60.80709159116098        
70439.69883407699         -43.45157347282218        -56.3874886409061         
70536.15994270658         -46.78315979855582        -50.17588009108681        
70635.14187131077         -49.75264664482127        -42.96222481815494        
70734.42086661234         -52.16504367118538        -34.83435772986035        
70833.73936425196         -53.89591415717931        -25.87499956310998        
70933.06493129348         -54.84224201318095        -16.29933781707887        
71032.39053196739         -54.93971176387155        -6.463623343589911        
71131.71226020204         -54.18124790042513        3.206663377738538         
71231.02586794412         -52.61925620314254        12.3308838999686          
71330.32888085581         -50.349369948701          20.66086383565294         
71429.61727216607         -47.48613321497189        28.09961764650022         
71528.8881296874          -44.14240117855729        34.66704830783152         
71628.13922519563         -40.4177459085508         40.44986282780179         
71681.93547741976         -38.26925282239136        43.29664338152242         
71705.02224398078         -37.32312991368711        44.46259252167935         
71727.74477839703         -36.37894420729376        45.57949921058075         
71792.57166506723         -33.62064386413201        48.61091152923246         
71887.10105326027         -29.45148662639452        52.66924155309121         
71985.72485949844         -24.95286534169004        56.52671193601375         
72084.79224139592         -20.31638745608471        60.09730283288132         
72183.88598291203         -15.59029597699731        63.4367889114822          
72282.96366606373         -10.80143124017141        66.60729056693097         
72382.02572241426         -5.971341637514069        69.66536360739228         
72481.07762649888         -1.119216729349348        72.66288750358048         
72580.12088203104         3.736669113669256         75.64899934097745         
72679.15970468894         8.578382990490798         78.67241658778161         
72778.19977048784         13.38739044759961         81.78349941183792         
72877.24707007874         18.14355043052391         85.03638746874584         
72976.30855090683         22.82404163061628         88.49132424388358         
73075.38881400833         27.40185164973126         92.21696940107182         
73174.49391509872         31.84424728036402         96.2929325946137          
73273.62667646958         36.11040361418598         100.8115028042632         
73308.71919037309         37.56878668164407         102.5362317657803         
73329.3634400703          38.41232631725116         103.5848109235725         
73351.4601370669          39.30259947163199         104.7364798476033         
73414.724071417           41.7726343754531          108.2128499463842         
73509.07999633346         45.20419454507665         113.9441382334242         
73607.76983583346         48.39557856668334         120.7272653368344         
73687.6770109171          50.61290725810246         126.8593176552725         
73711.05429403251         51.19014892047478         128.763367612896          
73733.42629662948         51.70971264183795         130.6314063659893         
73762.68466677284         52.33845752243761         133.1404628123674         
73825.86066123331         53.48696042878363         138.7973990799615         
73920.08162409766         54.62076915550666         147.7364611848463         
74018.83849388687         55.00289870319532         157.4767083314023         
74118.09223975288         54.52971413453829         167.242768083718          
74217.40449025529         53.22967349456091         176.5846668805505         
74316.72333459137         51.18632388656432         -174.800863047159         
74416.03726545582         48.51060052576012         -167.0604223342282        
74515.34451699117         45.31762610347355         -160.2077581838312        
74614.64172941633         41.71218247005367         -154.1734553558356        
74713.92689547502         37.78255677419669         -148.8497637261117        
74813.19732269039         33.60018542694738         -144.1202558933853        
74849.72849492915         32.00895923256054         -142.506979857194         
74877.96394546749         30.76241842859992         -141.3016083626075        
74903.7704820279          29.61136573435084         -140.2295102537392        
74976.18427276611         26.32783311860322         -137.3579056711322        
75071.96244498482         21.88257988663937         -133.8242246755647        
75170.75226791203         17.20269187423262         -130.4284226916752        
75246.60438521532         13.56020225461125         -127.9516721056102        
75275.03822157159         12.1861684420973          -127.0462368608858        
75302.56790150888         10.85209751964934         -126.1795778170404        
75380.02671680879         7.082559690982039         -123.7838471348084        
75476.4689935022          2.367438640145404         -120.8594606917948        
75575.29382491484         -2.472641879463003        -117.8856807635707        
75674.39570641145         -7.317095512955186        -114.8788702324326        
75773.53139097104         -12.13553474194663        -111.7967777283409        
75872.67446522601         -16.90682145864435        -108.5874168574886        
75971.82714608498         -21.60880279188441        -105.1924878169252        
76070.99568068516         -26.21582094424952        -101.5457021760181        
76170.18327227561         -30.69676896937939        -97.57058453937071        
76269.39336896176         -35.01321439320935        -93.17825022983055        
76345.25105038192         -38.17237379090138        -89.47612763073032        
76386.05616028653         -39.8110766054467         -87.3420944201024         
76430.76402009465         -41.55079405131939        -84.8771874606327         
76512.89552869275         -44.57219538839566        -79.96868207008173        
76610.08559352485         -47.7969183527832         -73.45155062236383        
76709.15326679824         -50.59898133104826        -65.94423239138018        
76808.44344376819         -52.80366762675764        -57.5343691532949         
76907.76305724867         -54.29095102988759        -48.34529262834423        
77007.08797804546         -54.96764248406713        -38.64142817599834        
77106.41136181075         -54.78643513770903        -28.81260992383751        
77205.72955330135         -53.76020496092757        -19.2823993573616         
77305.03904437646         -51.9577508005701         -10.3951611288002         
77404.3363903882          -49.48348469285686        -2.349059966821962        
77503.61820358085         -46.45323760737661        4.801947491077885         
77602.88223152747         -42.97638473226007        11.10465677154548         
77702.12585750269         -39.14712939690157        16.65790490498959         
77736.96092114551         -37.73407828215809        18.45116689953339         
77761.72895876225         -36.71033433094158        19.68157592459274         
77784.05559284147         -35.774837813601          20.76060462793385         
77846.55266477494         -33.09794833707672        23.64026058768332         
77936.06186136603         -29.13503320295147        27.4455385394754          
78034.08978438238         -24.65450160129763        31.25680595831874         
78133.0840148963          -20.01480097944158        34.80784901591716         
78232.16414472554         -15.28446311347848        38.13440093504533         
78331.23591234908         -10.49245737834718        41.29605815813534         
78430.29278679751         -5.660492605729116        44.34874758046212         
78529.33934364701         -0.8077032537151436       47.3440818746688          
78628.38252971414         4.047941812584035         50.33126283225977         
78727.42204387905         8.888269123034441         53.35891159750085         
78826.46423606202         13.69469918951767         56.47758875882774         
78925.51436045906         18.44691169329251         59.74173587790204         
79024.58054196322         23.12191870695197         63.21211780220254         
79123.66623433772         27.69233122377905         66.95799846540743         
79222.77723775478         32.1249577828641          71.05976694809631         
79321.91757207038         36.37842056772312         75.61064742706336         
79356.0405158205          37.7916106165353          77.29939176702622         
79378.65770134376         38.71197219988123         78.45706679603977         
79399.33597318595         39.54128545364252         79.54362152608273         
79461.09207806876         41.94259645601995         82.95928654737828         
79555.17027899623         45.34891147276058         88.70547649048302         
79653.83053394035         48.52006779642112         95.52256620086608         
79733.30918778665         50.7076951087368          101.6503789846288         
79756.79796886398         51.28208184032437         103.5715435631525         
79778.8068476133          51.78791395859238         105.4164059342858         
79807.0664647501          52.389410442521           107.8470538576372         
79868.22352936724         53.49462909386931         113.330373660031          
79960.86454109754         54.61200102462731         122.1181827735148         
80059.43666190142         55.00379562245363         131.8379015028251         
80158.66977822734         54.54200721663392         141.6050039717974         
80257.98120300751         53.25256915851908         150.954790735809          
80357.2995604598          51.21849165185285         159.5801607404979         
80456.61481681745         48.55045959761917         167.3326134330409         
80555.92375814449         45.36367878029836         174.1968062990842         
80655.22233189549         41.76315089325963         -179.7586721624994        
80754.50942348689         37.83736241864281         -174.4262921994146        
80853.78316019196         33.65792429976078         -169.6895837109191        
80898.57406024821         31.7046524328326          -167.7173659183051        
80929.00762078352         30.35689000926459         -166.4287764743166        
80956.48573944345         29.12692119216589         -165.2983864587508        
81037.95022729319         25.41579084785669         -162.1123969239304        
81134.96054399293         20.89160989828239         -158.5904358207622        
81233.89228238957         16.18791575839031         -155.2353894694491        
81301.15528319729         12.95091222578597         -153.0579799427797        
81324.8174172244          11.80626794921142         -152.3078024584816        
81352.09358094726         10.48357161644282         -151.4516852498305        
81397.55533898715         8.272430695528504         -150.0424138837579        
81488.17649551202         3.847001475691113         -147.2812241875661        
81586.31627733121         -0.9586558904324164       -144.3261119614746        
81685.33900987823         -5.803958578965127        -141.3347811978253        
81784.46800945094         -10.63268730476101        -138.2817422402495        
81883.61206658883         -15.42106009202672        -135.118181649429         
81982.76469181292         -20.14738009526372        -131.7880172442705        
82081.93026267691         -24.78721436533596        -128.2277445040376        
82181.11369485268         -29.31139416225946        -124.3642984697928        
82280.31821673503         -33.68402066313999        -120.1128583935779        
82379.54758697888         -37.86019882818039        -115.3753254876287        
82408.50658236304         -39.03391108338797        -113.8857102883301        
82442.31577335158         -40.3747394703687         -112.0786896792484        
82477.61442675255         -41.73788277859149        -110.1091870160092        
82565.24723195471         -44.93709013805697        -104.8201290885634        
82663.16093058558         -48.13831328650947        -98.16382093747117        
82762.31587330112         -50.88083752744159        -90.54904990791775        
82861.61791936029         -53.01029853852967        -82.04218227782202        
82960.94029069645         -54.41009649422055        -72.77857489663104        
83060.26513699908         -54.99121257469857        -63.03918950240235        
83159.58833594341         -54.71272896958598        -53.22312548286663        
83258.90465093544         -53.59443931410732        -43.75052267927845        
83358.21196313482         -51.71037615889355        -34.95115621712145        
83457.50716798939         -49.16739199990057        -27.00566092038633        
83556.7873111926          -46.08129979273602        -19.95405216475388        
83656.04867998045         -42.56009417782031        -13.74147880166562        
83755.28961505042         -38.69602212542664        -8.265661656435224        
83783.24502442265         -37.55620363079155        -6.839999408355901        
83810.63943553017         -36.42005698755873        -5.488103763530094        
83840.98198871361         -35.14099970983749        -4.039987223771412        
83922.68639334943         -31.60089331072252        -0.3743357936257393       
84019.68969785376         -27.24573621541403        3.597745774477277         
84118.58002943918         -22.67261923567783        7.305996744615726         
84217.66153599601         -17.98813498686721        10.75406285003015         
84316.7427065433          -13.22806311187855        14.00256017215189         
84415.80635335995         -8.416289570126903        17.11073887523143         
84514.85554673709         -3.573058011675783        20.132563297604           
84613.89705747133         1.283169555126061         23.11838059376504         
84712.93611524161         6.134511650953711         26.11692674379766         
84811.97805156698         10.96286374565508         29.17748488382685         
84911.02494536899         15.74883183837153         32.35190345421347         
85010.08245726116         20.47105499173452         35.69702998249784         
85109.15751080029         25.10487374733419         39.27701874809375         
85208.25460958295         29.62063851400153         43.16565087955136         
85307.37887170399         33.98193119354283         47.44868721889422         
85406.53401589952         38.14307206901498         52.22512466502551         
85440.12463378021         39.49724885376079         53.97409145085723         
85472.52996652387         40.77313615749902         55.73107271640562         
85523.54202701245         42.71471257086193         58.64563823650748         
85615.62580919126         45.97995886566267         64.41267668128803         
85714.05266385991         49.05654850826388         71.37362624030669         
85784.76006266428         50.94618344933026         76.91522714796126         
85806.96140133077         51.47650150936265         78.74889135993185         
85831.18878230453         52.01822243341154         80.79971446948377         
85902.29560530279         53.36967004399092         87.10241963972612         
85996.39670014149         54.55884288983185         95.9897107741992          
86095.13996515889         55.00520427528761         105.713267549721          
86194.39040845027         54.59661561859108         115.495985996702          
86293.70124230627         53.35668711005871         124.8826881559421         
86393.01790085156         51.36589509709517         133.5591369715163         
86492.33219884336         48.73391308420798         141.3675731274176         
86591.63993820548         45.57622004925031         148.2856515070166         
86690.93939519953         41.99863097112776         154.3783387565205         
86790.22682154318         38.09080020763345         159.7516256827794         
86889.50174795464         33.92528939002283         164.5220814277272         
86988.75814700732         29.56000956139666         168.8002999455099         
87087.98781711375         25.04103443805984         172.6847574465797         
87187.19217240578         20.40485946233023         176.2611070390144         
87286.37390756048         15.68113271423868         179.6030876007118         
87347.68381911563         12.72781871834556         -178.4196596068577        
87368.79779380979         11.70608080987108         -177.751221560793         
87389.5846938598          10.69815593149279         -177.0985347001583        
87416.55221882975         9.387871078779602         -176.2589450884641        
87461.14920114633         7.215390140028873         -174.8855931588726        
87551.88654593658         2.780083833139583         -172.1321311464866        
87650.03900936572         -2.026987836444619        -169.1787301638312        
87749.06267198967         -6.869197853165178        -166.1788766824055        
87848.19269530708         -11.6907178714322         -163.1062605520475        
87947.33964137267         -16.46748829307783        -159.9111635741463        
88046.49672807427         -21.1771902688518         -156.5361544502192        
88145.6679611234          -25.79446486115058        -152.9158442674925        
88244.85619550105         -30.28876347315921        -148.9748224588745        
88344.06571540749         -34.62247525763403        -144.6253871637446        
88427.64374949038         -38.11355638648575        -140.5713579970822        
88471.04351503076         -39.85670240386386        -138.3021392323631        
88511.70460225549         -41.44017888652471        -136.0629966261529        
88597.09529466927         -44.58542105950723        -130.9680057926048        
88694.7120787343          -47.82206906584201        -124.417655453308         
88793.83587660268         -50.62156957066321        -116.8988230575381        
88893.13689325936         -52.82118083412675        -108.4806340393075        
88992.46223556111         -54.30223725065816        -99.28490304431422        
89091.7899041553          -54.97190857404436        -89.57729289883446        
89191.11494282261         -54.78339068114422        -79.74835543867027        
89290.43333170703         -53.75010557459058        -70.22160390562561        
89389.74257729715         -51.9412786641175         -61.34033540603403        
89489.03842525324         -49.46156966856199        -53.30148831091062        
89588.31879539648         -46.42681537590627        -46.15782428481426        
89687.5817684806          -42.94628915857533        -39.86186688044193        
89786.82515148539         -39.11404029827687        -34.31446469348426        
89819.46615139022         -37.79007810113188        -32.63366404950012        
89839.24198426539         -36.97448999051937        -31.64680707592969        
89860.78712521121         -36.07507603700815        -30.59739825642574        
89920.68668684224         -33.5198850302496         -27.81151478961471        
90004.82576413779         -29.8125902539645         -24.18914713619927        
90102.17717264313         -25.3832746600611         -20.35137630150952        
90201.0962702916          -20.76309138149625        -16.76047332642949        
90300.17089289613         -16.04476976009193        -13.40225310535446        
90399.24341803417         -11.26080790913507        -10.21826276429849        
90498.29877713928         -6.433750467846462        -7.151902859154704        
90597.34385887859         -1.582876018609073        -4.15088824707612         
90696.38216604944         3.273572344656602         -1.16586872996896         
90795.42247010395         8.117899716457295         1.851969704918692         
90894.46756598772         12.93152608985778         4.952670685913068         
90993.51999687497         17.69433244905054         8.189830026390265         
91092.58479756536         22.38371219558094         11.62296176188661         
91191.66853737552         26.97319473063597         15.31989622094782         
91290.776928782           31.43065710032957         19.35912457213894         
91389.91224181373         35.71610146170948         23.83167200716429         
91445.59930743417         38.02905283144381         26.57199957741177         
91472.53177802777         39.11937109386484         27.96384385703648         
91496.82812142419         40.08565570266294         29.25929451424591         
91565.72187084239         42.72684378540564         33.15360970171159         
91660.96360555384         46.09690200872551         39.13317111639696         
91759.76525513688         49.16751764023719         46.15281309026663         
91827.4158141925          50.96646218750686         51.46923801193916         
91858.85010072961         51.70630013654079         54.08065573091501         
91888.15441208426         52.33655570501341         56.59319333301169         
91934.21952287899         53.20410702594634         60.68693693285376         
92025.23060574895         54.43850165909094         69.21937050695398         
92123.57070866274         54.9955894628123          78.87047821177251         
92222.77263079304         54.70335337797706         88.67274426383854         
92322.07651437493         53.5726085489778          98.13497775222663         
92421.3923107367          51.67772476176526         106.9208419683917         
92520.70625165943         49.12594523543422         114.8512005059592         
92620.01317661488         46.03311059501327         121.8878462541758         
92719.31214892538         42.50688557884533         128.0869543654144         
92818.59934109962         38.63927029785208         133.5511047488525         
92917.87530005677         34.50500244660879         138.3967349376377         
92991.55079405755         31.29980061399137         141.6599653369836         
93016.18923068745         30.20598441472864         142.6965012633865         
93044.58380044671         28.93321229050231         143.8601781157861         
93077.72813447518         27.43221030724436         145.1794293518739         
93149.40499750664         24.13603948580347         147.9031626094752         
93245.06163453916         19.64818731742773         151.3061073050933         
93343.83644044865         14.93202881083586         154.6033569093767         
93402.59687094949         12.09671819675817         156.4857516929552         
93427.44821567321         10.89235379516599         157.2678567244151         
93451.64228675421         9.717304560225969         158.0224725995511         
93521.66433170205         6.305038673762177         160.1757019903735         
93616.91029026406         1.645888153890421         163.0570100911172         
93715.61935617356         -3.188404491365298        166.0276233474217         
93814.70466853352         -8.029274357253991        169.0414269076781         
93913.84081357392         -12.84216520000366        172.1385521422613         
94012.98997340491         -17.605092235967          175.3713163361271         
94112.14835636783         -22.29515368559673        178.7988440349225         
94211.32065968122         -26.88595128831089        -177.5112645324626        
94310.51222837996         -31.34553967903683        -173.4807427596629        
94409.72593504703         -35.63417961272695        -169.0187665991532        
94471.26266278792         -38.18635258037038        -165.9899131182746        
94507.06733178813         -39.62654596746672        -164.1224958736329        
94557.29610782582         -41.5841403965954         -161.3597795220116        
94623.14818067243         -44.02458950177574        -157.4615390989862        
94713.39348207694         -47.09406919083082        -151.5551993445362        
94811.65588160511         -49.99491355204748        -144.3119701597886        
94910.86131816264         -52.34976935958561        -136.1114814306954        
95010.17805371666         -54.01505354508527        -127.0861714330881        
95109.50821990846         -54.88817616895111        -117.4700285386044        
95208.83789230138         -54.90911377508748        -107.6301762983657        
95308.16027778201         -54.07630094421592        -97.9933262888824         
95407.47343667317         -52.44689442295761        -88.93094318709441        
95506.7735964898          -50.11928333439261        -80.67767535847526        
95606.05785290245         -47.20860799548868        -73.31812676483007        
95705.32353480812         -43.82690904300492        -66.82440244491828        
95804.56940566655         -40.07229306400678        -61.10594009582702        
95867.79145229375         -37.52342598968826        -57.81467461404961        
95891.54967122013         -36.53858814432068        -56.64088873443355        
95914.04000858311         -35.59392283704503        -55.55924905925412        
95977.9813972651          -32.84820067861082        -52.62941104348133        
96072.38311754772         -28.65518456511771        -48.64907789408355        
96170.98519412102         -24.13368625637816        -44.85238662405039        
96270.04019615706         -19.47951856179037        -41.32863445230394        
96369.12326740567         -14.74040383572122        -38.02395121395627        
96468.19040916162         -9.942575581089727        -34.87770970314113        
96567.24264705554         -5.107096174126585        -31.83436748409929        
96666.28455572063         -0.2529321071077218       -28.84270195631852        
96765.32288709423         4.602001184755946         -25.85366388605705        
96864.36447169399         9.439841442996627         -22.81832072488617        
96963.41303077061         14.24173371088722         -19.68583974586027        
97062.47083152412         18.98694690751207         -16.40126096229795        
97161.54231248656         23.65191270872508         -12.90306697692576        
97260.63371828059         28.20879340121017         -9.120744113753807        
97359.74919731962         32.62351435106583         -4.972558245540513        
97458.89350842917         36.8536439790027          -0.3637142136426594       
97499.86865645042         38.53548424697919         1.700035873407134         
97523.58376431512         39.48854742226836         2.941800043969198         
97545.25747967418         40.34556104464758         4.108718325205015         
97609.48020704091         42.7989224976059          7.758339713855105         
97703.82029204629         46.1316329056099          13.69244445467843         
97802.52391202375         49.19443585413917         20.71370805590615         
97875.60297022574         51.12167175600685         26.48100075340231         
97902.85354473162         51.75548834946287         28.75522928748204         
97927.74584458675         52.290937538312           30.88945528476142         
97968.30575836357         53.06960600092295         34.47781955054423         
98057.75280701928         54.34345774667634         42.81501815562021         
98155.89619001839         54.97877475296174         52.41900082555915         
98255.0769146299          54.76889836676794         62.23142741067845         
98354.37929324107         53.7160644007006          71.7434640118444          
98453.69569970062         51.89009950448835         80.60459040993284         
98553.01099660574         49.39622515201231         88.62067095963066         
98652.31982823461         46.35032957228403         95.74177326004232         
98751.62018921692         42.86135345999104         102.0172105737498         
98850.90924091637         39.02290957143811         107.5468648578673         
98950.18693901366         34.91134879736433         112.4468250294871         
99049.45016764104         30.58764452236243         116.8299673177979         
99078.4014832112          29.29370795658134         118.0261103920632         
99107.37556476379         27.98582038132661         119.1902935992078         
99188.01021842519         24.28570901026289         122.2751874332514         
99284.93590252474         19.74079575630664         125.7299214175429         
99383.84868137073         15.0193673174552          129.0354413745006         
99444.78401049273         12.0793390052003          130.9882232975079         
99472.26587272016         10.74727392416293         131.8525811991497         
99497.62793937698         9.515124451663054         132.6426752201914         
99569.96846903348         5.988690644597465         134.8641634701168         
99665.57763222372         1.310808066100405         137.7540683339058         
99764.29810768459         -3.523857908503121        140.7257484496261         
99863.38291807333         -8.3632610387144          143.7436470330007         
99962.51709483331         -13.1732796488008         146.8483884019927         
100061.6638941108         -17.93183943202563        150.0926439383272         
100160.8215066721         -22.61590791151508        153.5360910232676         
100259.9940378685         -27.19872767925368        157.2469732900873         
100359.186276386          -31.64786640642535        161.3043583355961         
100458.3989721956         -35.92287101064272        165.7998920681571         
100512.2194629977         -38.15120640868374        168.4581528862415         
100545.1653788332         -39.478486260238          170.1717218099652         
100577.7886129799         -40.76235895344189        171.9381803158816         
100666.433298192          -44.07703226757073        177.121400937555          
100764.4661016762         -47.38817726574217        -176.4175923368792        
100863.6359350523         -50.26426777106685        -169.0200233513988        
100962.9475719994         -52.55550102190283        -160.7207921332702        
101062.278136122          -54.14302576812376        -151.6199754756966        
101161.6117541911         -54.92966242793956        -141.9615098455653        
101260.9427954536         -54.86102851419999        -132.1228558300162        
101360.266316263          -53.94200875575691        -122.530204607045         
101459.5787849044         -52.23511639952616        -113.5436661013865        
101558.8775877957         -49.84161592066887        -105.381633768552         
101658.1609103596         -46.87707279005902        -98.1147053063693         
101757.4248738703         -43.45246796130439        -91.70633779396668        
101856.6678740317         -39.66420170946263        -86.06199619584284        
101905.6131690508         -37.68652779087521        -83.5240982878547         
101927.267641027          -36.79159924886902        -82.44790153568546        
101948.6093226937         -35.89851239365436        -81.41358451351718        
102006.7838251591         -33.41274989918487        -78.71807164972988        
102099.8663773178         -29.30027428842751        -74.7386185440067         
102198.3272594749         -24.80426145763827        -70.89880724392273        
102297.3693281296         -20.1652958509085         -67.33765955829482        
102396.4540536515         -15.43685088832954        -64.00481298614721        
102495.5238071037         -10.64634220585262        -60.83899222581683        
102594.5761936717         -5.815369806212138        -57.7839278140063         
102693.6188098742         -0.9629692603755616       -54.7877977479521         
102792.656731687          3.892782264275501         -51.80141378671514        
102891.6980412556         8.734132464471827         -48.77592184317953        
102990.7458981383         13.5423802980581          -45.66093288309991        
103089.8021474015         18.2971057925674          -42.40225415935108        
103188.8716245652         22.97527247576141         -38.93945776417986        
103287.9611818353         27.54981005943429         -35.20346741850516        
103387.0738970465         31.98762152822016         -31.11437444416554        
103486.2140333396         36.24764363546099         -26.57938017734292        
103546.3550629327         38.72325916335387         -23.56745483472917        
103568.1915744441         39.59853437617063         -22.41888063169172        
103588.1496825954         40.38655430122545         -21.34179574469121        
103648.6832250841         42.70052167807208         -17.90540049142241        
103742.522284342          46.02608145786719         -12.02472043932084        
103841.1581822089         49.10206048355968         -5.036194897902809        
103914.5467988681         51.0505983106215          0.7349912032531967        
103937.9621007247         51.60254813429761         2.679078874628715         
103960.395682021          52.09725678681077         4.587005632564208         
103984.886604175          52.59764134778938         6.71904091714633          
104038.6056574993         53.54205888718156         11.5636433193296          
104120.9768814035         54.55080669005973         19.36912617487252         
104218.203460006          55.00476489977792         28.94002204598342         
104317.2786119278         54.61888655319125         38.71069794383484         
104416.5715759853         53.40052155210285         48.11114057886313         
104515.8890143619         51.42847343391175         56.80948499171855         
104615.2046045288         48.81210391244887         64.64210920219683         
104714.5145950606         45.66695996062253         71.58364322585095         
104813.815313112          42.09930041021001         77.69724618166212         
104913.1047375966         38.19918529801748         83.08840061523519         
105012.3812044971         34.0396578136051          87.87360313528228         
105096.5102049639         30.35473006439903         91.53767230434057         
105140.7592850737         28.36824753735083         93.34332484666147         
105186.6213549511         26.27921936134513         95.13774533514393         
105271.1499710334         22.36020918493416         98.26711167496975         
105368.5425226344         17.75560060210275         101.6388366911648         
105467.5047564902         13.00369862973677         104.8710961077278         
105501.8272521906         11.34262014857324         105.9574061392044         
105524.5507198269         10.23994240068975         106.6687096864123         
105545.2034178539         9.23595399135862          107.3103747489497         
105605.2115611732         6.310748026540796         109.1532165510864         
105698.8474984188         1.730499845337169         111.9862953637544         
105797.3476440297         -3.093573403183357        114.9506883851537         
105896.4075667667         -7.933566493841545        117.9628447374455         
105995.5390252755         -12.74696731934335        121.0579413531694         
106094.6880072006         -17.51103116318288        124.2877231783985         
106193.8473859336         -22.20275014168573        127.7110800965604         
106293.0203612661         -26.79574097926975        131.3953771560805         
106392.2114525107         -31.25814637901605        135.4186093196827         
106491.424066911          -35.55042582161641        139.8713417768162         
106553.7915161694         -38.13925658947922        142.9357255340846         
106588.2180868182         -39.52567247213764        144.727369926893          
106619.5253350306         -40.75719225422959        146.423736188648          
106669.3894916796         -42.65527520486372        149.2668898459805         
106761.2439720193         -45.9163700827902         155.002767370767          
106859.6831584582         -49.00063636019512        161.943941240619          
106958.9079537545         -51.57594026730226        169.8277115746828         
107058.228679304          -53.50212425136296        178.5782552260664         
107157.5616096379         -54.66858125762822        -171.9814765123363        
107256.8946374115         -54.99827900364815        -162.1740362614399        
107356.2213699566         -54.4676832622058         -152.4171938995686        
107455.5393627961         -53.11416488227371        -143.1145142850077        
107554.8453696189         -51.02407495898803        -134.5547739879152        
107654.135951749          -48.30924594201689        -126.8738113666432        
107753.4090016619         -45.08451485505812        -120.0781943049388        
107852.6615138166         -41.45370929829788        -114.0946221836395        
107951.8919301219         -37.50398742184821        -108.8139605575233        
108009.3273272621         -35.09995480729732        -106.0322151545179        
108072.5002099411         -32.37295683283043        -103.1731033612936        
108166.7620455846         -28.16956388777542        -99.24124889662892        
108265.3474137769         -23.6356130731199         -95.4801636211667         
108364.399954048          -18.97164296459645        -91.98340015107591        
108463.4823099012         -14.22543854454163        -88.69853283027676        
108562.5484870048         -9.422936084225448        -85.56584089739964        
108661.5985252778         -4.58498702564973         -82.53040247964529        
108760.6399272569         0.2697327685328375        -79.54125564084296        
108859.6793207224         5.123350822073311         -76.54947539482276        
108958.7229710422         9.95793089028707          -73.50603796791778        
109057.7707031392         14.75428512313001         -70.35989744352386        
109156.8271787139         19.49154657417926         -67.0554510574916         
109255.8999383356         24.14590371023494         -63.53024509281484        
109354.9939237651         28.68889153393578         -59.71270986546826        
109454.1129653226         33.08563886501179         -55.51979621924292        
109553.2612821436         37.29263941694487         -50.85530327564859        
109594.1260030959         38.95859559541206         -48.77093186726424        
109618.3642036398         39.92524489972912         -47.48493564731619        
109640.2663611691         40.78393960840844         -46.28930052059836        
109704.2919640895         43.20585377192194         -42.59916539543217        
109798.6247021472         46.49602293959207         -36.58076005957739        
109897.3314005882         49.50374601176743         -29.46198308894603        
109977.790469618          51.55320081403352         -23.00479144425708        
110006.1410086113         52.17661730506811         -20.591603965177          
110032.5952879619         52.7080519566228          -18.27810937933932        
110106.5190914436         53.91787918492619         -11.52559272889058        
110202.5147608481         54.83268395245761         -2.268321966082797        
110301.4435389661         54.94565909192684         7.52773426285903          
110400.7192907855         54.2049798072363          17.2004506239267          
110500.0361941871         52.65927789819165         26.33773647164897         
110599.3556061876         50.40356518395543         34.68472216966052         
110698.6700739129         47.55225183937792         42.14124201160888         
110797.9775046115         44.21831489935413         48.72535065370059         
110897.2741710604         40.50166993173686         54.52272013285562         
110996.5593474917         36.4850910467332          59.64634175110513         
111095.8318567718         32.23500614743718         64.21174686237785         
111152.5156272808         29.72395723605749         66.60987426508974         
111182.2482844815         28.38601382347315         67.81513844444326         
111212.0152407442         27.03358711966523         68.98870737405792         
111294.3265411654         23.23447527796168         72.08039292788166         
111391.4418059983         18.65962874507617         75.48635363425423         
111490.3769230354         13.92142187181524         78.75065848189247         
111547.3392005078         11.16697069613549         80.5596499607108          
111572.5739142043         9.941941324362379         81.34822746608911         
111597.3485827446         8.736844168011732         82.1159882481688          
111671.5985949151         5.1139326096085           84.38683804010195         
111767.5815569353         0.4158327930589749        87.28264231161613         
111866.3610424614         -4.420482499003979        90.25920326699941         
111965.4559871997         -9.255752227098963        93.2895875929766          
112064.5953942672         -14.05778047142853        96.41627375197007         
112163.7493474991         -18.80441407022919        99.69307262608436         
112262.9155492061         -23.47195693517051        103.1810194055775         
112362.0969219483         -28.03267294219036        106.9501404398288         
112461.2966183689         -32.45277710059897        111.081666131864          
112560.5185294524         -36.69022852415782        115.6698406770814         
112598.5576612875         -38.25529978242928        117.5718027907803         
112627.8070732718         -39.43298580663585        119.0944715653469         
112654.4619506341         -40.48512454480674        120.530433597487          
112731.2491765246         -43.39052464105843        124.9460758909769         
112827.7194253053         -46.72885849072335        131.1451186692062         
112926.7054416589         -49.70673318996638        138.3443642835595         
113025.9968454251         -52.1295817647535         146.4585642086378         
113125.3269289504         -53.8725911705418         155.4064869642796         
113224.6620067279         -54.8323165181773         164.9752821820302         
113323.9945608191         -54.94368379181976        174.8104722227928         
113423.3193904627         -54.19870360266523        -175.513351240874         
113522.6341835107         -52.64897321429185        -166.3781789494075        
113621.9362456002         -50.38966540928659        -158.0346138713858        
113721.2212419254         -47.53524449439354        -150.5818544391144        
113820.4881666577         -44.19866187939908        -144.0013060928252        
113919.7336848476         -40.47978347658377        -138.2070481902682        
113984.7738765995         -37.87520091995665        -134.7816878413836        
114013.8929065084         -36.67260848529444        -133.332958234388         
114040.8052929095         -35.54303119298728        -132.0370922732324        
114084.1867171694         -33.68851851475905        -130.0295986548396        
114174.5218921686         -29.71022024092611        -126.1368222977333        
114272.6444098866         -25.24273376341155        -122.277976574408         
114371.6568342643         -20.61548826807495        -118.6921848568954        
114470.7455654978         -15.89460055511912        -115.3399493143901        
114569.8213196592         -11.10932015558774        -112.1604144921633        
114668.8792297966         -6.281622004834056        -109.0968192988275        
114767.924896488          -1.430793525536826        -106.0970423233485        
114866.9641334214         3.425060832770327         -103.1117222173014        
114966.00526697           8.268223093143561         -100.0920531462586        
115065.0491099688         13.07998842922426         -96.98798406955477        
115164.0995754045         17.84024755913694         -93.7457448422395         
115263.162378897          22.52633298808573         -90.30559561943619        
115362.2446643421         27.11166123526421         -86.5994063215185         
115461.3500140607         31.56381675583073         -82.54842680390389        
115560.4832497425         35.84265085955656         -78.06114823999329        
115634.4371212064         38.89129594432303         -74.36857438494698        
115655.4701062851         39.73205849083577         -73.25710130598644        
115678.683046787          40.64505609824201         -71.99650885710186        
115745.5345493741         43.17853785284426         -68.15381027093031        
115840.479860804          46.49161957406098         -62.09955730177919        
115939.2493238789         49.50164449896644         -54.97701176860582        
116012.3371227295         51.38041824299114         -49.13608809680386        
116040.1714790845         52.00688011259557         -46.7855102961564         
116072.145440639          52.66085244131164         -44.00322039384197        
116122.0040322281         53.53201202290766         -39.50127431875893        
116213.691273483          54.62306429280284         -30.7935955301419         
116312.1182447649         55.00199740199042         -21.08556552243994        
116411.3363497308         54.52864224955264         -11.32329524273224        
116510.6464710203         53.22848185718014         -1.981870236881503        
116609.9648234434         51.18503058074567         6.632311737226819         
116709.2811572948         48.50914346333386         14.37272994455096         
116808.5906505701         45.31599851218438         21.22537082256056         
116907.8904690337         41.71036023376448         27.25968667762451         
117007.1780009894         37.78053825238157         32.58339077350224         
117106.4529814641         33.5978677186863          37.31302495764447         
117205.7059688726         29.21940592644398         41.5582529357693          
117239.0948376968         27.7103988994852          42.89517700930669         
117272.6419157814         26.17847598898178         44.19798067167412         
117326.0834978311         23.70879422123567         46.19760398701459         
117404.0157370619         20.05200398549854         48.96899396766212         
117500.5040612072         15.45191842623041         52.20859049774815         
117599.3526229402         10.67800320378501         55.36414726581872         
117637.8057163325         8.808728574268553         56.55909408833472         
117672.7468159748         7.10578207706257          57.63309919621583         
117728.4433756722         4.384734936525328         59.32752126755444         
117810.9552731621         0.3451146703999904        61.81480194118471         
117908.083789784          -4.41044665653211         64.74173920478138         
118006.9875573507         -9.236569452800687        67.76611621975658         
118106.103063107          -14.03772543764858        70.89159401945547         
118205.2557983436         -18.78468167077648        74.16763168989448         
118304.4226660975         -23.45274155532632        77.65459860404685         
118403.6059640581         -28.01415572777928        81.42247197825729         
118502.808623272          -32.43515195724129        85.55244110955441         
118602.0333902794         -36.67367210237414        90.13866351088971         
118640.3950919048         -38.25228353071586        92.05620143227107         
118672.2450458212         -39.53363031401624        93.71672854397164         
118701.8044943456         -40.6969756820558         95.31703543892915         
118783.5768804071         -43.76904227769137        100.067104392419          
118880.7391130249         -47.08776709497074        106.3974004876059         
118979.8190174857         -50.01091987453469        113.7031397582802         
119079.1214489029         -52.36309621774865        121.9175855466951         
119178.4539709333         -54.02249883583184        130.9492799600029         
119277.7892586775         -54.88889302713324        140.5682358319131         
119377.1216100315         -54.90292545165126        150.407208163243          
119476.4470739756         -54.06356922320725        160.0398796165036         
119575.7609900669         -52.4284379416218         169.0955237490347         
119675.0604017987         -50.09615387838894        177.340924049261          
119774.3428766378         -47.1818744246535         -175.3073546709728        
119873.6057764851         -43.79753612651344        -168.8207377094871        
119972.8476202581         -40.04110291779834        -163.1083936517235        
120033.7666593608         -37.58605577454779        -159.9357564662658        
120062.1481935843         -36.40922912338068        -158.5348446731752        
120088.89227818           -35.28287620485117        -157.2563217847223        
120168.4643096756         -31.84233937430607        -153.669600473538         
120265.1952820597         -27.50831613415863        -149.6873166125662        
120364.0619502752         -22.94357308583958        -145.9623782172409        
120463.1474241964         -18.26449433880928        -142.5007830016241        
120562.2333510546         -13.50834074383075        -139.2424546957407        
120661.3011582289         -8.699253945436572        -136.1277707468356        
120760.3547439328         -3.857557918829587        -133.1024552325496        
120859.3983845087         0.998101699185757         -130.1160807705932        
120958.4396349848         5.849949094242792         -127.1198105158567        
121057.4834990432         10.67990712127457         -124.0644645342875        
121156.5309473081         15.46862691266658         -120.8984502901311        
121255.5869187112         20.1948779770904          -117.5653061331196        
121354.6578439535         24.83422504845258         -114.0014100322868        
121453.7488810485         29.35739958939367         -110.1336244868897        
121552.8655937989         33.72848294568106         -105.8769615035166        
121652.0109390258         37.90240278920881         -101.1332924670815        
121687.8572656657         39.35206431920786         -99.27763398514244        
121708.2056638319         40.15900694913924         -98.18755328445452        
121729.4380537583         40.98785878025169         -97.02040496222985        
121790.6466831104         43.29540667075115         -93.47552793863905        
121884.6228864393         46.56460331774507         -87.4625172093078         
121983.2768986467         49.56052387700528         -80.32933581954184        
122056.3559901668         51.429934100725           -74.47523124323149        
122078.9956339519         51.94033624230067         -72.56431611182249        
122100.7915571448         52.39873317609815         -70.68270580049226        
122162.6834406867         53.51345128052193         -65.12952801741604        
122256.818128936          54.63391353412538         -56.18989123597284        
122355.5411051377         55.00263895586535         -46.44981733567489        
122454.7936314368         54.51629431712136         -36.68730718661858        
122554.1082544369         53.20396118978616         -27.3542421425935         
122653.4297120408         51.14980022184579         -18.7520641527284         
122752.7469737688         48.46496337968497         -11.02505488468032        
122852.0564098377         45.26456764347503         -4.185425775601561        
122951.3555512531         41.65316169416796         1.837230046954377         
123050.6427478278         37.71876260037286         7.151020017939314         
123149.9166008318         33.53251074172069         11.87242896309072         
123249.1653320147         29.15137372570225         16.11088652475085         
123300.9569607326         26.80263000724533         18.16441741685585         
123350.323052227          24.53055791194761         20.03590704197077         
123441.3393242285         20.27006303879108         23.29996125173265         
123539.5552978618         15.59020619054204         26.60504843113911         
123638.6004993576         10.80802301583958         29.77077986436437         
123663.1091178046         9.617460287964033         30.53481697579637         
123686.0534056323         8.500848248794927         31.2446116639718          
123752.47961852           5.259243434537263         33.27565085426324         
123847.2443359788         0.6208085913089206        36.13572657882329         
123945.8751390106         -4.20885416002699         39.10707021543097         
124044.9479146628         -9.04447438974527         42.13386378913334         
124144.0800015            -13.84844066925236        45.25509900057833         
124243.2310306001         -18.59818493656645        48.52405579406249         
124342.3988972674         -23.27016524955987        52.00147320746332         
124441.581965459          -27.83664382191379        55.75680845462266         
124540.7849411946         -32.26420655650633        59.8708446500569          
124640.0105018634         -36.51116057883827        64.43722895603742         
124678.4734165412         -38.09773913204943        66.35108116110789         
124707.0051567745         -39.24992608915483        67.82875609059711         
124733.3030593581         -40.29173280949401        69.23714930464857         
124807.3054720997         -43.10769203614517        73.45847659571776         
124903.3723004046         -46.46357230031598        79.5690337310355          
125002.3145255051         -49.48174508571313        86.69275494769082         
125101.6004044446         -51.95575963359296        94.73376540226468         
125200.9288723581         -53.75937396352023        103.6193485437991         
125300.2632633434         -54.78703139614404        113.149289179904          
125399.5958831278         -54.96963431882445        122.9790768242147         
125498.9228372695         -54.29408333471218        132.6850250222371         
125598.2394115767         -52.8074726778654         141.8771087372312         
125697.5422000629         -50.60233558853913        150.2920456280169         
125796.8279705616         -47.7924530323341         157.8190453340279         
125896.0949229542         -44.49151414083953        164.4688936420166         
125995.3404464875         -40.80069610506572        170.3237877136268         
126068.3942546253         -37.88392149635392        174.1912547062488         
126091.7080190498         -36.9228159875571         175.3553246278614         
126112.8434433485         -36.04005541299012        176.3834640940277         
126138.6407561484         -34.94866733558483        177.605002726406          
126180.0427588751         -33.16742773420749        179.4933177183051         
126269.7401346406         -29.19852184081745        -176.6879184625689        
126367.7808568231         -24.71929736804854        -172.8717800259754        
126466.7807196616         -20.08081118751684        -169.3172287601343        
126565.8643460018         -15.35143210654633        -165.9881979297853        
126664.936926146          -10.56021091426358        -162.8249800232102        
126763.9929783298         -5.728840288513763        -159.7715254382544        
126863.0372686079         -0.8764616608043513       -156.7761665518344        
126962.0776254684         3.978998042754275         -153.7896608862171        
127061.1201800639         8.819691217581399         -150.7632065365984        
127160.1683691842         13.6269153173649          -147.6463640796039        
127259.2231144197         18.38017433433658         -144.3848935241801        
127358.2909737714         23.05646243405077         -140.9181942898281        
127457.3761968641         27.62851129148134         -137.1771311535173        
127556.4838276128         32.06320999137032         -133.0815418103009        
127655.6183636421         36.31935885255941         -128.5384114738513        
127732.1368127014         39.44924513255945         -124.6601697588824        
127759.8425481236         40.54302112285422         -123.1647372031838        
127785.0293152384         41.51708215049413         -121.7597378406969        
127826.3391303364         43.06949152494262         -119.3562727695568        
127915.8729373477         46.21499433688272         -113.6893394941462        
128013.9824179583         49.24844667088829         -106.6911941327506        
128113.1276541157         51.77121887147121         -98.73288102736089        
128135.4834732483         52.25292037658112         -96.81719262243843        
128156.0734462459         52.66571732470035         -95.01537329394337        
128213.2581076585         53.64861162297182         -89.83569096612059        
128306.5696947975         54.69604545480275         -80.93117299567128        
128405.1931565395         54.99725638235568         -71.18731641252508        
128504.4347139657         54.44437388187132         -61.44584730588355        
128603.748675005          53.07047495883224         -52.16097820874084        
128703.0705723446         50.96274101886711         -43.62372759252596        
128802.3887336603         48.23338646391619         -35.96681158557283        
128901.6995165963         44.99710665568958         -29.1941413744719         
129000.9997820249         41.35730840666524         -23.2309552875118         
129100.2873309539         37.40068369819173         -17.96764882086248        
129199.561513681          33.1971059720654          -13.28780292207           
129298.8095282111         28.80256915875946         -9.08286085850661         
129338.9960913802         26.97887515570777         -7.492536536599409        
129375.7307744469         25.29276722800017         -6.087895458342309        
129432.6562112547         22.64807892856513         -3.993912716329149        
129515.2124217711         18.75440951411945         -1.109765469591017        
129612.370547466          14.102727269818           2.100927626088823         
129685.2702026605         10.57589221692765         4.412375839326361         
129707.1694414015         9.511755040859111         5.094238639288102         
129729.2050484684         8.439204029063466         5.775550512345004         
129758.8136345381         6.995599718895976         6.684428731500554         
129825.3460534732         3.743924257264546         8.705753162332829         
129919.9987128493         -0.891554407042266        11.55590094693905         
130018.6386157991         -5.718851603019158        14.53536246164128         
130117.7130494965         -10.54599731763089        17.58547618108629         
130216.8465668103         -15.33529636099452        20.74647912266758         
130316.0007064347         -20.06351762978497        24.0734198537369          
130415.1762277703         -24.70609562308672        27.62960766624776         
130514.3681437941         -29.23347349457412        31.48761847279141         
130613.5800849181         -33.609893772707          35.73208966813507         
130712.8142950824         -37.79056533038178        40.46083680486316         
130744.1734811291         -39.0621006420477         42.07303765745836         
130782.2731980938         -40.57007403916924        44.11668890233598         
130840.8242820762         -42.79974544282095        47.45346720606759         
130924.0117514273         -45.75540521461255        52.64455450807971         
131021.3762941654         -48.83157176170469        59.46412528928251         
131120.4807024915         -51.4392137472976         67.28518711462688         
131219.7887920076         -53.40799399665443        75.98640341946845         
131319.1216695355         -54.62318353984672        85.393280466194           
131418.4556921362         -55.00485133314264        95.1905516511269          
131517.7844240796         -54.52580850341001        104.9633347916813         
131617.1051508863         -53.21990257880536        114.3037935804984         
131716.4134041639         -51.17118179390539        122.9142144073037         
131815.7056666561         -48.49068005369256        130.6497287082525         
131914.9781407323         -45.29363453244172        137.4972289502913         
132014.2306365422         -41.68470040112959        143.5268279898023         
132113.4603380808         -37.75213012906799        148.8464217087835         
132138.4520266671         -36.71929621711999        150.0883191151671         
132161.8198895711         -35.73996451650409        151.217179722037          
132230.2689094562         -32.80270966290549        154.3577829507743         
132325.3996708081         -28.57540456070657        158.3630364944212         
132424.0920022479         -24.04779271935297        162.1570059539649         
132523.1609494658         -19.39152356622147        165.6763067819555         
132622.2479258431         -14.65127043645311        168.9774074007913         
132721.3160765707         -9.852868858955381        172.1210669102706         
132820.3673592419         -5.017289106193809        175.1627566541601         
132919.4081574096         -0.1633784537204238       178.1536868358647         
133018.4446493746         4.690934761612917         -178.8571421916045        
133117.48526335           9.527866093986475         -175.8207427877881        
133216.5342719061         14.32856967077668         -172.6862165799549        
133315.592623665          19.07221395867965         -169.3985547895321        
133414.6636614343         23.73512152614883         -165.8961484358086        
133513.7545045931         28.28941235049096         -162.1082840358179        
133612.8683956806         32.70085303117205         -157.9530585356733        
133712.0090880082         36.9268133744105          -153.3355136982501        
133773.0937273242         39.41486072024339         -150.2146910420466        
133801.9090253511         40.55271219868037         -148.659980894674         
133829.0280164452         41.60046930295317         -147.1449051777682        
133902.5250896928         44.3146089168411          -142.7667419276434        
133998.4347569989         47.53270751458623         -136.3963910103965        
134097.3133851425         50.37789345109026         -128.9768843087453        
134196.553735889          52.6401162849578          -120.6428306284694        
134286.4979658276         54.08136923485088         -112.400663036256         
134384.7314911662         54.90618622933208         -102.8695771069627        
134483.9247081662         54.89171746602562         -93.04296921511212        
134583.2318500034         54.0256422657915          -83.42531791011393        
134682.5522533734         52.36648411137278         -74.39331287222068        
134781.8718580529         50.01375973605924         -66.17628964354559        
134881.1869352474         47.08276254100283         -58.85345842106296        
134980.4931624094         43.68511904332426         -52.39359695485838        
135079.7884405009         39.91825850153262         -46.70460327595226        
135179.071894451          35.86240202523869         -41.67188032660365        
135278.3408113522         31.58180134304858         -37.18079710089256        
135356.990905269          28.064226558234           -33.93706945377362        
135382.6640174375         26.89586622110622         -32.92959907028368        
135410.0135264802         25.64152895426863         -31.88130370203688        
135441.2326166639         24.1984102086851          -30.71400533100686        
135509.8457286484         20.98908364536157         -28.24684368284673        
135604.982119496          16.46831663535356         -25.01261733504995        
135703.7045044592         11.71167243469636         -21.83057028583428        
135744.7637303034         9.718871546314784         -20.54587736534429        
135768.1899812305         8.578938097129949         -19.82079945149945        
135789.8778630537         7.521969604684522         -19.15389088475762        
135851.4222168596         4.515847844176675         -17.27948025162244        
135945.1328327763         -0.07241661566952992      -14.45498960923858        
136043.6618858948         -4.896049896266352        -11.48381945342876        
136142.7216684446         -9.727390879560984        -8.447547504523435        
136241.8525030254         -14.52486552310902        -5.309049122964871        
136341.0051989718         -19.26514305948292        -2.014557523247762        
136440.1784028159         -23.92420421282936        1.49779664675136          
136539.3718612147         -28.47363203678667        5.298992928747267         
136638.5833041393         -32.87866871161882        9.471321091211182         
136737.8160879132         -37.09628692269941        14.11035872179378         
136773.9695008728         -38.57584425584982        15.93707603348949         
136808.5836123093         -39.95952307884722        17.76244355705603         
136862.2115199803         -42.03276506666877        20.74993193584752         
136954.8077996937         -45.37799334211364        26.41300678175118         
137053.3411436132         -48.54015616311954        33.22360430152266         
137152.5801676093         -51.20879041270069        40.96635889243525         
137251.9052285934         -53.2463626689096         49.58863569154759         
137351.2431377778         -54.53981318734279        58.9384179944703          
137450.5808762857         -55.00544556429119        68.71510573700719         
137549.912893516          -54.61027670161995        78.50957218284277         
137649.2371033179         -53.38235921129949        87.90813878065896         
137748.5494151129         -51.40174376383452        96.59921016272983         
137847.8447607835         -48.77796583032229        104.4229367493195         
137947.1222504857         -45.62657995350277        111.3555269933458         
138046.3794909767         -42.05372073860098        117.4609988043075         
138145.6136895111         -38.14934664313018        122.8451125387676         
138173.6939894501         -36.99463344616191        124.2540868216936         
138194.5478959009         -36.1245291252466         125.2707541718887         
138215.1566612301         -35.25474130379565        126.2517346173056         
138275.0993317226         -32.67345071824729        128.980009148967          
138365.1850993163         -28.6694933840258         132.77088623546           
138463.2812960772         -24.17223757100346        136.5498032005155         
138562.2848185594         -19.52165714950831        140.0737769637036         
138661.3649955369         -14.78364804253698        143.3799196709868         
138760.4327816516         -9.986553907293592        146.5272291796026         
138859.4830713817         -5.151749813096749        149.5710901365386         
138958.521515911          -0.2981594328026262       152.5627827972769         
139057.5542545645         4.556272265167951         155.5513372016137         
139156.5900559654         9.393787943759918         158.5857206527871         
139255.6359480252         14.19571136341423         161.7168277213791         
139354.6909984667         18.94118259149392         164.999459641603          
139453.7594773457         23.60666615953414         168.49504189145           
139552.8469255194         28.16435032776862         172.2739476236555         
139651.9581150147         32.5802701937917          176.4177931939672         
139751.0965253692         36.81204807986516         -178.9788427263905        
139819.6215173579         39.60125752823261         -175.4734043260364        
139850.5741026253         40.8182257613968          -173.7913631161648        
139879.1900970158         41.91692163650833         -172.1773064577339        
139925.558646745          43.63843588855548         -169.4342536340689        
140016.5804206277         46.77554373529585         -163.5511452092242        
140114.8783202399         49.72930522110078         -156.3884700196291        
140188.8338126591         51.59163690640361         -150.4204511348523        
140212.0869624079         52.1045661665885          -148.4429720524864        
140235.2378844749         52.57816011901698         -146.4282201827212        
140260.0355905714         53.04277400145925         -144.2213996564944        
140315.0612451369         53.90789830214413         -139.1596635276837        
140400.4452679656         54.76651946587879         -130.9478170998601        
140498.1129381456         54.98187930108033         -121.2853859417636        
140597.2428492503         54.35116957772192         -111.5821128168152        
140696.5429770062         52.90574999112171         -102.3578209831554        
140795.859611663          50.73613749058133         -93.89873669989561        
140895.17336305           47.95566092868641         -86.3248390446383         
140994.4796071853         44.6784172128333          -79.63076650478125        
141093.7749368255         41.00639829043826         -73.73697432105176        
141193.0575477658         37.02468157581528         -68.53230110064354        
141292.3283348791         32.80162303866494         -63.90053424829065        
141391.5800989489         28.3917725580933          -59.73395466381176        
141429.5577096054         26.66409569729724         -58.24205891770183        
141462.4842616729         25.15072455661682         -56.98849660772999        
141496.3123198017         23.58231869122748         -55.73593246145848        
141582.4783933698         19.53335958130229         -52.68672359567483        
141680.0730020623         14.87205790067134         -49.43214865700249        
141779.0460319142         10.08580547633397         -46.28921768177581        
141804.2991349823         8.857613035915104         -45.5059797558951         
141830.0318343099         7.603851687958174         -44.71389304070706        
141868.7473115511         5.714003424157052         -43.53168027887698        
141953.5320998635         1.56548359458123          -40.9692349211082         
142050.9072088287         -3.203612319116002        -38.03852461203523        
142149.8325265828         -8.036746166653218        -35.0292451687444         
142248.9440558595         -12.84849009948713        -31.93252313491155        
142348.0897908448         -17.61125192288484        -28.69944902479224        
142447.2556166234         -22.30160105612428        -25.27115768059124        
142546.4436668088         -26.89297851069881        -21.5800457015879         
142645.6506557995         -31.35300166107261        -17.54808661836505        
142744.8769708397         -35.64179405134826        -13.08451978392016        
142791.4509578724         -37.58173813428695        -10.81190118627597        
142823.1267312309         -38.87018397727748        -9.193145534736804        
142863.3127217065         -40.46497613771127        -7.047553067558891        
142925.8842117386         -42.84893159683111        -3.484739048232244        
143014.1326169134         -45.9706305251976         2.049595804477087         
143112.145506253          -49.03516434968575        8.97249457326437          
143211.327584961          -51.60273737541293        16.86304818988378         
143310.6501093716         -53.52115951768418        25.62275644136459         
143409.9902895279         -54.67878529713578        35.07003677017875         
143509.3299035914         -54.99892507389024        44.88021367171073         
143608.6641597329         -54.45871600433544        54.63503909702042         
143707.9896045034         -53.09618602157752        63.93153423605221         
143807.3023069999         -50.99815989964853        72.48244064753166         
143906.5991934738         -48.27665210737958        80.15362932332533         
144005.8756870916         -45.04655260062323        86.93960220817819         
144105.1317941397         -41.41145137547237        92.91456275700531         
144204.3649340398         -37.45835448186482        98.18783300987256         
144227.2036438342         -36.51108347881247        99.31465958381756         
144248.0848566396         -35.63414611780905        100.3190351209702         
144309.0971988975         -33.01743049125896        103.1219415276788         
144402.9946584371         -28.85373044386899        107.0974156792816         
144501.5466765035         -24.34059871851159        110.9068037720995         
144600.6045322632         -19.69101394824088        114.4420412862288         
144699.6936460258         -14.95513604371214        117.7553494165952         
144798.7649019342         -10.15960499780928        120.9075317151284         
144897.8162521846         -5.325745854281391        123.9542954067836         
144996.8550726422         -0.472452578151604        126.9471020244173         
145095.8875585813         4.382312286192382         129.9350301708777         
145194.9208501261         9.220722954700143         132.9669672814092         
145293.9626846113         14.02418284069747         136.0937179036632         
145393.0143146077         18.7720186124057          139.3699618465078         
145492.0787959476         23.440761102236           142.8568098006963         
145591.1617210368         28.00278280737585         146.6242696585482         
145690.2691933676         32.42443105679941         150.753567690878          
145789.4035288598         36.66361536859986         155.3387525200207         
145862.8851092071         39.65656973872381         159.0933237722234         
145889.3422061345         40.69749209663799         160.5295942874626         
145914.2164186807         41.65649924959602         161.9239053997859         
145953.3143376466         43.12243451473699         164.2061827807545         
146034.7166675027         45.99129161605865         169.3409619688539         
146131.7549842643         49.02636439335987         176.200721361405          
146230.7775121881         51.59306309476967         -175.9205469637944        
146255.9951519477         52.14747116962676         -173.773608215813         
146281.6801275476         52.66685281218571         -171.531147046682         
146308.3917103708         53.15642053535888         -169.142211975582         
146350.6867890595         53.82112836937298         -165.2504942808038        
146439.9742331821         54.75047510275039         -156.6829176015173        
146538.105931913          54.98465043273337         -146.9770662303046        
146637.2897503898         54.36906442751009         -137.2628466748773        
146736.5958354785         52.93750768922527         -128.0262209714546        
146835.9122598544         50.77992387742787         -119.55189873077          
146935.2242903318         48.00943507465322         -111.9619813621255        
147034.5269816928         44.74030126307076         -105.2528793663335        
147133.819488727          41.07471357372854         -99.3457772863747         
147233.0995615222         37.09806755867582         -94.12984622754608        
147332.3654339067         32.87911082902652         -89.48894635182046        
147431.6177741275         28.4722758273046          -85.31481688169396        
147530.843159405          23.92138936980336         -81.51246991065278        
147621.9533141702         19.64457569628215         -78.27678511620408        
147720.1695364318         14.95515971498248         -74.9975748895709         
147819.2153492826         10.16634773685819         -71.85008853453766        
147847.6960525266         8.781225651973005         -70.96672371632147        
147876.5053514158         7.377326014749626         -70.08068264567626        
147909.2354133376         5.779545097463131         -69.08164234886362        
147994.865491963          1.589904906352379         -66.49334909351647        
148092.3629467492         -3.185048358522807        -63.55901722697354        
148191.3032148848         -8.018835264007119        -60.54953488963844        
148290.4165087617         -12.83065071661116        -57.4532071713951         
148389.5619237679         -17.59345750383645        -54.22081461167787        
148488.7276477064         -22.28395174202829        -50.7934517445187         
148587.9143881146         -26.8755296379199         -47.10361087530638        
148687.119380536          -31.33586595720419        -43.07330973493703        
148786.3451178535         -35.62521783827501        -38.61176167110617        
148831.2679832219         -37.497625089932          -36.42290510618756        
148862.7229156438         -38.77881056062063        -34.81963444606001        
148897.9764843592         -40.18260888210754        -32.9484274166487         
148985.867897782          -43.51414447327996        -27.90770839707458        
149083.8108609896         -46.88689078697402        -21.58101098730842        
149182.9720316688         -49.84494541715776        -14.32527404434091        
149282.2878214298         -52.23697663522887        -6.164557100125636        
149381.6253361409         -53.9429183886675         2.821964005508121         
149480.9668251313         -54.86104318394641        12.41473651849051         
149580.305637361          -54.92878056025143        22.2533395039963          
149679.6383910463         -54.14123362795286        31.91174206364792         
149778.9609934087         -52.55272165206146        41.01264684126852         
149878.2694701687         -50.26005549810928        49.31304812545151         
149977.5604822906         -47.37808570566305        56.72090688333368         
150076.8318065791         -44.01937895818664        63.25940059325104         
150176.0819933843         -40.28294180604626        69.01684779423439         
150251.9084300031         -37.22463918031382        72.96031044809853         
150279.6512996661         -36.06854411878518        74.31621436607855         
150306.48644662           -34.93333027162332        75.58716409239507         
150386.5767494193         -31.4567744636486         79.16430015571956         
150483.3853962715         -27.10565344448462        83.1160227862962          
150582.2611581185         -22.52967634342668        86.81410703306706         
150681.3458151184         -17.84241563404861        90.25493818167345         
150780.4301819997         -13.08031615055679        93.49817419869561         
150879.495089245          -8.267257409483463        96.60278944244708         
150978.5430401098         -3.423446025008392        99.62259115217309         
151077.580803819          1.432691031752674         102.6078495270815         
151176.6156924306         6.283383236619619         105.6073459671559         
151275.6535171182         11.11053098058787         108.6704238119622         
151374.7020394192         15.89496468758414         111.8492308739245         
151473.759842373          20.61489273378868         115.200585716607          
151572.8324366617         25.24546481624139         118.7888473824172         
151671.9244503533         29.7568658368392          122.6881142447454         
151771.040864184          34.11243885895135         126.9845001331958         
151870.1851765509         38.26618949113436         131.7773428759148         
151925.4170809407         40.4712293171436          134.7027785089475         
151988.0169526208         42.85760022646744         138.271231905764          
152052.521349967          45.17087759392334         142.2587714463172         
152147.0644730609         48.24206755572813         148.7319176774044         
152245.7942914101         50.95607925131526         156.3475785702048         
152291.7537044152         52.01670314116735         160.1937485173889         
152316.4442435838         52.52742600135739         162.3357385539522         
152345.4720542883         53.07204779339645         164.9181264924497         
152426.6348904348         54.25310134955892         172.4637092472661         
152523.6967932433         54.95241319262969         -178.0661239532214        
152622.7571179974         54.82196163725423         -168.2577710282472        
152722.050823539          53.84518445841159         -158.7014834888673        
152821.3698822423         52.08679985673634         -149.7691770909717        
152920.6865250715         49.64996454208951         -141.6706341395951        
153019.9950357783         46.65050234358825         -134.4675162228342        
153119.2936796229         43.19849877248556         -128.1174701764413        
153218.5803173343         39.38913383194672         -122.5235435675367        
153317.8528432734         35.30040743317763         -117.5702224585508        
153417.1101271408         30.99454690711314         -113.1437685191574        
153516.3513435284         26.52082880963235         -109.1412397591665        
153544.4240337471         25.23036100330055         -108.0731269609679        
153570.6091226195         24.01804742721836         -107.0992070368085        
153602.7417388279         22.51989269495256         -105.9314390959174        
153673.6072610831         19.17976979579842         -103.4508237547485        
153769.1172260209         14.61388396079789         -100.2775093328133        
153867.8613472497         9.836443973084631         -97.1486989555533         
153896.7720512417         8.429732129708833         -96.25396226344512        
153929.1717302869         6.850054065716376         -95.25985895118252        
153961.72435591           5.260155285834157         -94.26850252416006        
154049.279313453          0.9752203299472577        -91.62549980092984        
154147.0272694831         -3.811292287367259        -88.68225636121814        
154245.9986394038         -8.643545484599425        -85.66416805899968        
154345.1190702617         -13.4501515340332         -82.55327894746536        
154444.2676551989         -18.20478712062395        -79.29915662590099        
154543.4375127777         -22.88396355261424        -75.84181701136704        
154642.6254252903         -27.46027851172897        -72.11266009094696        
154741.8318708194         -31.90070184634496        -68.03206777370352        
154841.0586042213         -36.16429326241328        -63.50757517887215        
154879.5863351086         -37.7612122679172         -61.60919350516664        
154905.8897024835         -38.82988144966743        -60.26232796227249        
154931.096023845          -39.83627246794944        -58.93063677088686        
155004.5534231351         -42.65934903643733        -54.80273452963839        
155100.5513311364         -46.05890764362429        -48.79143557278127        
155199.4788746            -49.13653994090722        -41.77688749923118        
155298.7638498656         -51.68476079629676        -33.84602324894225        
155398.0954930536         -53.57683356543514        -25.05669086053514        
155497.4349971046         -54.70445150773823        -15.59010878905197        
155596.7738693696         -54.99279621877031        -5.774989753233468        
155696.1072337814         -54.42123524833328        3.968955171583537         
155795.4319474404         -53.02989168844716        13.24163357238917         
155894.7431880282         -50.90695138130145        21.76118626841576         
155994.0379518899         -48.16486779504884        29.3989530826685          
156093.3142173104         -44.91820267440212        36.15341562093644         
156192.5686986884         -41.27007312637188        42.10049972389824         
156291.800283012          -37.30679203118731        47.35025669613236         
156318.0856048828         -36.21315946586544        48.63905285996711         
156347.9824032169         -34.94973502104387        50.05818647039274         
156431.3751033624         -31.32788665461698        53.77812223987023         
156528.6243580515         -26.952266994503          57.73610782072194         
156627.5458068238         -22.37020165024713        61.42582561433386         
156726.6317820875         -17.67986095260833        64.85901367967915         
156825.7126716315         -12.91574746171234        68.09660608405457         
156924.7749929549         -8.101363416543965        71.19753158065882         
157023.8216623315         -3.256825430229155        74.21544279582838         
157122.8590906598         1.599457038902614         77.20051068614077         
157221.8951356597         6.449743608927252         80.20152082639437         
157320.9338605637         11.27582194780228         83.26782522904854         
157419.9840874295         16.0585142391314          86.4517416039383          
157519.0454478725         20.7759794812429          89.81034400517004         
157618.1227186345         25.40318312172688         93.40827764133616         
157717.2202056041         29.91008534314876         97.32002471076757         
157816.3416265743         34.2596879441458          101.6321061741346         
157915.4897334287         38.40559249833069         106.4442818554404         
157972.3641099874         40.66926097081605         109.4725759360863         
157995.8936104551         41.57745362250631         110.7892715390678         
158018.1527364766         42.42001893815169         112.0713833969935         
158080.0040904782         44.66869722183116         115.8313249061827         
158173.8942275872         47.78155759710143         122.140428065376          
158272.5563574582         50.5774136359411          129.6153378136168         
158333.4581236588         52.01275481334412         134.6703068274759         
158356.7604266689         52.49615688276826         136.6901546272408         
158383.2686743699         52.99894590634195         139.042407911687          
158460.0325637846         54.15392139246294         146.1469930037942         
158556.4796873135         54.92085874538823         155.5254375102183         
158655.4695607047         54.8694940131946          165.3308462004668         
158754.7570470837         53.96895156067727         174.9281756036706         
158854.0776682785         52.27878974945167         -176.0707630542881        
158953.3981411136         49.89975632016584         -167.8906864878815        
159052.7107012225         46.94743931758544         -160.6055097427178        
159152.012817061          43.53299885007578         -154.180330905141         
159251.3026721659         39.75316376895662         -148.5214376764356        
159350.5778654362         35.68750879476306         -143.513966267834         
159449.8377534561         31.39958488941468         -139.0434708513933        
159549.0828639711         26.93967271285686         -135.0057910083367        
159603.573536966          24.43232214245702         -132.9393267797757        
159654.7942556092         22.04407418565997         -131.0785349530238        
159746.7471738579         17.69353856789526         -127.9039254900199        
159845.0771213626         12.97164836094229         -124.6939998306265        
159924.7766761808         9.106560785107726         -122.1934397916629        
159948.3484472148         7.958678266154593         -121.4666366959206        
159972.6980891428         6.771135055859125         -120.720637446301         
160004.1297903867         5.235971319774235         -119.7636557100374        
160075.6397044519         1.736957200651899         -117.6036369417303        
160171.1389145697         -2.939886021890215        -114.7298987559896        
160269.8773204931         -7.764483077490595        -111.729501828389         
160368.9715206041         -12.57708374875262        -108.6394762119438        
160468.1171675795         -17.34274956695086        -105.4157461563842        
160567.2854900127         -22.03751742456534        -102.000285843264         
160666.4719795925         -26.63478553706515        -98.32626883216039        
160765.6769805006         -31.10272261492486        -94.31623168267085        
160864.9001957034         -35.4019360775067         -89.88022629616079        
160910.4241940891         -37.30459842153184        -87.6748799217191         
160944.1008945345         -38.67928920200394        -85.9656847449334         
160974.4316364639         -39.89121431534721        -84.36552000243087        
161060.6223660288         -43.18143291104094        -79.47366475983269        
161158.3434133208         -46.58324905200121        -73.23547950362536        
161257.4752678745         -49.58783710620369        -66.06521104850322        
161356.7839134252         -52.03813640712163        -57.98846821606958        
161456.1166435364         -53.81314281380564        -49.07340293450827        
161555.454800406          -54.8087261464557         -39.52489510154743        
161654.7915774048         -54.95765280401066        -29.69211942714688        
161754.1221632157         -54.24919595800318        -19.99970339855241        
161853.4436497372         -52.73254807234112        -10.83392328796971        
161952.7522242512         -50.5014951535376         -2.452205999748366        
162052.0447356859         -47.67013251107418        5.040173081627911         
162151.3168156031         -44.35190737869782        11.65751488923949         
162250.5664561177         -40.64737373987312        17.48391113638119         
162331.649433577          -37.3922292092421         21.73587734653626         
162355.01754008           -36.42195228292014        22.88641874662148         
162379.3383427081         -35.39842859284196        24.05120437527635         
162424.3272372521         -33.47106600346594        26.12346205376983         
162506.4557808568         -29.85232240458122        29.65891032763913         
162603.5187976202         -25.43771955365381        33.48913018704671         
162702.4076028611         -20.82037193320589        37.08247198080359         
162801.4798130491         -16.1032383740392         40.44336715176564         
162900.5493920529         -11.32017778429802        43.62928791762678         
162999.6010132483         -6.493783666442292        46.69689668524184         
163098.6393128755         -1.64346814703836         49.69845490819127         
163197.6703013876         3.212637631263967         52.68340479427005         
163296.7024466023         8.056825334037198         55.70053785698232         
163395.7425152301         12.87072034879888         58.79998274953706         
163494.795778126          17.63435324780691         62.03537425995701         
163593.86577392           22.32506999188309         65.46612014723162         
163692.9537033197         26.91619075221062         69.15976941415435         
163792.063351383          31.37558111865524         73.19458931717695         
163891.1979769939         35.66339918766653         77.66145904251412         
163990.361643699          39.72956378109021         82.66453282855937         
164025.3446313785         41.09945274898322         84.57831102754866         
164058.6370582343         42.36725781602586         86.47929676493375         
164091.4009197615         43.57781092457538         88.43033333212615         
164176.3889969909         46.52372205488167         93.89074306690692         
164273.9191855188         49.494704320417           100.9272317884039         
164372.9994388763         51.96204369793877         108.9590804291671         
164394.0407003509         52.40366615035435         110.7767275738363         
164415.5776953441         52.82325765837719         112.6754705710242         
164440.9632942989         53.27417254561141         114.9608824266804         
164482.0919251302         53.90017928128106         118.7635858630876         
164572.3123825737         54.79217562495883         127.447862207312          
164670.5641577253         54.96842384081742         137.1721245502502         
164769.7673754883         54.29451775900486         146.8656403767044         
164869.0797554911         52.80953944532148         156.056620395079          
164968.4015594772         50.6058963406143          164.4719887804321         
165067.7180316299         47.79744352891586         171.9996680209638         
165167.0259957318         44.4978848068612          178.6501984750507         
165266.3215510547         40.80843697891969         -175.4943675892144        
165365.6023140997         36.81332525750232         -170.3221185140494        
165464.8689779453         32.58012724397417         -165.7170277045059        
165564.1201928956         28.16248522472429         -161.5717269109371        
165629.5134857297         25.17163507985716         -159.0451262996542        
165663.8737430563         23.57882855417724         -157.7727364019176        
165697.3909247783         22.01263398258147         -156.564153201411         
165750.1333445194         19.52588993007477         -154.7206764163184        
165842.4497826607         15.11882355506421         -151.6381670189271        
165940.8190652844         10.36507511898355         -148.5074890018106        
165982.3157123756         8.346819190113662         -147.2214259626852        
166014.0028456226         6.801862478595349         -146.2495990015443        
166043.5848438763         5.35717990414756          -145.3487004254739        
166127.9903057031         1.226986313543643         -142.8000842115989        
166225.3322745091         -3.539594566812793        -139.869983150674         
166324.2608436034         -8.37074031489257         -136.8568715555727        
166423.3792445739         -13.17934917576104        -133.7526537217212        
166522.5312053226         -17.93748764811627        -130.5082286498123        
166621.7028479325         -22.62152078135935        -127.0642425792468        
166720.8937273244         -27.20445365768226        -123.3525443050731        
166820.1029388816         -31.65357340457031        -119.2942333535099        
166919.3313529599         -35.92841971056485        -114.7976353470145        
166958.9266707189         -37.57440138741346        -112.8582906342976        
166989.9553707917         -38.83678659460204        -111.2736565134409        
167022.374417691          -40.12761464742933        -109.5529391865902        
167106.4617205993         -43.32407712905412        -104.7508765599007        
167203.8992830203         -46.70118519477813        -98.5009427489005         
167303.0005698209         -49.68670274206624        -91.30100573661797        
167402.3074215394         -52.11474002707467        -83.19256506606493        
167501.6415444086         -53.86348451254881        -74.25007412853321        
167600.9797314531         -54.82957009929815        -64.68439362907928        
167700.3165565431         -54.94752581273924        -54.8489326315381         
167799.6473111445         -54.20882617445731        -45.16902402516014        
167898.9687417168         -52.66462331056334        -36.02762014667151        
167998.2763298904         -50.40989116081438        -27.67673831894402        
168097.5665103178         -47.55905229422689        -20.21658973769895        
168196.8383972417         -44.22514577857508        -13.629253181875          
168296.0890762741         -40.50816301555897        -7.829089566946883        
168372.9684366728         -37.41837649114245        -3.804972067607054        
168394.9868333875         -36.5048042226203         -2.719215970978987        
168418.0118185119         -35.5371649690983         -1.613148092502526        
168442.2897747369         -34.50402189202404        -0.4778524903035521       
168481.8538014893         -32.79413276123448        1.308198373780278         
168570.8063893137         -28.84536062960705        5.064361653147336         
168668.749927415          -24.35999261904159        8.851075513926368         
168767.7340952447         -19.71403537238855        12.38533921945401         
168866.8101734715         -14.97882602573366        15.6996233603977          
168965.8742443076         -10.18355569252025        18.85268786171238         
169064.9203881389         -5.349748639477106        21.90012255445061         
169163.9538780204         -0.4964144686329979       24.89333787408756         
169262.9806279088         4.358461225174143         27.88141047728109         
169362.0087004616         9.197093372432773         30.91325164592685         
169461.0446517938         14.00082826837582         34.03961444515848         
169560.0963936886         18.74931656523954         37.31537566445778         
169659.1701607103         23.41923324776011         40.80176606579177         
169758.2649272284         27.98263184959412         44.56857916660994         
169857.382852945          32.40568896374258         48.69687340062524         
169956.526425085          36.64634863047081         53.2806643370641          
170055.6987922057         40.65163998765892         58.42697407128416         
170086.9837779785         41.85579141683988         60.18526504695804         
170119.3529172451         43.06744304158293         62.07928005785056         
170170.6602933467         44.90963509833127         65.24689230349738         
170262.7842131071         47.93940763181835         71.48458072581978         
170361.2256711465         50.70184368753358         78.9874878233805          
170422.1140950336         52.11763590737509         84.06771669752037         
170467.6877150196         53.0111495577409          88.07836552083636         
170512.6040085568         53.74092599445416         92.18886037849519         
170596.0953590926         54.66890608407861         100.1646867981683         
170693.4635954211         55.00128981446695         109.7783193050569         
170792.5629422301         54.49046148044251         119.5185347039521         
170891.8630416971         53.15559705104554         128.8325520656784         
170991.1826146301         51.08179686868535         137.410525406778          
171090.4995786957         48.38070449138716         145.1114149870935         
171189.8088098271         45.16732567947984         151.9259968925156         
171289.1066185199         41.54583065491649         157.9262750157712         
171388.3918883046         37.6037229525874          163.2209905245272         
171487.6620722353         33.41172965273695         167.926550289374          
171586.9175610133         29.02589140617897         172.1525877466904         
171686.1526465626         24.49090681708273         175.996029658777          
171716.4487958536         23.08212804355126         177.106529843867          
171748.1432031258         21.59790922669478         178.2409983865445         
171799.7213032795         19.16216788940445         -179.9664904307543        
171891.8989675934         14.7566378881182          -176.9021439382875        
171990.2497725212         10.00003231470734         -173.7821008756251        
172089.3037215807         5.171251331196649         -170.7421671348194        
172179.1739895009         0.7729831781990129        -168.030345936162         
172277.2399155423         -4.028585720539737        -165.0772154182488        
172376.2512781424         -8.861470175330536        -162.0553830810559        
172475.3797785728         -13.66628830891139        -158.9393619050518        
172574.533205945          -18.41803006452893        -155.6776326754034        
172673.7067960901         -23.09316292325802        -152.2098170827018        
172772.9008636437         -27.66423057993464        -148.4667392685656        
172872.1125951153         -32.09774096446864        -144.368345353042         
172971.3438776904         -36.35234455797801        -139.8215557298662        
173030.0438415608         -38.76387274671579        -136.8786636836003        
173096.4167141123         -41.3768902235538         -133.2882498788278        
173191.3134877221         -44.86089224779441        -127.6031214653935        
173290.1175164036         -48.09906061983874        -120.9016202445384        
173389.38340639           -50.85177905493843        -113.2900520124486        
173488.7157769175         -52.9900857757706         -104.7909418900947        
173588.0573551753         -54.39946001961266        -95.53319126566129        
173687.3988070758         -54.99065193524569        -85.7954955082363         
173786.7354834918         -54.72210277395475        -75.9763139686028         
173886.064158543          -53.61293985496363        -66.49623550570924        
173985.3808937827         -51.73676122600908        -57.68684391232636        
174084.6814955352         -49.20030737606614        -49.73062896406935        
174183.9636676828         -46.11947200453397        -42.66884102620931        
174283.2247067476         -42.60241852032036        -36.44726202565295        
174382.4635767261         -38.74159218816447        -30.96383312037115        
174427.1039039595         -36.91312496616698        -28.70657652087912        
174452.4725540774         -35.85204921295824        -27.4757284653907         
174480.2299460163         -34.67426481342597        -26.16933129269478        
174562.7004373237         -31.08254173276811        -22.51402903922262        
174659.8236145684         -26.70403972445794        -18.58167890993953        
174758.7271262775         -22.11610279077731        -14.90874641455192        
174857.8070637421         -17.42092092457389        -11.4879680859341         
174956.8822936155         -12.65328589764072        -8.259337429410113        
175055.9377322439         -7.836607362464132        -5.164354529281394        
175154.9768274184         -2.990869816078152        -2.149601699414468        
175254.0061041364         1.865576596306814         0.834960251743788         
175353.031744156          6.714915541842716         3.83804332442212          
175452.0612314693         11.53906156967306         6.909192293410529         
175551.1012356612         16.3186404571589          10.10086419853963         
175650.1597675262         21.03205768377509         13.47075133700412         
175749.2422418785         25.65406101827031         17.08404374180867         
175848.3481866075         30.15404054456043         21.01571583022199         
175947.4780301331         34.49438827076671         25.35290971447781         
176046.6354855336         38.62814083125139         30.19619021564529         
176107.541986357          41.03920881087343         33.46936635617186         
176138.1625033566         42.20830285186633         35.21132856976045         
176167.929916014          43.31432115000576         36.97094017509225         
176247.7890759939         46.11486932079166         42.03732080668767         
176344.6570431464         49.12772331580516         48.91616531088855         
176443.6589490739         51.67309551807902         56.82489732839702         
176476.5274711302         52.37928605573205         59.64398908578126         
176498.448415962          52.80813592153527         61.5746929751045          
176518.2690808084         53.16570441189579         63.3535537225271          
176576.6793485032         54.04455887863752         68.76198025729886         
176658.7560425978         54.8102098662075          76.69046635987284         
176755.9910805314         54.96638627751477         86.31687605155582         
176855.073451472          54.2798434327719          95.99386236368851         
176954.3712309329         52.78323797967132         105.1737250219387         
177053.6897782353         50.56947194173765         113.5761646067036         
177153.0049563269         47.75261315136668         121.0903435777713         
177252.3111064802         44.44630986347222         127.7280792362521         
177351.6051288578         40.75151788700609         133.5722309422343         
177450.8856885368         36.75215561105108         138.734990380932          
177550.1522015082         32.51561397123422         143.3322606402596         
177649.4042547536         28.09530376218326         147.4712839987547         
177735.9492685064         24.12372075369761         150.7808914274514         
177771.7349955579         22.45547304743762         152.0817366148179         
177806.1281987932         20.83979343672649         153.2995702899251         
177860.8143209014         18.24880297249642         155.1778785353916         
177941.9208240579         14.36443864118571         157.8532520816173         
178038.834794343          9.673671622487818         160.9182590838328         
178085.7617344125         7.388487779389278         162.3652033887036         
178104.7832459793         6.460315740987824         162.9466340015169         
178124.6081811958         5.49199407613012          163.5500770469156         
178181.8315956043         2.692919771925875         165.2808974441056         
178274.9975359649         -1.86982790725929         168.0838770124494         
178373.4414523118         -6.684086111576834        171.0643728902311         
178472.4978493061         -11.5031947764304         174.1308250344754         
178571.6340160347         -16.28143869428128        177.3195097551222         
178670.7945920178         -20.99422951359768        -179.3138324224037        
178769.977242162          -25.61605250186146        -175.7043041017935        
178869.1787050688         -30.11629151432025        -171.7770970530991        
178968.3993079467         -34.45747153167181        -167.4451489782742        
179021.4450584957         -36.69697952222965        -164.9292844574686        
179052.0578535623         -37.95931541539385        -163.4053829397101        
179084.3584688846         -39.26493336226789        -161.7357673652053        
179167.8182153497         -42.49686060027231        -157.100210927673         
179265.1764606591         -45.95882708259143        -151.0326463554102        
179364.2611956107         -49.05593748907506        -144.0328286607201        
179463.561392203          -51.6220250546509         -136.1262527388497        
179562.9012244055         -53.53493130478193        -127.3584702824801        
179662.2480156831         -54.68591023377603        -117.9058756523443        
179761.5922568715         -54.99883949753848        -108.0936281015099        
179860.9299806063         -54.45137205425326        -98.34036862093564        
179960.2569960407         -53.08204592309217        -89.04861640469151        
180059.5698160934         -50.9780314629014         -80.50438920424274        
180158.8665303192         -48.2514468114418         -72.84047678524057        
180258.1417647656         -45.01717157783999        -66.06154429543935        
180357.3953050654         -41.37869717350096        -60.0929075184906         
180456.6263204673         -37.42282972997262        -54.82496872215524        
180481.4103476121         -36.39365799691938        -53.60470166094522        
180507.0990960114         -35.31163939126554        -52.37635775753287        
180540.5320836115         -33.88173504904055        -50.83018044039106        
180612.1015411452         -30.74690050128685        -47.70206238859741        
180707.6623051311         -26.42894826278277        -43.85793191237485        
180806.3996411045         -21.84189453345348        -40.20874960814935        
180905.4577973555         -17.14270629964798        -36.80187984459913        
181004.5296536176         -12.37163714293071        -33.58283490041536        
181103.5840647295         -7.552663501682068        -30.49409822597496        
181202.622907504          -2.705728784424388        -27.48257003848408        
181301.6526572756         2.150872657849179         -24.49834755560901        
181400.6796598784         6.999338191079548         -21.49272310427012        
181499.7116271872         11.82154666463367         -18.41602846125521        
181598.7550741411         16.59801210715491         -15.21556400834143        
181697.8164000087         21.30689247083496         -11.83330748290297        
181796.9012980931         25.92269843393749         -8.203537855794409        
181896.0087364772         30.41444158117131         -4.250644130329976        
181995.1412328752         34.74412256502341         0.1133699549946552        
182094.3001979613         38.86403250191357         4.989741823550145         
182155.206757877          41.26467026734641         8.28657659542074          
182185.3222987382         42.40896379574387         10.01192350615212         
182214.9835644406         43.50550274384209         11.77709776797099         
182299.0890052635         46.42966650049946         17.16367666916148         
182396.5246839565         49.41267402873799         24.16767610242137         
182495.5958389677         51.89859154689799         32.17222314535555         
182523.6582618789         52.48662875558937         34.59764341013739         
182546.6283058282         52.92634848578078         36.63165401818389         
182569.9294197606         53.33263338639161         38.73741773958352         
182639.7084377124         54.2967383909511          45.26919971975553         
182735.1876513334         54.96111838042074         54.59559014331353         
182834.0972017846         54.81329995645335         64.3880267109197          
182933.3749976358         53.82054103785629         73.93377884184632         
183032.6933978358         52.04782654847555         82.85137604391197         
183132.0134054753         49.59878463756508         90.93289613726307         
183231.3262355863         46.58932335766401         98.11889299548636         
183330.6284960127         43.1293612280189          104.4531494781891         
183429.9190404243         39.31372352999323         110.0333814091665         
183529.1952753556         35.22010175598655         114.9752207728807         
183628.4570665914         30.91039757333776         119.3923211315824         
183727.7036572457         26.43365437609996         123.3873834764493         
183793.0588546442         23.41328052849571         125.8318593918954         
183827.6625717874         21.79475763715473         127.0757142820765         
183862.0739085367         20.17359011024541         128.282049739907          
183916.1201295443         17.60669501655983         130.1220164532448         
183996.4805019787         13.75103817625835         132.7542335509807         
184093.2929074857         9.059430222009459         135.8008263779937         
184130.7284096489         7.235449034381069         136.9525185494423         
184154.6195434523         6.069301688730494         137.6818950786846         
184176.3647392625         5.006747234122336         138.3426565678955         
184242.9090709775         1.750385841817462         140.351918018848          
184337.5958527671         -2.886832303062204        143.2009245223554         
184436.2470709719         -7.707550124487516        146.1978500232112         
184535.3260026081         -12.5200421180755         149.2859573545593         
184634.4659946277         -17.28634183867544        152.507399674922          
184733.6291078129         -21.98208049417612        155.9198362961931         
184832.8143665101         -26.58087607907479        159.5901180364736         
184932.0178376161         -31.05077146963037        163.5954314449001         
185031.2403386808         -35.35252677850932        168.0256269226419         
185065.8489498077         -36.80450668294172        169.689201206277          
185103.0304416432         -38.33219500324591        171.5531596847715         
185143.0551883997         -39.93570079164153        173.6552252613815         
185232.255762897          -43.33335648749036        178.7348363387503         
185330.3552559461         -46.73137594628685        -174.9679850751459        
185429.5268941554         -49.71452104323323        -167.7543269320141        
185528.8370160735         -52.13678564968291        -159.6365424857999        
185628.1776403659         -53.87857849187301        -150.6854822003565        
185727.5257574511         -54.83666726970775        -141.1135334128246        
185826.8723544781         -54.94596448337475        -131.2757901031214        
185926.2102121138         -54.1985977343204         -121.5982185386721        
186025.5364452023         -52.646356398535          -112.4628984858902        
186124.847287545          -50.38461178176883        -104.1202514530306        
186224.1394186509         -47.52792576427431        -96.66899275321224        
186323.4097103938         -44.1893763563126         -90.09031995316319        
186422.6571085397         -40.46877302341823        -84.29790881019618        
186521.8792566215         -36.44890369943813        -79.17866160787673        
186548.1692920555         -35.34220036490876        -77.92007648039083        
186576.66969602           -34.12519861314532        -76.5973475552845         
186656.1439396231         -30.64690395876287        -73.11706277387864        
186752.8539854335         -26.2731018211595         -69.23689655187512        
186851.7051378032         -21.67698593900355        -65.59355083847282        
186950.7752102916         -16.97439117591           -62.19401389721003        
187049.8463807045         -12.20136941234856        -58.98054944651035        
187148.9000091562         -7.381201711631012        -55.89543412061533        
187247.938106989          -2.53375709540177         -52.88572176638172        
187346.9670781866         2.322700380703009         -49.90159235233201        
187445.9955926752         7.170484321540432         -46.89427328417671        
187545.0292714639         11.99134165167019         -43.81408797793168        
187644.0750906011         16.76574514139094         -40.60817261253305        
187743.1410153047         21.47182181146268         -37.21821548216135        
187842.2309271293         26.08383876486451         -33.5782287789957         
187941.3412795868         30.57047594820049         -29.61229775964963        
188040.4760765028         34.89351053870057         -25.23191786088324        
188139.6373307914         39.00486944467967         -20.33537166519273        
188200.544850016          41.3990844434874          -17.02414030164796        
188222.331736784          42.22738575172387         -15.77704314420691        
188245.3235226567         43.08397686182288         -14.42299849261466        
188314.0530203003         45.5268601062307          -10.12905007949683        
188408.4395767772         48.54778892718446         -3.582133408589536        
188507.1620214614         51.2036919469265          4.124447108611971         
188562.4546511681         52.42478995798576         8.82341135006552          
188582.9821964842         52.82405301009307         10.63399441519303         
188606.1813162756         53.238121654447           12.72061000929005         
188673.3163379948         54.20247519005236         18.97482818321231         
188768.2317122002         54.93174543934449         28.21671470210893         
188867.0736769564         54.86027868638972         38.00710694626699         
188966.3465128164         53.94107892969967         47.59327851279374         
189065.6682168483         52.23407419905862         56.57791150353717         
189164.9913158384         49.84067094719424         64.73836106179877         
189264.3079558387         46.87652919643303         72.00366765610542         
189363.6147610378         43.45258618703879         78.41052949930206         
189462.9092850722         39.66522176965932         84.05348020690403         
189562.1892843163         35.59362733751519         89.04759909474855         
189661.4546380704         31.30100127847359         93.50721923750849         
189760.7055537868         26.83737250127967         97.53621618157642         
189844.378770038          22.97049959719972         100.6658300312934         
189883.0713939155         21.1562495849067          102.0448624515337         
189918.1588846492         19.49880971285449         103.263205576417          
189994.8530497262         15.84129100526852         105.8343903464168         
190091.2163971807         11.19242861000784         108.922906807111          
190164.3702245783         7.634897794035226         111.1915584860721         
190190.5198894325         6.359014195651798         111.9912180839409         
190215.2878940455         5.149011151147041         112.7445016466949         
190254.5797530678         3.227126751967637         113.9332040137501         
190341.3996241987         -1.024546253184045        116.5461606159149         
190439.052681264          -5.802637513188796        119.4961383020477         
190538.0155839957         -10.62317584225292        122.5438233746227         
190637.1369295288         -15.41041886254771        125.7062402265778         
190736.2908607582         -20.13682444466379        129.035885550836          
190835.4675372248         -24.77725871045787        132.5958575130308         
190934.6654813038         -29.30224155466565        136.459035493186          
191033.8819222525         -33.67560530885279        140.7100097199202         
191097.6719576516         -36.38642667861843        143.6924598830419         
191129.4004807365         -37.70009029956724        145.2592630286042         
191161.9729884434         -39.02201756787054        146.930513413809          
191212.8229147405         -41.02618364945459        149.6763809828843         
191304.9821793102         -44.44416560600323        155.1243339978861         
191403.4508566372         -47.7242453475379         161.701919130242          
191502.6681805146         -50.54302129313538        169.1998396223202         
191601.9866027171         -52.76294596077864        177.5930722280048         
191701.3283494511         -54.26737039019132        -173.2305542266811        
191800.6759824813         -54.96245783262076        -163.53176274318          
191900.0207180972         -54.79965805475756        -153.6988843509621        
191999.3563484517         -53.79059875641218        -144.1565192537715        
192098.6795326229         -52.00318531472681        -135.2517942076907        
192197.9853571393         -49.5415015038386         -127.1862823119431        
192297.2713649506         -46.52145128300838        -120.016414432966         
192396.5356622706         -43.05273179151953        -113.696832582547         
192495.7749782712         -39.22997882971267        -108.1293036907871        
192556.6924511106         -36.7415852268381         -105.0336302047163        
192577.323227108          -35.87787241614416        -104.0347013804645        
192596.3598763919         -35.0722561563261         -103.1337026280426        
192650.3881380195         -32.74407705085197        -100.6781410089942        
192742.9299037205         -28.63155880681481        -96.78180200258096        
192841.3149712491         -24.11966499621866        -92.99456599520187        
192940.3488266864         -19.46636202147122        -89.47202842716433        
193039.4306928269         -14.72723246360988        -86.16762550413722        
193138.4954756009         -9.929485439490231        -83.02152848461589        
193237.5416690949         -5.094305228883742        -79.97828739605832        
193336.5755251609         -0.2405768941171905       -76.98663858443224        
193435.6041836087         4.61380295991446          -73.99753354697664        
193534.634402662          9.450967974575375         -70.96205361092981        
193633.6738247308         14.25225171540491         -67.82925144301575        
193732.7282886487         18.99708469324316         -64.54403772797224        
193831.8056615652         23.66203493857113         -61.04472433549613        
193930.9041587636         28.21885168895287         -57.26101122892115        
194030.0251827459         32.63330576346174         -53.11122766575609        
194129.1720068548         36.86287509726873         -48.50062695799436        
194228.3468872891         40.85389813243386         -43.32162041259467        
194259.615361446          42.05211693677662         -41.55273345434481        
194281.9628284313         42.88848697512613         -40.24489117457946        
194310.0104496349         43.91297766835226         -38.5497272201614         
194392.5068253069         46.74506166178387         -33.19476492636948        
194489.73818128           49.67389640447711         -26.1220673627858         
194588.7941847439         52.10040135276827         -18.03473903057003        
194618.7536487007         52.70619465335105         -15.41927161529214        
194640.4019675218         53.10362691167251         -13.483903391938          
194661.9537720806         53.46444461198432         -11.52147888833947        
194721.7793192016         54.27537112979208         -5.908285730978915        
194810.0035549491         54.92924312623295         2.694030239633203         
194908.0349172698         54.86292232371213         12.40409150167117         
195007.2153058718         53.95281373586024         21.98529629053787         
195106.5292216488         52.25376035318064         30.97658779283541         
195205.8532243129         49.86703224610883         39.14610408388518         
195305.1718942006         46.90832004207163         46.42074883706632         
195404.4801185606         43.48871828084645         52.83620599309046         
195503.7759536295         39.7047683345494          58.48664501703421         
195603.0587471905         35.63577362596958         63.48712627431028         
195702.3258677451         31.3451901005342          67.95191663311086         
195801.5783770708         26.88313903250241         71.98506561556552         
195900.8058497566         22.29002222573058         75.67699214851763         
195938.3472593618         20.52466429841643         77.00158506641698         
195974.6231806464         18.80669555359736         78.2495607141346          
196032.0687750005         16.06492923856325         80.16953257786744         
196117.5789293367         11.94437694132283         82.92272596411995         
196215.1177767897         7.202614022658656         85.95187568301797         
196237.3643635889         6.11678472839163          86.63112293980475         
196260.5813333765         4.98236739670604          87.33670153217352         
196288.9609068632         3.594339832325764         88.19551842691783         
196336.6035328014         1.261931290842822         89.63123738511663         
196427.701899258          -3.199211116515189        92.37296218296309         
196525.8965122397         -7.996182989250093        95.359619009496           
196624.9272206915         -12.80378692321026        98.45276226389412         
196724.0644004778         -17.56614664041008        101.6839274398594         
196823.2296934817         -22.25672769904638        105.1099519549528         
196922.4183603656         -26.84868652706741        108.7981228986914         
197021.6280804947         -31.30974701564353        112.8263893498144         
197120.856702968          -35.60000461470408        117.2852731722779         
197159.8636482144         -37.22900794071935        119.1779863842958         
197203.5337339039         -39.0079094033053         121.4030222578397         
197261.1353382119         -41.27277477547007        124.5254086044318         
197343.6218815972         -44.32778118288335        129.4106512529801         
197440.8909545629         -47.58435440700008        135.8759084809322         
197539.9724127143         -50.42374540885           143.3225074947023         
197639.2763189273         -52.67369623956395        151.674237009118          
197738.6167464545         -54.21359003136261        160.818252461511          
197837.9658828839         -54.94776923799009        170.5002052379454         
197937.3110327753         -54.82510451796966        -179.6641724603149        
198036.6479785647         -53.85436122913774        -170.1001358427739        
198135.9716775944         -52.1011957476905         -161.1605557685246        
198235.2784325019         -49.66853423682013        -153.054107456104         
198334.5651249052         -46.67219650359365        -145.8432366996279        
198433.8287473773         -43.22246069520516        -139.4862589618138        
198533.0685873516         -39.41465050766628        -133.8863520906503        
198595.4492632532         -36.87304190951625        -130.7014734300074        
198619.0882427967         -35.88438415075742        -129.5546823506143        
198640.8232926275         -34.96406034599273        -128.5273601645129        
198701.6016691457         -32.33801247114691        -125.7826091773526        
198795.4195025959         -28.15358109531526        -121.8714200206592        
198893.9558036509         -23.62150301924574        -118.1131272313034        
198993.0074628792         -18.95727730068203        -114.6169921907982        
199092.0914792921         -14.21073804317929        -111.3324562887062        
199191.1584708025         -9.407974062345026        -108.199938269248         
199290.2068937779         -4.569912250392521        -105.1645746742371        
199389.2420583637         0.2846628013758992        -102.1754736375478        
199488.2722698734         5.137959196003909         -99.18366455933052        
199587.305223837          9.972108971358718         -96.14008692060126        
199686.3466434181         14.76820504589841         -92.993507977961          
199785.4045054642         19.50552053003034         -89.68818124858763        
199884.4833764364         24.16006846221589         -86.16168454524403        
199983.5812704521         28.70302602143862         -82.34263677738647        
200082.7017663745         33.09948237672768         -78.14796384563337        
200181.8487419863         37.30588506630547         -73.48145643337855        
200281.0247533489         41.26721001603729         -68.23427885073654        
200308.1663171179         42.29961360824316         -66.68202752121928        
200335.9645353165         43.33089231560351         -65.03573086682084        
200367.5365194445         44.46779585516732         -63.09345993980402        
200454.9176358967         47.39973090649503         -57.28879340174414        
200552.7609843761         50.23974856247937         -49.98806687463768        
200651.881774189          52.53322184160424         -41.70953671854133        
200678.4122686135         53.03269385635235         -39.35127136596345        
200706.0611366993         53.49745277057664         -36.83564368486095        
200787.4149277923         54.51479044085242         -29.14171396506183        
200884.5168286236         54.99971839670542         -19.5921836088948         
200983.5896237637         54.64674487477731         -9.814897754236799        
201082.8919307096         53.45909820036002         -0.3921250269160414       
201182.2187999845         51.51389112057004         8.337792398320847         
201281.5426643472         48.91986404638973         16.20523894834794         
201380.8586389292         45.79275579441721         23.18037794547987         
201480.1630977192         42.23940673843131         29.323970750838           
201579.454295605          38.35056301905583         34.74062842386693         
201678.7305940292         34.19991275876506         39.54684057343761         
201777.9925817158         29.84597086632727         43.85414942384067         
201877.233292046          25.33542633942142         47.76188496310268         
201954.4785303762         21.73953464056422         50.58332110596455         
201994.445570244          19.85523643474959         51.98079542291059         
202030.4845023318         18.14423270993394         53.20947844577099         
202087.3838655534         15.42291647789443         55.09645342727921         
202172.239240387          11.32772581286498         57.81231153645589         
202269.6889742743         6.585767537656255         60.82685934347309         
202368.6322573805         1.746737080791188         63.82197363853123         
202461.7861042265         -2.815346398017188        66.62508134312738         
202560.2137808455         -7.625343941625505        69.61469574276822         
202659.2698522029         -12.43726244399056        72.70062651596491         
202758.409015357          -17.20440763147329        75.91959483837296         
202857.5728219352         -21.90145832732197        79.32851670863317         
202956.7596182926         -26.5020723455313         82.99406336590408         
203055.9699287172         -30.97459329320371        86.99341193934684         
203155.2010469022         -35.27974825173495        91.41608394217182         
203187.1935348725         -36.62410451409801        92.94862009446814         
203221.2922152132         -38.03005565695779        94.6462217874524          
203256.6882890649         -39.45750567239556        96.48332306157535         
203344.2559998832         -42.82901610764229        101.389859378782          
203442.142973654          -46.27386973144586        107.563200219205          
203541.2928410224         -49.32593758447119        114.651560876596          
203640.6028104946         -51.83401344018336        122.644531366359          
203739.9425820331         -53.6776097731766         131.4875311509498         
203839.2937772674         -54.75031473392171        140.9904432740017         
203938.6433496606         -54.9802973165827         150.8152230080155         
204037.984682119          -54.35109552159756        160.5394354631577         
204137.3145465623         -52.90676399316324        169.7684007751206         
204236.6291554179         -50.73798140748237        178.2305047318721         
204335.9239485115         -47.95805754401125        -174.1930413124169        
204435.1971914177         -44.68113684222106        -167.49676590685          
204534.4462680398         -41.0092886074832         -161.6011181090172        
204633.6712654447         -37.02760828847623        -156.3948367171473        
204657.80989778           -36.02003873867977        -155.2191161944559        
204685.74792078           -34.83716032983532        -153.8984339930839        
204714.5190132782         -33.60150299910219        -152.580872277669         
204777.5002120994         -30.84057195979076        -149.8348142342186        
204871.6370525071         -26.59151247844673        -146.0380253961479        
204970.2070120373         -22.01697885092217        -142.3844437923015        
205069.2545574275         -17.32209157563111        -138.9696723422647        
205168.3323757374         -12.55361990416795        -135.744481360422         
205267.3941381974         -7.736363098379562        -132.6516527069554        
205366.4397558547         -2.890430575678318        -129.6379820173684        
205465.4747120454         1.965800069568234         -126.6535100467979        
205564.5061374642         6.814564358608915         -123.6495010377271        
205663.5416166857         11.63776882479224         -120.5763683684265        
205762.588836439          16.4160548078507          -117.381536738832         
205861.6532454849         21.12764756653194         -114.0072640760855        
205960.7361111674         25.74702148608278         -110.3883441341361        
206059.8398603615         30.24359687996826         -106.4495102230799        
206158.9669218287         34.57970332659394         -102.1033095985596        
206258.1202649628         38.70813836219915         -97.24898088272272        
206333.8551058201         41.68439050537676         -93.13051882962139        
206361.6488411673         42.73120115807521         -91.51824810329111        
206391.6902276454         43.83208049628639         -89.71009277026529        
206439.7224502056         45.52029656543865         -86.67019784932378        
206531.1508493847         48.45368902052406         -80.3417887562274         
206629.5039293705         51.11844300625257         -72.69371513275202        
206697.8787266649         52.61366363290502         -66.86549364342092        
206723.9748201566         53.09768522368249         -64.53780783312756        
206748.7385779736         53.5099141286363          -62.28059566981212        
206816.4525545086         54.39058444790816         -55.8993525149381         
206911.6019761772         54.97982443748988         -46.57781321364188        
207010.4720387491         54.75654992648662         -36.79807959295636        
207109.7527005826         53.69195617243852         -27.2957879245031         
207209.0788755217         51.85521986641021         -18.4453051823711         
207308.4050281439         49.35208601263272         -10.44154719081662        
207407.7232630108         46.29854493045244         -3.332847337384659        
207507.0300367777         42.80346142355148         2.931129349690761         
207606.3229345134         38.96023443253374         8.450810405908774         
207705.6017893134         34.84500952093024         13.34239248425253         
207804.8642211361         30.51854369228662         17.71869494603239         
207904.1045379359         26.0291360102128          21.68111782965262         
208003.3178397571         21.41533763592405         25.31787466039816         
208036.4641316934         19.85145961453831         26.47402563819301         
208068.8189504785         18.31574972525164         27.57832708080509         
208104.9956857692         16.58900233513576         28.78752855228769         
208191.2512293435         12.4375496247391          31.57895868754595         
208288.8470406295         7.696516099737758         34.62020207321532         
208322.140243859          6.071825704252            35.63788359388443         
208344.3488606368         4.986590171293719         36.31278999806753         
208364.7226393106         3.990191026999889         36.92971643548837         
208423.440234724          1.115607932578001         38.69976816975117         
208511.4183536964         -3.192989777182112        41.34769645376414         
208609.2525591957         -7.972718090056905        44.32328457200737         
208708.2382549415         -12.77863605956604        47.41454070082932         
208807.3671460734         -17.54121696351246        50.64462134246989         
208906.5269114217         -22.23228696253106        54.06928907077355         
209005.7106846361         -26.82492594630233        57.75571422179591         
209104.9201482791         -31.28707036776888        61.7819577406334          
209204.1531747091         -35.57884048986988        66.23853795177224         
209243.3580044308         -37.21661106730716        68.1399421138598          
209280.8099770336         -38.74572304141495        70.04025638757227         
209338.194972428          -41.01347294203845        73.12545302852551         
209420.9889265127         -44.09923532081453        77.98793631954133         
209518.2998073637         -47.38467138903229        84.40318979159694         
209617.3904122668         -50.2589713684467         91.79317211620503         
209716.699980665          -52.55115971751252        100.0900654654879         
209816.0448313225         -54.14016927084331        109.1902161850959         
209915.3957150644         -54.92833000859577        118.8489266608784         
210014.7430809215         -54.86109840389591        128.6884632586081         
210114.0816024039         -53.94328653205343        138.2824897785557         
210213.4074328467         -52.23737837785524        147.2706384390116         
210312.7170735388         -49.84467227944825        155.434215396521          
210412.0057917433         -46.8808781112085         162.7022870591884         
210511.271148012          -43.45701467169301        169.1115022477186         
210610.512591654          -39.66949494771217        174.7564752831251         
210683.5551197408         -36.69566208479971        178.4907460614036         
210704.0705658845         -35.83628889174598        179.482810617863          
210725.1201895648         -34.94457093933288        -179.523242351672         
210751.4288519975         -33.81666400506475        -178.3134943788867        
210793.6143497704         -31.97927894969611        -176.4444416476563        
210883.108076721          -27.9786789537324         -172.7361905006001        
210981.1180853052         -23.46622075553601        -169.0097797500343        
211080.1089044893         -18.80164218261681        -165.5242500041506        
211179.1861843667         -14.05309635508626        -162.2461656702644        
211278.2528709853         -9.248757788743079        -159.1179795412122        
211377.3012392689         -4.409766918636642        -156.085213490504         
211476.338111877          0.445212407953294         -153.0970312881191        
211575.3706723102         5.298349445206672         -150.1045255753706        
211674.4043721585         10.13165347251007         -147.0586632954723        
211773.4473212273         14.92629090680337         -143.9080274705921        
211872.5069117267         19.66142757747103         -140.5967014935768        
211971.5861297096         24.31288141418449         -137.0620527393672        
212070.6846196787         28.85173366028243         -133.2322986235955        
212169.8049559258         33.2427865267065          -129.0239882144915        
212268.9499821165         37.44212280943342         -124.3405239154694        
212368.122193648          41.3943074259387          -119.0727259947152        
212402.2222035681         42.68376445029564         -117.1057733297814        
212434.3469240237         43.86132135875754         -115.1728902584539        
212465.8436706173         44.97792477947744         -113.1988171356381        
212553.9021291886         47.87462439062946         -107.2374587693411        
212651.8327279366         50.63581380755559         -99.79480688520934        
212750.9626318119         52.82921083419613         -91.38313442599473        
212774.1831377149         53.24317395388716         -89.29407365836815        
212795.5543589895         53.58812874501994         -87.33563450744822        
212855.3478915361         54.36136905602933         -81.69629056794872        
212949.1135429242         54.97174896726398         -72.52047092311774        
213047.8043920244         54.7873357200013          -62.75336072276099        
213147.06468269           53.76040825586335         -53.22964834586951        
213246.3894274668         51.95700696146942         -44.34340757014472        
213345.7177595934         49.48185231398594         -36.29829964378301        
213445.0392898056         46.45094451233078         -29.14865597090169        
213544.3483851501         42.97379955931528         -22.84766011895085        
213643.6438952107         39.14457320279868         -17.29618390953322        
213742.9246123647         35.04022735540778         -12.37826028922636        
213842.1889439458         30.72214444118704         -7.980617023501419        
213941.4300817531         26.23919054959847         -4.001290425723615        
214040.6433741446         21.63029894739444         -0.3514376237627961       
214097.0158998622         18.96705543487929         1.60570375241398          
214151.0704783606         16.38889733049582         3.417716255282204         
214215.2503410936         13.3022736097715          5.501168859890497         
214309.7096937709         8.721009843452537         8.464852649237212         
214363.7781442143         6.084070451323653         10.12198631835803         
214386.3188880379         4.982576713397129         10.80698523886883         
214417.6697090501         3.449015947922124         11.75554849332953         
214501.1098258314         -0.637232688958302        14.267508114251           
214598.3157246024         -5.394749078948772        17.20155056194497         
214697.2232630826         -10.21548468439603        20.24082434539649         
214796.3349935249         -15.00686063086121        23.39167052199429         
214895.4834382748         -19.73951342666702        26.70484439807065         
214994.6530472254         -24.38836492921813        30.24256247775175         
215093.846283399          -28.92458882204155        34.0769474787673          
215193.0653407588         -33.31286991593044        38.29176652177311         
215248.1399518205         -35.66858615146765        40.83005815990301         
215279.9194411724         -36.99744288540614        42.36843318355533         
215312.8645542311         -38.34901401725164        44.02502880029983         
215365.2325757314         -40.43721408608403        46.79803335229812         
215457.6134893578         -43.91170384899648        52.15565896891546         
215556.1144452891         -47.25699972985885        58.61110774670581         
215655.3425444174         -50.15657500371124        65.97577085574474         
215754.6680856845         -52.47456382694845        74.24009267608547         
215854.0159802302         -54.09326465944813        83.3130843922618          
215953.3680844819         -54.91415136633854        92.95689218755696         
216052.7162188548         -54.88064483544128        102.7978843677508         
216152.0569915068         -53.99513015131032        112.4095676717424         
216251.3851925614         -52.31811985706927        121.426952596724          
216350.6969341775         -49.94989307979529        129.62521440719           
216449.9885821715         -47.00600290034766        136.9283278633774         
216549.2572762189         -43.59791296216713        143.3696963313428         
216648.5005297232         -39.82277473998462        149.0423999356741         
216722.5055987947         -36.81629562712767        152.8413555776059         
216745.62367365           -35.84873921546294        153.9613581051208         
216769.9238784844         -34.81857549126799        155.1070839844394         
216795.5242698896         -33.71960827468728        156.2808756864901         
216853.16289654           -31.19839720973494        158.8080722452704         
216945.7910877303         -27.02952547455511        162.5752785385922         
217044.1833893652         -22.47408694582786        166.2509413712582         
217143.2118915953         -17.78830888972443        169.6871277701323         
217242.2873911564         -13.02577812818634        172.9281525106034         
217341.3469477091         -8.212379069367746        176.0313064488993         
217440.3901787242         -3.368431355475649        179.0502367784131         
217539.4225342199         1.487586966510717         -177.964862226193         
217638.4518367122         6.337934932959056         -174.9652059233678        
217737.4857798452         11.16460077687899         -171.9013819063008        
217836.5294094197         15.94826917988312         -168.721290921798         
217935.5917860637         20.66762156735507         -165.367694156174         
218034.6770412172         25.29767727321135         -161.7761223777473        
218133.7826345349         29.80820324488515         -157.8725547602931        
218232.9101753421         34.16229476120756         -153.5708398868058        
218332.0632349583         38.31384364781807         -148.7714817940661        
218431.2438919907         42.20453536378244         -143.363059101521         
218453.5568251158         43.0365741371815          -142.0506444029361        
218478.323327587          43.93916388429235         -140.5493903735614        
218511.555192573          45.11332159503585         -138.4584789614037        
218583.4600945003         47.49309161639142         -133.6173508278887        
218679.1564174346         50.26192999288619         -126.4611239101529        
218778.0443623778         52.54633428652472         -118.1963749054261        
218802.8635523398         53.01431373997397         -115.9908066808369        
218828.1025706674         53.44326909909522         -113.6988371268345        
218855.1964298822         53.84915118761178         -111.187513812362         
218898.8959241076         54.37994910886288         -107.0397727187766        
218989.5618833718         54.96897803074097         -98.16586101346331        
219087.8761361819         54.79878540430437         -88.43440767789177        
219187.0938755921         53.78698846105473         -78.90594019153563        
219286.4135289914         51.99694084863982         -70.00618641005727        
219385.7407006435         49.5330351583883          -61.94498472878898        
219485.0612772047         46.51129839513806         -54.7793137869097         
219584.3716219766         43.04138882331862         -48.46361174331759        
219683.6687287898         39.21782270267931         -42.89947437996562        
219782.9507418908         35.11789342785059         -37.97105405172068        
219882.2167139151         30.80321738783084         -33.56489031898516        
219981.4620167948         26.32276450061185         -29.57870111666669        
220080.6793343858         21.71574026873821         -25.92351700695123        
220130.6123987655         19.35895314737659         -24.18413349309053        
220163.0857035052         17.81483482688674         -23.08312078628548        
220196.724535455          16.20692710884344         -21.96480575196714        
220251.4939011773         13.57314404778623         -20.18624615436353        
220333.9876965852         9.57633928482357          -17.58704920288401        
220405.6721316185         6.082250540569294         -15.38478143513503        
220431.5007737721         4.820008942077627         -14.60012155170521        
220457.2781903436         3.559057589428223         -13.82028684539673        
220502.0862906938         1.365250287487899         -12.46994121592746        
220592.6033807569         -3.067882832234854        -9.745946875484321        
220690.7235039747         -7.862181632232459        -6.763090610879757        
220789.7412567283         -12.67066520270122        -3.673337971715182        
220888.8729233178         -17.43485858986288        -0.4468991636548441       
220988.0331381457         -22.12797492097656        2.972658239078962         
221087.2159897699         -26.72324740264727        6.652319915681782         
221186.4238830633         -31.18879550684838        10.6699060100654          
221285.659211583          -35.48513231189038        15.11584742980522         
221317.5601201365         -36.82223788539194        16.65245408787698         
221350.3246659413         -38.16996455795261        18.29152966651249         
221402.6464306517         -40.26282542397647        21.04707906343504         
221495.0235051569         -43.7510224833615         26.37427187708117         
221593.5262153158         -47.11499494985616        32.79303918231013         
221692.7542126039         -50.03804407987531        40.11763220772208         
221792.0786141418         -52.38471133657682        48.34260055416758         
221891.4259919431         -54.03709494769402        57.38321210472301         
221990.7801430556         -54.89537309256159        67.00878167182115         
222090.1312251342         -54.90057064474207        76.85033181608483         
222189.474142401          -54.05229740774492        86.48108848307467         
222288.8043953455         -52.40876760245985        95.5311926626413          
222388.1195027148         -50.06897856912028        103.7689658942741         
222487.4146390473         -47.14830089066954        111.1122358410523         
222586.6869097576         -43.75867415511485        117.5906109857127         
222685.9346920042         -39.99796542392942        123.2954899559389         
222785.1561457501         -35.946882310118          128.3413167081591         
222803.3512473456         -35.17770146883542        129.2044453042107         
222820.7609475357         -34.43492705223229        130.0138762769007         
222870.8385365666         -32.26393665976907        132.2577832492862         
222936.9165964192         -29.32942281696391        135.0448919741841         
223031.6326814471         -25.00759591300651        138.7467411067644         
223130.2578917588         -20.39286706640993        142.3051750984151         
223229.3008342269         -15.67005301490784        145.6462991861148         
223328.3682403271         -10.8821581233234         148.8188763070589         
223427.4188226904         -6.05274935429377         151.8781047728567         
223526.4539637021         -1.201244435942655        154.8757943484558         
223625.4806815297         3.654342113422797         157.8612621807168         
223724.5077495114         8.496306113907007         160.883339446493          
223823.541693273          13.30617064412934         163.9923665701336         
223922.5900574704         18.06389594327259         167.2424702761049         
224021.6580378357         22.74661554216308         170.6937570644815         
224120.7499097683         27.32735902991089         174.4147748706461         
224219.8632011306         31.7730957528976          178.484656903015          
224319.0010438208         36.04316640954301         -177.0045123714847        
224418.1668164791         40.08639517049276         -171.9474764662286        
224479.2571987608         42.43628608988866         -168.5113086468453        
224499.2965030367         43.18001127181914         -167.3250094559367        
224527.6062094839         44.20574168787642         -165.5963865218379        
224560.0181568065         45.34183110681785         -163.5384948343169        
224610.691789363          47.02853928275432         -160.1445716278351        
224702.730117843          49.77234758099501         -153.3988907404948        
224801.1677901959         52.16396152156204         -145.3333592453718        
224844.8921359261         53.01744467021949         -141.4809626304011        
224890.2673946111         53.75286497663445         -137.3266568448367        
224936.5394461085         54.33545015076169         -132.9497243013928        
224999.0608100547         54.83967425119761         -126.867209793765         
225087.2963836882         54.97547987032456         -118.1284651995236        
225185.335951054          54.33172342115814         -108.5388992043676        
225284.5204220619         52.87418351018584         -99.33695541267063        
225383.8339009322         50.69311988126091         -90.89276867964024        
225483.1561056781         47.90289338759207         -83.33375314417421        
225582.4692400522         44.61778334323621         -76.65395735225337        
225681.7701947875         40.93954677182854         -70.77288575527713        
225781.0568142682         36.95300529702964         -65.579070866728          
225880.3283444373         32.72633787727988         -60.95638414169426        
225979.583868105          28.31361089662655         -56.79699971906276        
226078.8160596974         23.75803470550128         -53.00613888428452        
226178.0216474435         19.09421588509932         -49.50183654505522        
226211.9056073134         17.48138349889727         -48.35744151762254        
226245.8846481401         15.85554036021564         -47.23237785679156        
226297.4981924286         13.37177237924148         -45.56112614745155        
226389.5873278147         8.906614751847648         -42.66920749664278        
226487.9098321893         4.10728016205081          -39.66733868320726        
226585.3104159585         -0.6619301208595755       -36.73373044589625        
226684.2388555524         -5.503407266276318        -33.74735404503335        
226783.3460116759         -10.33300214813853        -30.7002192920168         
226882.4826671742         -15.12418753813013        -27.5454775750859         
226981.6368847503         -19.85515564359556        -24.22755157570171        
227080.810291646          -24.50157220307709        -20.68349726417182        
227180.0071230275         -29.03456334090933        -16.84087578468353        
227279.2314455844         -33.4187117809977         -12.61552755257139        
227323.3407476102         -35.30823755511022        -10.5897654932265         
227357.8282538569         -36.7559935827146         -8.934112719246555        
227395.4437980428         -38.30238720087259        -7.050506279758644        
227483.9035400189         -41.78502452894784        -2.265755663099553        
227581.9129733951         -45.3391640462659         3.698985868400053         
227681.0766517301         -48.5250503758821         10.5455445043162          
227780.3869399242         -51.1981304524814         18.28899190391843         
227879.7272423515         -53.23890781191862        26.90836778081946         
227979.0800249088         -54.53587556375276        36.25638060589183         
228078.4366211272         -55.00513715243023        46.03340938323664         
228177.7884528623         -54.61335511881164        55.83016991772084         
228277.1311290446         -53.38834667918366        65.23235913367053         
228376.4595403802         -51.41007087855954        73.92762813151897         
228475.7692489657         -48.78805703318574        81.75557484413352         
228575.0576104154         -45.63799046793307        88.69189496644769         
228674.3217920652         -42.06614201213725        94.80044686119945         
228773.5610099975         -38.16250201396664        100.1871060210505         
228828.636808251          -35.87988706410287        102.9086125924482         
228846.7481406871         -35.11362457361809        103.7662520059758         
228866.0235937452         -34.29025230427381        104.6599910258764         
228919.7990221786         -31.95352110851292        107.0561688962381         
229007.3933852487         -28.0381662536077         110.6869643198585         
229105.1708667423         -23.53801388259739        114.4091388735526         
229204.1379505768         -18.87584502357373        117.8977616276636         
229303.2146338723         -14.12821139504902        121.1787749068067         
229402.2809904534         -9.324408378824193        124.3090057209028         
229501.3284858665         -4.485654396095242        127.3429914600421         
229600.3612647532         0.3692314919959001        130.3315385128582         
229699.386969523          5.222431643781124         133.323582193052          
229798.4126683208         10.05604062594695         136.3681794001383         
229897.4470093846         14.85127210855231         139.5167025323807         
229996.4966214378         19.58729397441938         142.8249433140524         
230095.5679728999         24.24014805921705         146.3555177994731         
230194.6630380233         28.7810983188406          150.180146101373          
230293.7813670142         33.17491071441617         154.3819929330873         
230392.9252563044         37.37778934504801         159.0574405171263         
230492.0971365413         41.33448652108198         164.3155103358055         
230533.5036896984         42.89727056672717         166.7105442813342         
230556.8311641924         43.75126811757184         168.1165791721079         
230582.7124237432         44.67476342249875         169.7265992843455         
230657.0643561892         47.17270125351859         174.6609716500723         
230753.1631475198         50.00406768850807         -178.238484417305         
230852.0843740669         52.35146475506566         -170.055256804259         
230885.9001328005         53.00161571544101         -167.0642886464837        
230905.9475597693         53.34724958149194         -165.2485792924601        
230932.1005752892         53.75189016457675         -162.8358274335208        
231006.6836757003         54.60396224210813         -155.7241194652337        
231102.8680815711         55.00548607874146         -146.2426451521285        
231201.8380596768         54.57582167430627         -136.4923337834641        
231301.1298069963         53.31646953770782         -127.1212228552085        
231400.4547960008         51.3082615947832          -118.4636417774198        
231499.7780744685         48.66154178559423         -110.6762912128045        
231599.0920785698         45.49185849967603         -103.7789794548236        
231698.3931596624         41.90482572511011         -97.70522416281365        
231797.679359524          37.98966810819982         -92.34824502187458        
231896.9505712856         33.81856392511606         -87.59138123515882        
231996.205006144          29.44891950249498         -83.32407300855769        
232095.4445786308         24.92607456603987         -79.44781212163974        
232194.6597704664         20.28681100375318         -75.87773530234101        
232246.1202355335         17.84424391695891         -74.12160964330901        
232278.5373914754         16.29508214649576         -73.04317030603472        
232312.1307904716         14.68223092204437         -71.94551952146703        
232398.5720728291         10.50314765617474         -69.19848891511339        
232496.1924649891         5.747294117564811         -66.19363453301213        
232522.4264223478         4.464942262513832         -65.3976797272671         
232549.7390297474         3.128637010328553         -64.57231104745341        
232578.8214016124         1.704788771843782         -63.69604306644854        
232660.7636642293         -2.308456863068391        -61.23096800937527        
232757.7530879877         -7.050256915840919        -58.29073036864214        
232856.6388131934         -11.85839994017857        -55.22229677006192        
232955.7541995076         -16.6314530837167         -52.02307177420101        
233054.9105840153         -21.33809558094659        -48.64088527748103        
233154.0907296469         -25.95177523508701        -45.01066392871102        
233253.2966983505         -30.44166738290217        -41.05655475214085        
233352.5308604236         -34.76974464565563        -36.69036838230622        
233391.3722070283         -36.4094176250797         -34.84796440171527        
233430.9687937028         -38.04440655592195        -32.8822928045184         
233491.6396446526         -40.46901350821808        -29.682669866258          
233579.7690923908         -43.78747151757895        -24.580812954783          
233677.7640245506         -47.13074219565664        -18.18938536955052        
233776.9348543254         -50.04942022866877        -10.86528397810544        
233876.2529112864         -52.39297963016514        -2.637571442472471        
233975.5976877641         -54.04200418026679        6.405298097651465         
234074.9524844927         -54.8967256726853         16.03207832784242         
234174.3086997536         -54.89830001003343        25.87356413827694         
234273.6562347156         -54.04653288179183        35.50251935206617         
234372.9920973536         -52.39982409806139        44.54967880699683         
234472.312237008          -50.05730154599915        52.78385421152399         
234571.6120963334         -47.13435363899643        60.12345892448509         
234670.8894857671         -43.74285363272212        66.59850007990079         
234770.141274354          -39.98065469197411        72.30044446751677         
234869.3664223189         -35.92836995513218        77.34383152294947         
234892.5482742372         -34.94688722908149        78.43988714604609         
234913.7948133401         -34.0371241447825         79.41966951113113         
234975.1381165115         -31.36029546499313        82.12522844403557         
235069.0953178564         -27.13599646728671        85.9577005438466          
235167.6456599613         -22.57585998990483        89.64626509784603         
235266.6976375971         -17.89082008464914        93.08845629097202         
235365.7807295909         -13.12919106874629        96.33353769485672         
235464.846395608          -8.316261316499961        99.43949099849118         
235563.8928349013         -3.472472836254082        102.4600412442314         
235662.9267472308         1.383726477054078         105.445490081988          
235761.9542257162         6.234500151199899         108.4445876555931         
235860.9828627901         11.0618410122035          111.5067084457581         
235960.020511772          15.84660054118126         114.6839533353234         
236059.0731259086         20.56736537378951         118.0333190034383         
236158.1479587941         25.19938961730386         121.6191787888151         
236257.2469834238         29.71276310057724         125.5154893717224         
236356.368598016          34.07058770917914         129.8080176444795         
236455.5165037047         38.22697423941904         134.5959852549944         
236554.6914932085         42.12383444804858         139.9905293440327         
236591.4425165858         43.48758571311814         142.1666751416436         
236625.8047604235         44.71762393180701         144.2961801378662         
236660.908037948          45.92520814948203         146.5709594100221         
236747.0853456762         48.65238213369921         152.6066043838902         
236844.7784413118         51.26319064782517         160.2603912076029         
236917.8608687245         52.81924655880538         166.542640025982          
236940.6140369014         53.22604841017971         168.5884906303472         
236964.1670812969         53.60590395094049         170.7471757584198         
236989.124545001          53.96115733034598         173.0764229768551         
237045.7336377818         54.57943439084254         178.4949399204571         
237134.7548708785         55.00043936799153         -172.7403913038584        
237232.8884775401         54.66284642796266         -163.0522237275536        
237332.0860727224         53.49198851223063         -153.6278770021307        
237431.4026759472         51.5609957148194          -144.8822847015753        
237530.7261527516         48.97867928393602         -136.9965634125134        
237630.0409024232         45.86103634094736         -130.0038273601328        
237729.3428060948         42.31523003913338         -123.8446012889096        
237828.6298879422         38.43238422302014         -118.4147339634703        
237927.8998672497         34.28655599609286         -113.5977489829039        
238027.1528631449         29.93656502530473         -109.281893485383         
238126.3894432923         25.42897250888464         -105.3672654056513        
238225.6081567844         20.80105236304919         -101.7673091031428        
238297.72512411           17.37867823405485         -99.30485839317001        
238337.2943544528         15.48413129738534         -97.99824043239119        
238377.4507588008         13.55130395266667         -96.69935302563263        
238440.4037331347         10.50408285894441         -94.70896228457228        
238534.5479792682         5.918213457109183         -91.80985807599127        
238568.6268102145         4.252439084630278         -90.77593218606987        
238591.1305508693         3.151388648117245         -90.09606644410761        
238612.9205726786         2.084685401248571         -89.43931346681478        
238677.7016642969         -1.088037717323662        -87.4907418992026         
238772.2277458292         -5.713056133987441        -84.63546609163372        
238870.861062489          -10.51798894834807        -81.59967949429466        
238969.9465983314         -15.30442908630989        -78.44151421760481        
239069.096067769          -20.03205029157649        -75.11651807838233        
239168.269966892          -24.67437220837303        -71.56271076853729        
239267.4688341329         -29.20213569179962        -67.70737366487829        
239366.6952142376         -33.57956926747264        -63.46593446487692        
239432.6060064021         -36.38197488429918        -60.3884801566051         
239497.4419461563         -39.03906311059124        -57.12306684526894        
239592.0680900104         -42.70250737726576        -51.86670570023049        
239690.8390360535         -46.18998799322176        -45.66163394757361        
239790.0917201419         -49.25748543906459        -38.5882526105956         
239889.4134094007         -51.78070148349924        -30.61645762642499        
239988.7542339158         -53.64197546890777        -21.79267533399448        
240088.1057346705         -54.73465946222921        -12.30245939592012        
240187.4620451708         -54.98578299510319        -2.479967902836481        
240286.8126532529         -54.37724334604599        7.252752205321389         
240386.1526853638         -52.95167663580401        16.49870623495748         
240485.477471631          -50.79891427277501        24.98243669526769         
240584.783628385          -48.03199395195217        32.58164838865626         
240684.0675157844         -44.76531149732343        39.29922983685101         
240783.3267085254         -41.10134405488706        45.21355638527662         
240882.5584258069         -37.1257524745854         50.4354107389692          
240918.7792877317         -35.61069193351395        52.19229016587413         
240954.3298671953         -34.09494133498809        53.84752119962802         
240987.7557451604         -32.64604387489867        55.34582303788859         
241074.7017625719         -28.78285051417317        59.0081996905248          
241172.3974868772         -24.30726923316843        62.78102822208582         
241271.3593774941         -19.66130277842667        66.3114966577276          
241370.439393539          -14.92513948474275        69.62370477014812         
241469.5104727987         -10.1289978432986         72.77545682584754         
241568.5622558696         -5.294589839160146        75.82214348178253         
241667.6003200701         -0.4408979251880348       78.8151590836044          
241766.6310197208         4.414116488879408         81.80358951197304         
241865.6616021297         9.25262110780522          84.83633934484385         
241964.6975826938         14.05589472656548         87.96416758743661         
242063.7474361458         18.80358803194675         91.24202654707877         
242162.8158430452         23.47226311776934         94.73117038351248         
242261.9094600901         28.03427144451317         98.50178317080619         
242361.0264705028         32.45551119651822         102.6349358907464         
242460.1671093958         36.69371290440109         107.2246960334591         
242559.3343351618         40.69576115283564         112.3781770325836         
242620.244133845          43.00796461447321         115.8721128061807         
242641.7160448269         43.79238885911514         117.1698129485081         
242661.5701654111         44.50226114726324         118.401978189299          
242694.1109631211         45.63166954446594         120.4907735273919         
242745.6933719921         47.32779851035121         123.9856272347816         
242837.8432675847         50.0286875893587          130.8188957159777         
242936.2932871096         52.36023443801982         138.9695291925428         
242976.970723446          53.1305919720472          142.5800948167899         
242997.7718603681         53.47702006736775         144.4760771743196         
243017.6340665552         53.77665124186753         146.3153501851866         
243074.0817050217         54.45543635618639         151.6766526674346         
243163.2537611411         54.9806701023877          160.4239869732905         
243261.4066765644         54.7573053924143          170.1328717854838         
243360.6106323539         53.69515692418251         179.6288144672992         
243459.9309606012         51.86029882547057         -171.5194757031526        
243559.2589856358         49.35866992863887         -163.5135807624751        
243658.5791997844         46.3063882459784          -156.4028188102999        
243757.8859273461         42.81243756045792         -150.1371368552248        
243857.1776680648         38.97024542986601         -144.6160740943972        
243956.4514984377         34.85612000702194         -139.7235500486082        
244055.7084547821         30.53071563733422         -135.3465330647596        
244154.9477157765         26.04212452695746         -131.3834192679576        
244254.1707992787         21.4285903680026          -127.7457931519031        
244353.371853882          16.72145546906945         -124.3578102002875        
244391.6697190376         14.88451006319618         -123.1021378851365        
244450.873184565          12.02777543049258         -121.2066002701997        
244544.4441955886         7.480342929903115         -118.2974935737298        
244604.9099967931         4.527411702916515         -116.4562845523962        
244626.4739897917         3.472575932672258         -115.8043140715726        
244653.2427938771         2.162315054378058         -114.9972069040392        
244727.4129523896         -1.470054480142079        -112.7661749878732        
244823.3105739579         -6.160851569231501        -109.8665040258145        
244922.0739105949         -10.96898115193855        -106.8188981252481        
245021.1780020851         -15.75126716025163        -103.6472206342962        
245120.3338770778         -20.47200153742535        -100.3034770162012        
245219.51412895           -25.10491675897176        -96.72452048823664        
245318.7176358886         -29.62014511308011        -92.83668147934867        
245417.9479233222         -33.9812304696992         -88.55415751171235        
245454.414187884          -35.5361359115083         -86.86230623028094        
245491.7131994502         -37.09582655741317        -85.05760483743786        
245547.4577302462         -39.36218760457054        -82.20765913539051        
245629.1741821915         -42.5221874590824         -77.66013341381392        
245726.3327419641         -45.97423084584022        -71.60053394628284        
245825.3981301212         -49.06781402482539        -64.5981560728425         
245924.6976452647         -51.63052239543882        -56.68796643288957        
246024.035933835          -53.5395999692896         -47.91744221391619        
246123.3866079245         -54.68650987310237        -38.46307334161303        
246222.742063785          -54.99523393812152        -28.65029258614734        
246322.0916525228         -54.44359652730834        -18.89850389439364        
246421.4317937032         -53.07038065869116        -9.609769398363348        
246520.7574996748         -50.96293961668827        -1.069522733690389        
246620.0647650403         -48.23351575845721        6.590017871154144         
246719.3512298749         -44.99688435868514        13.36493690156095         
246818.6123990687         -41.3566132182974         19.32990682685511         
246917.8467399906         -37.39948169820097        24.59463222676049         
246955.6311762775         -35.82426331612842        26.43995156317326         
246977.6777182706         -34.88991635024286        27.48016862162498         
246998.4215283184         -34.0012069294547         28.43570207094254         
247054.839321028          -31.54098121859895        30.92842713098551         
247146.1327122641         -27.44404919526037        34.6719799098236          
247244.3670850131         -22.90663011993285        38.37023099482047         
247343.3790520532         -18.22972574715345        41.82804210911205         
247442.4542212626         -13.47294389125426        45.08535048033137         
247541.5154918097         -8.663137669702227        48.19958076333256         
247640.5585015425         -3.821026148213218        51.22471185542193         
247739.5901535871         1.034868890550618         54.21123784846906         
247838.6171546183         5.88672097157751          57.20796540076793         
247937.6464269357         10.7165321742641          60.26414078952695         
248036.6839888506         15.50517444783811         63.43154558673158         
248135.737667908          20.23151299387873         66.76681165485182         
248234.8131130915         24.87100907432783         70.33366135486659         
248333.9163920609         29.39434303316573         74.20544481726665         
248433.0453048809         33.76512910246154         78.46704096030322         
248532.200101437          37.93805596052838         83.21661320122342         
248631.3804740086         41.85594090910776         88.56452755792748         
248679.3157180538         43.63704178154095         91.39783325360307         
248699.5395245729         44.36332612125582         92.64633804630579         
248727.5264075724         45.34179770967071         94.4285201540666          
248808.779869799          47.98852667522601         99.97954609827968         
248905.8156770188         50.7066151537857          107.3837389475066         
249004.841471999          52.87883782906961         115.8108207235582         
249029.9597789766         53.31964445891976         118.0777914635069         
249055.2108144388         53.71432488902103         120.4036439567158         
249082.5007636682         54.08439677156972         122.9653645658051         
249126.9709581742         54.55719160236517         127.2308536775123         
249217.6921710488         54.9993317013236          136.1584306136685         
249316.0198324942         54.66733059266956         145.8665407595893         
249415.2437278884         53.50125812289366         155.2964081310215         
249514.5686766598         51.57454316735693         164.0472052163593         
249613.8984889258         48.99582003602179         171.9384671630409         
249713.2195256534         45.88108044895107         178.9365572906436         
249812.5273618265         42.33759070543175         -174.8994553663852        
249911.8199980468         38.45658818913404         -169.4655581826233        
250011.0952167772         34.31223059147487         -164.6452680784166        
250110.3530195891         29.96342662675225         -160.3267707696446        
250209.5935903606         25.4568195802998          -156.4100928549142        
250308.8176749763         20.82962785469935         -152.8085174529664        
250408.0181760597         16.11247947759366         -149.4476721922988        
250445.5944351037         14.30724090270666         -148.2236052933921        
250481.8533622893         12.55752089152371         -147.0632111017576        
250540.3653585236         9.720535753365072         -145.2266005177943        
250628.8662615116         5.406226523678168         -142.5112863587446        
250662.0545379817         3.783487628771991         -141.506101131485         
250717.1376904123         1.087065512156743         -139.8462456874211        
250768.7342066551         -1.439853850303332        -138.2946509145679        
250859.9897183944         -5.903909990847188        -135.5366585694075        
250958.2116572186         -10.68734631181018        -132.5106694808846        
251057.2552726488         -15.46967892195028        -129.3492679735862        
251156.4056457602         -20.19450561310169        -126.0176372306267        
251255.5857813335         -24.83338367530989        -122.4546556431405        
251354.7896484844         -29.35654796186019        -118.5874501757966        
251454.0199814946         -33.7279718605432         -114.3310042429678        
251492.1862321207         -35.35940549991866        -112.5702192299854        
251529.5644951053         -36.92600487576578        -110.7703673620918        
251588.1072932621         -39.31022832100032        -107.7870427128247        
251674.083379365          -42.63253563989844        -102.9973124876982        
251771.7981678899         -46.09197372577355        -96.87773464824843        
251870.9306435427         -49.17041484168131        -89.83946734304364        
251970.2402656898         -51.71185761670595        -81.89624322442722        
252069.5805514581         -53.59525782060268        -73.09685393889751        
252168.933079415          -54.71300540485031        -63.62277514380842        
252268.2884092326         -54.9906819972869         -53.80445739372274        
252367.6380284596         -54.40832270252032        -44.06261388642611        
252466.9777537929         -53.00678429284687        -34.79664344202141        
252566.3038561237         -50.8747366797504         -26.28655357167829        
252665.6110894284         -48.12489160026526        -18.65935515662564        
252764.8966725916         -44.87182945085046        -11.91524241070548        
252864.1575409798         -41.2185275550207         -5.977497154227346        
252963.3927315124         -37.25111376310581        -0.7357540748181668       
253002.6901210193         -35.60870729657996        1.173817829093375         
253024.3807610124         -34.68705519092811        2.191564339823945         
253047.9863769142         -33.67267177733783        3.271538546066512         
253116.7687270674         -30.65563457116584        6.267123852433001         
253211.8858629023         -26.35528020342678        10.08716066832039         
253310.5686075403         -21.76908973298726        13.73009372901553         
253409.6249030088         -17.06874121190658        17.1338557745737          
253508.6985345581         -12.29667082348001        20.35088938348797         
253607.7530704555         -7.477065895462323        23.43842974221536         
253706.7902526702         -2.62985504067648         26.44950975327034         
253805.8176029124         2.226726117076528         29.43403125391252         
253904.8401512671         7.074804928894181         32.44065914517683         
254003.8659977959         11.89626133772913         35.5190989948825          
254102.9028961784         16.67163751769676         38.72214611684552         
254201.9564152462         21.3790027477935          42.10788577230937         
254301.0338507127         25.99287399692721         45.74222009000665         
254400.1401059912         30.48242899023715         49.70117382401135         
254499.2770890123         34.80947690711167         54.07298748429306         
254598.4406419331         38.92586387233656         58.95890344852048         
254697.6304623764         42.7710339843273          64.471663579325           
254728.722024837          43.90869710274534         66.34698519316646         
254750.9268163238         44.6988568426367          67.73284148800931         
254774.813198531          45.52675816008455         69.2685009065948          
254843.0989903864         47.75520771928493         73.92666113584713         
254938.2563967607         50.46607722555803         81.11370202698659         
255037.0849271072         52.69761037502994         89.4420843009127          
255069.8289254098         53.28648227325186         92.38241592468688         
255091.3313437952         53.62910254097775         94.35707857613086         
255111.9322639774         53.92347324869014         96.27885176093697         
255169.0703036729         54.55976512528073         101.7400450091277         
255251.8846122664         54.99051915522374         109.883859633019          
255349.2243229877         54.73146240475438         119.5072863548036         
255448.3340917504         53.63790034682128         128.9737791849821         
255547.6440709666         51.77485145513623         137.7938085860555         
255646.9725567964         49.24937799226852         145.7645868212847         
255746.293848753          46.17773949150616         152.840681535054          
255845.6041140016         42.66834337699238         159.0750737401695         
255944.8997554486         38.81400601193891         164.5692355109081         
256044.1782868118         34.69036502179859         169.4394236299162         
256143.4400742757         30.35754915388976         173.7983011963479         
256242.6835364895         25.86325081146957         177.7469444692098         
256341.9112131698         21.24533870513638         -178.6266927625385        
256441.114671703          16.53503550804221         -175.2472912163907        
256480.8872733149         14.62621482733332         -173.9465409542611        
256514.5396987209         13.00372172203531         -172.865713322058         
256549.5331775048         11.31034436460038         -171.7584880239646        
256636.8253331515         7.064326777757914         -169.055123702275         
256698.1558993924         4.068031101738726         -167.1909916027912        
256718.2999980985         3.082423834885073         -166.5826816224595        
256745.3333570505         1.759028590812608         -165.7682529830203        
256776.6536477138         0.2251928331050885        -164.8262379638663        
256828.7944057491         -2.328174863198727        -163.257762943449         
256920.9527603583         -6.833731194289445        -160.4653750835318        
257019.2879680311         -11.61634323618681        -157.4189273000767        
257118.3465640177         -16.38908257468298        -154.229516396511         
257217.5015746267         -21.09933956068082        -150.8585380055125        
257316.685762431          -25.71835618894172        -147.242921131943         
257415.8944635303         -30.21530504036905        -143.3076187427358        
257496.9207924209         -33.77076375542582        -139.7967542133138        
257535.4744051583         -35.41783627275923        -138.0158132093651        
257574.3371674209         -37.04477915485919        -136.1399374803684        
257634.7761271521         -39.50021949831353        -133.0458852222987        
257723.7019190798         -42.91897971413633        -128.0528314365462        
257821.7914352543         -46.36112719104728        -121.8472909191907        
257920.9695267957         -49.40111408043197        -114.7341449116049        
258020.2865964733         -51.89337293439214        -106.7172568503746        
258119.6303680656         -53.71803616915223        -97.85331461806889        
258218.9836516511         -54.76929569514915        -88.33647604948364        
258318.3405200718         -54.9765325463462         -78.50751680170339        
258417.6918627229         -54.32475516228364        -68.79007442595275        
258517.0315660536         -52.85948087288792        -59.57707102693097        
258616.3562715403         -50.67232817642248        -51.13623927294672        
258715.6620721682         -47.87689604524257        -43.58253517525132        
258814.9461280438         -44.58720541496228        -36.90793200681435        
258914.2052997253         -40.90497301864           -31.03151840956195        
259013.4386150166         -36.9149162569774         -25.84159837141272        
259046.163950488          -35.54335836649326        -24.26036351959961        
259067.6523271948         -34.62957605981051        -23.25377303046507        
259088.1128321635         -33.75039171977173        -22.31748962037509        
259150.0552177196         -31.03911692305164        -19.60527075829164        
259199.9999996857         -28.80448735762094        -17.53970532192874        
