Sat1.ElapsedSecs          Sat1.Earth.Latitude       Sat1.Earth.Longitude      
0                         0.1399760902057222        -100.5794252793815        
59.99999988125637         3.086178465587019         -98.77700576126901        
152.2271698107943         7.605242546390135         -95.98065601526494        
250.5010247812606         12.39280125816164         -92.92636890893885        
349.4568411377259         17.16527331366355         -89.72169005612228        
448.5043268068694         21.87131710765886         -86.32585668366598        
547.5823079352267         26.48178374383907         -82.67410588293919        
646.687916025985          30.96497000511054         -78.68935258497031        
726.3330627582036         34.44861460016337         -75.18626564801792        
749.8241091496311         35.45199871136029         -74.09354615100462        
773.6903395853005         36.45889022593078         -72.95299740850284        
803.0848303693347         37.68050530625626         -71.50388682911293        
848.7085189204663         39.53259316777847         -69.15105552244181        
939.3690162221901         43.0301432578765          -64.06028090716855        
1037.602089880966         46.48613907909001         -57.83386907946817        
1136.741781409364         49.53142462030245         -50.70453670364948        
1158.620310772676         50.13297241978351         -49.01034527555599        
1182.313511695247         50.75260169569187         -47.12583713169086        
1211.358711286448         51.46476384831467         -44.74552478092768        
1256.816363660619         52.46777008554297         -40.86890301396418        
1347.362995531876         54.02042355090469         -32.64441249825703        
1445.640776690561         54.9615658069336          -23.14031773489           
1544.834206171799         55.06489402569259         -13.28638316090359        
1644.138426391874         54.30929182673277         -3.586678040339647        
1743.456976837479         52.74658997477894         5.564292103318105         
1842.777535167988         50.47317430684254         13.91444940906026         
1942.094390478451         47.60453424978133         21.36600954893894         
2041.404828603845         44.25431657361436         27.93975389677206         
2140.704914554954         40.52271695420275         33.72372239955956         
2239.992968284059         36.49257356643852         38.83254376376657         
2266.456853609998         35.37671620007837         40.09541738350332         
2296.733704197686         34.08127075836806         41.49441828857414         
2377.45824434096          30.53999030884957         45.00775103495315         
2474.423594854306         26.1456886947457          48.87136336738349         
2573.369337210897         21.53804888447596         52.49316783159276         
2672.525122622028         16.82603908639988         55.87305466088088         
2696.30369291408          15.6849163216022          56.6539322140295          
2729.024845396634         14.10877195054141         57.7127698313482          
2813.190543826204         10.02851648102706         60.36633197964566         
2910.545797110535         5.275175568051758         63.34507892478943         
3009.483224095311         0.4252758069268962        66.32011462581521         
3108.593042206485         -4.434634206463861        69.29613014338668         
3207.718377420679         -9.278853862456094        72.31704858705517         
3306.847253465094         -14.08796388214191        75.4331172598809          
3405.984115158208         -18.84158181496247        78.69919590644957         
3505.133897345513         -23.51644715839709        82.1766200784492          
3604.301442147698         -28.0849909837836         85.93565220835146         
3703.491371660493         -32.51355279971671        90.0579002084193          
3802.707906276919         -36.76012581466871        94.63816725388953         
3863.976560009178         -39.26841694467132        97.74118517087797         
3896.901007380802         -40.57404790945213        99.50702812893988         
3926.901607203763         -41.73520317527903        101.1806679168124         
3974.468983663246         -43.51514322026843        103.9688480662272         
4065.810505987611         -46.69141361928079        109.8270369827331         
4164.18288530549          -49.68279442512033        116.9490057354461         
4263.386410474777         -52.14189554235601        125.0275436544399         
4362.690994678997         -53.92666633156054        133.958619137981          
4462.010305153672         -54.92981778108247        143.531884811884          
4561.331557820085         -55.08297809737754        153.3946459733881         
4660.650454019196         -54.37496834507974        163.1174389193517         
4759.963103709742         -52.85526765723247        172.3091890370826         
4859.266347647645         -50.61845586896298        -179.2901863768091        
4958.55760902632          -47.77954985939022        -171.786357510256         
5057.835486601107         -44.45268348278475        -165.1638222740874        
5157.095489976928         -40.73902850952707        -159.3371665484322        
5213.675200939178         -38.48162286359274        -156.3282054228623        
5277.435770281591         -35.83599552270621        -153.1751523815036        
5346.597329049837         -32.8623795855577         -150.0059862069011        
5438.634089066181         -28.76679499940359        -146.1332771994317        
5536.97164314799          -24.25141793985577        -142.3515084905422        
5636.003456125036         -19.59234490577867        -138.8344922929085        
5735.092329431791         -14.84683477184474        -135.5368044453119        
5834.172371251043         -10.0421125065607         -132.3984255183815        
5933.240656508133         -5.199391343246573        -129.3638067456791        
6032.292879628949         -0.338022837985658        -126.3819119380889        
6131.333808554336         4.524045546056445         -123.4037206562655        
6230.370915960521         9.369071224733187         -120.3803080751301        
6329.41103487974          14.1784626935847          -117.2608151388637        
6428.460143704433         18.93180135790447         -113.9902487723522        
6527.526108326856         23.60583444058577         -110.5070430106919        
6626.614570186939         28.17286824810277         -106.7407197086784        
6725.730193499476         32.59904727821114         -102.6094409807179        
6824.877576471772         36.84214278707145         -98.01814500460679        
6924.073694658            40.84929167677505         -92.85780752080126        
7023.293103429023         44.55179412598174         -87.01252635646334        
7122.534579760395         47.86536194115903         -80.36874515918257        
7183.947362413164         49.6770292195171          -75.81900094149854        
7204.368887760211         50.23329811872852         -74.22922643230045        
7229.884149308782         50.89344340657312         -72.1888965407846         
7259.801350871567         51.6155989331383          -69.72085090035162        
7306.522298546042         52.62399975913711         -65.70772258174652        
7397.737407416571         54.13257577768281         -57.36777679600127        
7496.09627625905          55.00502288790586         -47.81813565999369        
7595.29846367659          55.03487503212823         -37.9600783621274         
7694.602925924119         54.207878879532           -28.29314392067809        
7793.920665734913         52.58055655757934         -19.20238414834616        
7893.238885200117         50.25193019120953         -10.92662363022019        
7992.553370841779         47.33801176420209         -3.551612155274796        
8091.861305711791         43.95162920789427         2.951095235861622         
8191.160442098044         40.19150619658055         8.673243853656492         
8290.446703252383         36.13909842213081         13.73022507499616         
8316.749462729786         35.02503870472322         14.97344865907889         
8343.765510432422         33.86528218202344         16.21254104665721         
8387.223574414384         31.9693798554745          18.13067727746616         
8477.532219118439         27.92532965151559         21.85384236309072         
8575.696997030172         23.39909822830162         25.56529057213942         
8674.769146239851         18.72541020806706         29.033971330427           
8730.032032344025         16.08266461503845         30.87393540818921         
8792.707020230591         13.06119850156292         32.89581268605835         
8856.426159187686         9.968468993038774         34.89519695914177         
8950.751629192382         5.362880034079477         37.78135480043134         
9049.339895427693         0.5300840622040554        40.74646782487857         
9148.407544812653         -4.328133254996274        43.72081023591503         
9247.526530106552         -9.172819861286001        46.74004009948176         
9346.652732533403         -13.98300710131053        49.85337833410348         
9445.78692909563          -18.73818384800775        53.11545974996147         
9544.933465600479         -23.41514045655317        56.58743199248399         
9644.098447740544         -27.98648025934922        60.33938164273172         
9743.285223038401         -32.41864033163738        64.4525993993766          
9842.497031204402         -36.66978699768142        69.02153799874392         
9903.413401090074         -39.16749976836269        72.0980189920077          
9928.553322691005         -40.16918089449731        73.43562810432047         
9953.350379713811         -41.13892709925024        74.79666543469601         
10024.45939604659         -43.80842468515425        78.94586784723259         
10118.01985152997         -47.0264424422882         85.01788019280852         
10216.6776767699          -49.97368897537383        92.25373556645476         
10315.91746708145         -52.36746089016084        100.4302687711269         
10415.22969621001         -54.07380294900994        109.4432476617932         
10514.55274176551         -54.9888776211988         119.0671818390357         
10613.87561538722         -55.0496922396491         128.9365604876192         
10713.19552715868         -54.25175292117347        138.6203145757893         
10812.50879763393         -52.65037986067316        147.7378916441933         
10911.8113968987          -50.34358554050295        156.0457231342811         
11011.10041748034         -47.44722047952685        163.4532811444192         
11110.37446410628         -44.07447487339194        169.9860174042179         
11209.62948580272         -40.32477499720528        175.7341560981812         
11252.20068732742         -38.62169344416293        177.9878471970901         
11278.91950865742         -37.52758471544856        179.343720468739          
11309.84905448277         -36.23873968747434        -179.1396071253129        
11393.18234726088         -32.66033558635292        -175.3098639604647        
11490.42216005037         -28.32149199345772        -171.2476243958529        
11589.34596026083         -23.76613967455463        -167.476861313528         
11688.43952764291         -19.09394077203555        -163.9843412355083        
11787.53365923185         -14.34067543288217        -160.7062683152613        
11886.61060812883         -9.530962608767387        -157.5816180388895        
11985.67477671895         -4.685410610537268        -154.5551721863017        
12084.72552472958         0.1769565225424687        -151.5761299662321        
12183.76666927943         5.038196191475417         -148.5956199268411        
12282.80497173546         9.88048871067654          -145.5646318558856        
12381.84673832729         14.68507751478508         -142.4319872342779        
12480.89973184979         19.43137944166909         -139.14205586011          
12579.96943281032         24.09564163452123         -135.6325121861618        
12679.0613836376          28.64961378613952         -131.8317857668103        
12778.18094099639         33.05870449687234         -127.6566783253588        
12835.21237168461         35.51294051065858         -125.0484153550855        
12859.79498043889         36.54910888012164         -123.8712964067089        
12890.30225405004         37.81502413732644         -122.3626244354309        
12971.43001287477         41.06052806989243         -118.0683431778396        
13068.42242708663         44.66556296485835         -112.3230916664145        
13167.40893661045         47.9573234696493          -105.6704602302013        
13229.91946621332         49.78983135777116         -101.0195187771303        
13252.54215801833         50.39932063086284         -99.2476860657881         
13273.39455164038         50.93392718818443         -97.572751682936          
13336.59486545948         52.38349135268761         -92.25632586398481        
13430.96802273067         54.01801567087139         -83.70083174233633        
13529.70858269837         54.96495219545859         -74.15210273929124        
13628.95391795319         55.0674504700179          -64.29212915196823        
13728.26308307704         54.31060697244902         -54.59160804047854        
13827.58217069786         52.74668062961226         -45.44083609917183        
13926.9016807666          50.47214865386564         -37.09142979462796        
14026.21705782367         47.60252407795674         -29.64085754183894        
14125.52573354915         44.25145666978523         -23.06816145762331        
14224.82577958144         40.51905283555695         -17.28508894197756        
14324.1147093242          36.48815161488979         -12.17703580609922        
14353.15813331399         35.26248962402813         -10.79332169705471        
14383.0537758884          33.98165064379821         -9.415844733211161        
14415.66952132853         32.56371372557788         -7.963804762974813        
14484.93553505978         29.48886579688999         -5.039599190330764        
14580.24430131773         25.13876814365529         -1.320591021281304        
14679.00015773484         20.51647507364378         2.233524599969858         
14778.12798646046         15.78831821276322         5.566946747770852         
14802.66831553308         14.60706684441865         6.363524307173395         
14828.7135511986          13.34949348987186         7.19854567680821          
14907.14328603353         9.542281737431049         9.65852080363168          
15003.68912061676         4.825459119581184         12.60536499023852         
15102.52620427636         -0.02078766054973737      15.57494862876252         
15201.61982635036         -4.879525819252795        18.55249041761185         
15300.74003529735         -9.721439732308481        21.57979349230365         
15399.86601424171         -14.52655644364165        24.70712720142568         
15499.00007658871         -19.27417509167283        27.98978007905848         
15598.14824096393         -23.94075634475034        31.48984259907728         
15697.31360971928         -28.49817374941552        35.2784628138383          
15796.50125505868         -32.91212872719526        39.43841436965075         
15895.71354727959         -37.13964734017519        44.0656689570235          
15953.52856196696         -39.49572780578093        47.01986802056209         
15980.15862742905         -40.54994650261892        48.45255746567913         
16010.91974289156         -41.74090974240897        50.16811343514874         
16093.97398461588         -44.79513596424911        55.15138955841713         
16191.28379017347         -48.01744148246939        61.71132743081165         
16290.36404918879         -50.80823497792917        69.2643057097097          
16389.65568963904         -52.99520245269431        77.72558829225615         
16488.97607414983         -54.45796323187736        86.96679335652496         
16588.30075134756         -55.10368987579211        96.7150156591871          
16687.6247741282          -54.88678016060393        106.5724105140664         
16786.94388595177         -53.82276805577745        116.1112163673831         
16886.25427787192         -51.9832061642622         124.9884873748583         
16985.55308453506         -49.47451769867891        133.0113353105863         
17084.83636780875         -46.41357312430679        140.1317447984384         
17184.10232946044         -42.90994949593436        146.4013161481834         
17283.34990834119         -39.05752230650453        151.9220073007211         
17306.67630942771         -38.10995470179534        153.1236872626521         
17336.19152036263         -36.89079235843571        154.5966838252741         
17365.61717296718         -35.65437898529859        156.0151918954274         
17429.24869704293         -32.91619087297124        158.9256873206957         
17523.51072222227         -28.72154576811728        162.8925028232719         
17622.11133657256         -24.19235563802612        166.6804685947433         
17721.17056434508         -19.53047889318887        170.1949921450876         
17820.26106709382         -14.78372176225512        173.4900870627052         
17919.33805496665         -9.978290881187576        176.6264818308115         
18018.40209531365         -5.135201132719477        179.659773649309          
18117.45313752908         -0.2735747459745743       -177.3589194324897        
18216.49415006395         4.588561624040796         -174.3806502535991        
18315.53190402919         9.433427533598508         -171.3565020383687        
18414.57167373737         14.24234071614945         -168.2356229343013        
18513.62213257235         18.99498500650694         -164.9628619296546        
18612.68894303357         23.66795676760088         -161.4766185749404        
18711.77901830524         28.23355698592524         -157.7062294806042        
18810.89622485451         32.65780056338724         -153.5697121180712        
18872.1352368244          35.301942932756           -150.7907640474161        
18902.88907480426         36.59954920992313         -149.3213247727275        
18932.47024136363         37.82651953829102         -147.8572163915123        
19012.89454676444         41.04413343260877         -143.6007171304725        
19109.81076790486         44.64800637348203         -137.8635394040299        
19208.7889906601          47.94182131910256         -131.2159296634049        
19285.70886362577         50.16823572993466         -125.4455980657071        
19307.18728546053         50.72989697463382         -123.7370173449658        
19326.97672059294         51.22226810165785         -122.1253334154203        
19383.17199986195         52.48068634908097         -117.3572925359797        
19476.22119183652         54.06418484365278         -108.893316868997         
19574.80472942116         54.98252035188732         -99.34471894329414        
19674.033731909           55.05725521310937         -89.48485778159555        
19773.34224953083         54.27352236687962         -79.79652731578125        
19872.66318536131         52.68519799832346         -70.66812880761184        
19971.9846715685          50.38976948849037         -62.34653970951894        
20071.30182045512         47.50298561352501         -54.9247460464809         
20170.6125804456          44.13818517228954         -48.37881529252292        
20269.91398560349         40.39498811159048         -42.61915720605099        
20369.204629655           36.35564141109326         -37.53073208779982        
20399.75370015018         35.06374678424064         -36.08185743408461        
20426.48547057761         33.91672054953931         -34.85446386182198        
20451.67358393082         32.82274958844177         -33.73050228859696        
20523.73793385923         29.62930373457575         -30.6740776075848         
20619.4492709823          25.26469048662652         -26.92955026306135        
20718.24530710001         20.64332551191982         -23.36675728105971        
20817.38094136817         15.91686463712775         -20.02771885095745        
20842.94867572607         14.68650815517474         -19.19689567756925        
20870.65049376106         13.34908325580755         -18.30844259186426        
20951.17151270388         9.44001334038818          -15.78391019672208        
21048.00454995129         4.708593589433162         -12.82996487189476        
21146.87661160715         -0.1395545293719085       -9.859972059702374        
21245.97536686342         -4.998295118492222        -6.881737981637052        
21345.09767139098         -9.839611562407415        -3.852616220116244        
21444.22565193381         -14.64364129863867        -0.7221686974330036       
21543.36176679935         -19.38963087180214        2.565034081898192         
21642.51219303114         -24.0539573379383         6.071285014922315         
21741.68048811844         -28.60838386966883        9.868010072981924         
21840.87062225444         -33.01837970093699        14.03825548967911         
21940.08471459383         -37.24071871423674        18.6783153853291          
21995.4794780002          -39.49640949400545        21.51294790784106         
22023.39609414339         -40.60100954742482        23.01608401034347         
22048.78378647845         -41.58505547770771        24.4294437289531          
22122.13268611813         -44.30621897044875        28.77965085530878         
22218.07093246607         -47.54454904762478        35.12783786192833         
22316.99106045999         -50.41381065677801        42.53042899392271         
22416.26455733785         -52.70218067443026        50.85628844164484         
22515.58221008163         -54.2836323644653         59.99098203289341         
22614.90694322856         -55.05985306361612        69.6846141990728          
22714.2314676661          -54.9766366473137         79.55376045871174         
22813.55164535344         -54.03989683100333        89.16738350538854         
22912.86378175719         -52.31364395898086        98.16339194877554         
23012.16393748764         -49.90061093659563        106.3244129586059         
23111.44936380442         -46.91742286500254        113.5826097664063         
23210.7188672293          -43.4755099689844         119.9776924089688         
23309.96954374714         -39.67146545785155        125.6064333869437         
23342.5538001582          -38.35732376688814        127.3071454886128         
23367.27435513167         -37.34148357614536        128.5533567623888         
23389.67787221773         -36.40772578675693        129.651597081904          
23456.92686937982         -33.53672744086818        132.783515895814          
23549.72025656607         -29.43129493252789        136.7487127444218         
23648.15073095961         -24.93062582074507        140.5837340209102         
23747.19546317356         -20.28528417524069        144.1395596908486         
23846.28933639033         -15.54998139475974        147.4658336500731         
23945.37051888183         -10.75232500073095        150.623942961823          
24044.4366328069          -5.913885469828471        153.6703258497134         
24143.48791987868         -1.054013658927613        156.6566797522703         
24242.52602242632         3.809105724095084         159.6321317795389         
24341.56083182897         8.657893931002786         162.6455704818319         
24440.59703021776         13.473833486842           165.7473641630285         
24539.64321679669         18.23696297984042         168.9918330677923         
24638.70499151526         22.92443259732698         172.4393609136026         
24737.78835382545         27.50930833865771         176.1589591949696         
24836.89867925132         31.95879965286973         -179.7693185122052        
24917.41843902273         35.44516735067827         -176.1394034712642        
24952.33458437724         36.91401159323276         -174.4604497843074        
24984.69970693113         38.24925430838699         -172.8414045765065        
25034.44362937007         40.24703858822897         -170.2258267119782        
25126.27819682239         43.73454159840469         -164.9465368624386        
25224.65653441614         47.11829484617869         -158.5545298536028        
25323.81647924194         50.06582903388695         -151.2503786754412        
25348.17278321134         50.70618405428907         -149.3181361226019        
25371.19736128952         51.27801815277805         -147.4414947706821        
25440.80266890815         52.79349919723418         -141.4811548439113        
25533.35275155259         54.25874526618066         -132.9573040340148        
25631.90610202728         55.04974476101312         -123.3474256510521        
25731.13193458412         54.99188506790111         -113.4873267437419        
25830.44095291989         54.0801669520617          -103.8628179989205        
25929.76170487236         52.37658221251218         -94.84600800256894        
26029.08141013468         49.9830670960572          -86.65973992214137        
26128.39793257881         47.01606370043226         -79.37576013406765        
26227.70726240706         43.58736408282003         -72.95702260203122        
26327.0078283269          39.79397017074333         -67.30776920689435        
26426.2945465045          35.71563729756583         -62.31176801407675        
26452.57746570278         34.59659074984038         -61.08368019717707        
26482.29224524694         33.31403428294299         -59.73794418610157        
26515.04942273023         31.88033740657034         -58.30367532219508        
26585.06258778507         28.7538309591811          -55.39504449943338        
26680.47422482632         24.37826639842109         -51.72615747100272        
26779.24223322188         19.73900998777213         -48.2152140580444         
26878.37148268009         14.99872539736099         -44.91434669154806        
26921.71910764882         12.90569590829847         -43.52488287706926        
26969.40937307663         10.59191621942484         -42.02594234723918        
27060.09034432936         6.168286526497611         -39.24061513745564        
27158.24310102034         1.358882863282653         -36.28323188089421        
27257.26368140895         -3.497966789110569        -33.31300899566931        
27356.37921891175         -8.346530723782683        -30.30497809742156        
27455.5067025125          -13.16413165549318        -27.21155661518047        
27554.6413840726          -17.93036073903771        -23.97913171495883        
27653.78929479048         -22.62266960170812        -20.54776042834799        
27752.95417980524         -27.21439257283605        -16.84912370781873        
27852.14079259895         -31.67320772466645        -12.80395913424469        
27951.35180553189         -35.95884668231164        -8.320153234534857        
28028.82700954797         -39.15211736355649        -4.447004845907237        
28058.28312555095         -40.32426850075478        -2.876324677974544        
28090.25619474705         -41.56723367350352        -1.104752128175625        
28140.55639277212         -43.45481198275716        1.832173861623319         
28232.387267577           -46.65372251865556        7.710887503280967         
28330.82671584561         -49.65322213365483        14.82755853794717         
28430.04425534746         -52.11986763193078        22.89750293807432         
28529.3556914432          -53.91312692401119        31.82113410293958         
28628.67965953192         -54.92557835352137        41.39014130776959         
28728.00441719592         -55.08833118262481        51.25315629734145         
28827.32541369041         -54.38954496463091        60.98077390364502         
28926.63914716104         -52.87813025021543        70.18080630724104         
29025.94168953365         -50.6483717485654         78.59136768373223         
29125.2299969201          -47.81526517480162        86.10521987891487         
29224.50315087335         -44.49306795053997        92.73693286160359         
29323.75686593587         -40.78314497910269        98.57148992339668         
29390.07250402356         -38.13021567419089        102.0822813223424         
29408.93986044684         -37.35362520936673        103.0304015646591         
29426.97258236585         -36.60311715987621        103.9169467971648         
29477.17683976516         -34.47407704915746        106.2898463487762         
29568.94171274034         -30.45097088635791        110.3031793695221         
29667.23803760251         -25.98793830944413        114.2139160381031         
29766.27674113261         -21.36707993411869        117.8329361406022         
29865.37765389076         -16.6493253210617         121.2069553783869         
29964.46580551565         -11.86383049788051        124.3988309976786         
30063.53889077436         -7.032808264376601        127.4664543016278         
30162.59518592851         -2.176097929452707        130.4623832394432         
30261.63713294081         2.687980207937105         133.4361880757841         
30360.67031793064         7.541664842989619         136.4365555124246         
30459.70410264563         12.36690391062941         139.513427128389          
30558.74453808647         17.14407801415619         142.7199574461255         
30657.79841422336         21.85113630242824         146.1149279081433         
30756.87244024593         26.46226140869746         149.7651596313598         
30855.97246787511         30.94620180008834         153.7479644793927         
30955.10269267252         35.26416996033315         158.1532547591996         
30983.5694161593          36.46662840128243         159.5103364219989         
31011.9072779431          37.64469569121103         160.9067422674017         
31039.51749738771         38.77298578852109         162.3134710701245         
31117.5529465545          41.84514247569289         166.5579590322831         
31214.10636822693         45.36336955862287         172.4276322515031         
31313.04583735764         48.56332435799077         179.2492126359431         
31373.95836780779         50.2853136541139          -176.1116312247187        
31403.06247342378         51.03175195499912         -173.7743161503275        
31431.06672676513         51.69959196516515         -171.4524598303009        
31504.53116748249         53.19721222700451         -165.0366495758502        
31600.44262610609         54.53833638019114         -156.0498875209888        
31699.35477536637         55.11683771957741         -146.3180588433761        
31798.62479239237         54.8362212526389          -136.475861387989         
31897.94035898522         53.71244710412176         -126.9776128118691        
31997.26096792147         51.82031487262369         -118.1600307652018        
32096.58037552144         49.26778221210069         -110.2046607594141        
32195.89429632761         46.17162270184826         -103.1504347935888        
32295.19982161            42.64042627636451         -96.94059086458458        
32394.49497114401         38.76677622438882         -91.47112228212545        
32493.77082228893         34.62624118983424         -86.62472190063701        
32569.86510409042         31.30910656081442         -83.26006856513808        
32638.39180284413         28.23561917500556         -80.44727073466404        
32733.58000862645         23.85649447513241         -76.82297610927324        
32832.333970943           19.20717503235805         -73.34105418086435        
32908.14334148308         15.58204730851151         -70.816845524268          
32936.63852834143         14.20941007878662         -69.89484554065446        
32963.84326127591         12.89459513217447         -69.02623970617719        
33040.08280198323         9.19108209098524          -66.64264764146185        
33136.31101230858         4.488218292750138         -63.71056396067117        
33235.11387265753         -0.3566384975537095       -60.74372479109988        
33334.20841254992         -5.214458934084106        -57.76454649557552        
33433.3325354266          -10.0543197939546         -54.73211130387065        
33532.46359191835         -14.85606388108061        -51.59597911113325        
33631.60286539933         -19.59877406968547        -48.30051203848231        
33730.75685855001         -24.25868011888886        -44.78305472754282        
33829.92980685085         -28.8073414115316         -40.97169202906543        
33929.12628242048         -33.20992486504136        -36.78278369362604        
34028.3487904002          -37.42277306068328        -32.11939112022233        
34071.9916960923          -39.20163068133763        -29.89049664671211        
34099.9995053513          -40.3156984835328         -28.39615989744243        
34127.12145609548         -41.37226932982028        -26.89845078594945        
34204.4605822186          -44.25073419849461        -22.33243404787424        
34300.98218010971         -47.51372826226972        -15.95634906493659        
34399.97173760785         -50.38979712378246        -8.557520533284828        
34499.25347159151         -52.68409781819655        -0.2394663273062147       
34598.57227820903         -54.27237149843751        8.888309838041137         
34697.89708050666         -55.05621293270026        18.57783914697761         
34797.22042969661         -54.9809496649592         28.44668010404347         
34896.53835024219         -54.05193804056632        38.06379717057278         
34995.84804122569         -52.33270391371524        47.06617411297561         
35095.14538346557         -49.92571448271246        55.23499135819694         
35194.42805004073         -46.94752889927874        62.5012057119456          
35293.69269154267         -43.50973695649175        68.90360631579446         
35392.93887609383         -39.70899479152492        74.53877338200124         
35429.01448759949         -38.25330176823241        76.4199102693171          
35450.97973288503         -37.35003632785416        77.52565799094772         
35470.76555426465         -36.52611491994107        78.49730085817752         
35526.82977943914         -34.14274926920024        81.13298781342856         
35619.80086475378         -30.05262888731305        85.16377469345505         
35718.24737393763         -25.57013897831964        89.0480853604036          
35817.30065569282         -20.93881738869203        92.64210851196808         
35916.40046989778         -16.21384406922961        95.996922962672           
36015.48773167888         -11.42326031583288        99.17519551909878         
36114.55939431908         -6.589052931446078        102.2342083407323         
36213.61753076781         -1.730715438146556        105.2262604614697         
36312.66224097926         3.133389187503878         108.2006773217839         
36411.6985063185          7.985459469187781         111.2061513643529         
36510.7339223614          12.80726482436416         114.2927877485525         
36609.77591715055         17.57907108710739         117.5142019508019         
36708.83056997554         22.27850401178194         120.9297856128505         
36807.90579041932         26.87937971357179         124.6072621599543         
36907.00534719508         31.34975883671514         128.6249383047155         
37006.13487325609         35.6501163869229          133.0740022615476         
37032.13181501487         36.7435809336023          134.3246827325724         
37064.82424449641         38.09556202447279         135.9526646285711         
37097.37905433867         39.41422441503123         137.6387102853777         
37185.73390193051         42.83487070697388         142.5742938302883         
37283.67616231553         46.30222415293208         148.739296409929          
37382.77989579365         49.37451077789897         155.8167473083156         
37422.79180535115         50.46650523488749         158.9281679836809         
37445.97336400766         51.0554426547998          160.7982853863668         
37467.67046959139         51.57593421598121         162.5930073180755         
37529.98545421287         52.89431503497839         167.9779717162908         
37623.23717570398         54.32926535867644         176.6040357853117         
37721.87810459873         55.06956555810083         -173.7543264840541        
37821.11501132604         54.95801479891836         -163.8959087302459        
37920.42641284643         53.99479837018783         -154.2996591707108        
38019.74677912658         52.24516959699151         -145.3297318702534        
38119.06635771738         49.81266376731982         -137.1988461475354        
38218.3813192416          46.81395176978603         -129.9706395055802        
38317.68907840597         43.36007953412836         -123.6029148372074        
38416.98620596435         39.54706305647896         -117.9978147545503        
38516.26472538337         35.45373321800619         -113.0388039239685        
38549.15005734656         34.04699475715003         -111.5184401291426        
38578.75091425376         32.76193982610721         -110.1963364000625        
38608.26638607541         31.46419169467048         -108.9189744897233        
38685.89187028119         27.98162272326066         -105.7355237032787        
38782.42842012551         23.53303979799707         -102.0795474128637        
38881.31622959627         18.87098270300102         -98.61029613155416        
38956.28813862568         15.28241956176015         -96.12357794390526        
38983.44819392078         13.97323587945416         -95.24720365912447        
39011.8705298868          12.59878437871127         -94.34196765300157        
39058.20202929899         10.34986016944835         -92.88897135345493        
39149.11572472192         5.913686310145295         -90.1004704701914         
39247.28813184192         1.102928629030755         -87.14443294759631        
39346.31152729271         -3.753502718860724        -84.17356216842956        
39445.43133202242         -8.600752734560503        -81.16227551819952        
39544.56296938006         -13.41601145644961        -78.06289744431196        
39643.70237707626         -18.17879471549258        -74.82153813181037        
39742.85305067897         -22.86626255913678        -71.37796359762862        
39842.02129107434         -27.45162247006174        -67.66326548554724        
39941.21022010222         -31.90212943653574        -63.59762156087681        
40040.42456704192         -36.17713404021841        -59.08813577241649        
40106.7791448324          -38.91270989985126        -55.77304789693493        
40182.5604430167          -41.88853387306909        -51.64293700638351        
40253.0234006932          -44.48605117825758        -47.42928441191614        
40348.5630693147          -47.69027066271009        -41.06836825124102        
40447.45420650579         -50.5333595923056         -33.62659748067725        
40546.72370175831         -52.79097210239137        -25.26127491822206        
40646.04094336974         -54.33677738408677        -16.09491737610267        
40745.36553475773         -55.07385919057706        -6.384840234768012        
40844.68853379367         -54.95053673873249        3.480869944218741         
40944.00608312571         -53.97562157349729        13.07202445205665         
41043.31491946941         -52.21540680689515        22.03223562094725         
41142.61211492121         -49.77373468052713        30.15155740580714         
41241.89281290164         -46.76735867543005        37.36804356037445         
41341.15694803186         -43.30711461544173        43.72514849578339         
41440.40122150909         -39.48880281523119        49.32118005271966         
41473.05405938532         -38.16782554553876        51.0159754078735          
41496.88567077974         -37.18599565009369        52.21140248247448         
41518.83552437648         -36.26931313823986        53.28300694946069         
41580.72876421502         -33.62610134652042        56.16342688080869         
41667.2348957858          -29.80665300968917        59.87970308726115         
41764.89489621017         -25.35296795526506        63.71514970085458         
41863.85575679597         -20.72103175452931        67.29309511445            
41962.94298871653         -15.9930317595218         70.6380899867391          
42062.0256975526          -11.20011693930025        73.80963377419305         
42161.09506690409         -6.364414737438503        76.86450247422886         
42260.15349189984         -1.505324212749877        79.85481453451513         
42359.20027788961         3.358785186712238         82.82978904862107         
42458.23963395087         8.210064304974431         85.83811591604334         
42557.27871812414         13.03020917515309         88.93000883635733         
42656.3247610582          17.79937749585981         92.15930352245448         
42755.38361573126         22.49503012662053         95.58572137761853         
42854.46255522547         27.09073051704669         99.27741450058825         
42953.56511848513         31.55422007060694         103.3132360935612         
43052.69678476034         35.84554951481984         107.7849917321215         
43088.04615359986         37.32462859559939         109.5042434101591         
43120.4607676249          38.65372494015312         111.14533040005           
43170.94797114842         40.66660853564695         113.8342898889281         
43262.8228107118          44.12230548090378         119.1891319127311         
43361.2074636505          47.46114784569941         125.6712960234649         
43460.36724722944         50.3516358450164          133.0732632219917         
43491.32928068284         51.13905363585561         135.5696815560007         
43520.5264131655          51.82579573175606         138.0036009514921         
43567.08014721517         52.80122049291143         142.039100007989          
43658.33657520125         54.2469639690492          150.443123030336          
43756.70357585186         55.04371806069635         160.0312565598336         
43855.9078431339          54.99432961927871         169.8891593409682         
43955.21409827052         54.09089758515074         179.5174115492322         
44054.53359042294         52.39480683665968         -171.4588747329698        
44153.85416887002         50.00767669728589         -163.2640383227381        
44253.17089027958         47.045967047446           -155.9713895115794        
44352.48026096961         43.62157047163685         -149.5446596221677        
44451.77918110276         39.83171725385115         -143.8885486178798        
44551.06195171829         35.75636896541718         -138.8869138287481        
44594.38303256175         33.90515516607147         -136.8796166242115        
44624.4085307233          32.59968382742321         -135.543642184176         
44652.68235832918         31.3550073154079          -134.323999161218         
44731.80440735305         27.80150106200386         -131.0893370893993        
44828.48952150671         23.34144281480296         -127.4403829386416        
44927.38142312737         18.67560236440286         -123.9811122039847        
45005.97567313816         14.91058869348785         -121.3829432805618        
45032.42764065508         13.63445560764101         -120.5324879079523        
45058.01441691583         12.39642798363642         -119.7196060719963        
45130.85880435538         8.855441893539354         -117.4494350510901        
45226.56761182006         4.176713199912004         -114.5376359760673        
45325.30255643651         -0.6648776259041775       -111.5741435135401        
45424.38819411909         -5.52119011065069         -108.59347498089          
45523.51912708255         -10.35914902057479        -105.5559317444575        
45622.65771377133         -15.15777136445237        -102.4113007674598        
45721.80456931237         -19.8959492391968         -99.10359861666458        
45820.96502899658         -24.54961683543621        -95.56969281706436        
45920.14240639983         -29.0899502884548         -91.73704027268747        
46019.34230587212         -33.48169354269861        -87.52117173757573        
46118.56795675121         -37.68058587030558        -82.82427065443251        
46154.97943824157         -39.16209620076513        -80.95886631520217        
46181.24722758075         -40.20826366374377        -79.56059153778682        
46206.68671850581         -41.20199342590819        -78.16208063674512        
46280.66865352448         -43.97108112429519        -73.82839851414948        
46376.73168356996         -47.25125954461513        -67.54776183023201        
46475.67447539186         -50.16940644652925        -60.22713141559426        
46574.9494486372          -52.51702576313443        -51.98318500843892        
46674.26805408904         -54.16814006515557        -42.91584141055947        
46773.59278094955         -55.0217027193132         -33.26043414538613        
46872.91702595539         -55.01861115463958        -23.39037069237603        
46972.23618366988         -54.15898524074183        -13.73713414335701        
47071.54732147465         -52.50204510577972        -4.673215731734314        
47170.84602661198         -50.14796502584304        3.569402068090212         
47270.13124044752         -47.21292823850037        10.91051740848648         
47369.3989965599          -43.8094366793983         17.38184518882579         
47468.64815647714         -40.03557721408585        23.0767641239715          
47511.89761825372         -38.29605357074112        25.34512635425577         
47539.90422586212         -37.14298082497513        26.75184152281154         
47567.83910061931         -35.97368672192795        28.10933316730081         
47644.35240706662         -32.68326729319791        31.61439001306433         
47740.64770740224         -28.3879556911353         35.64160417284669         
47839.4656727789          -23.83915464115564        39.41377819555776         
47938.55065887328         -19.16857134149259        42.91043349848375         
48037.64264207566         -14.41616850401312        46.19183324673416         
48136.71760226134         -9.606922900788376        49.31889720517629         
48235.77901268145         -4.761534864251276        52.34690525349256         
48334.8300624406          0.1011284493033335        55.3268293042082          
48433.8713490637          4.962948813809801         58.30746764224022         
48532.90886351606         9.806063358771688         61.3378008324804          
48631.95012279321         14.61178312121765         64.46900513814082         
48731.00039523561         19.35942930881605         67.756553985705           
48830.06601850502         24.02533738943068         71.2626791956837          
48929.15378885809         28.58138645327814         75.05883777519817         
49028.2671449706          32.99300125602838         79.22795400633491         
49106.00699783536         36.32368467581337         82.82004725769764         
49130.35869416781         37.33924432706826         84.01249274661444         
49153.29773377161         38.28243788629264         85.16770438419466         
49181.36346491519         39.41751108986337         86.62538439433612         
49225.6193265086          41.16154123680327         89.02912142341883         
49316.17771117017         44.52981585755258         94.38917843623547         
49414.40537661547         47.81472868931724         100.9558993402259         
49513.55203381972         50.64399603280292         108.4588456772847         
49537.4080076348          51.23936295927181         110.3990651096931         
49562.13103946066         51.81785720350634         112.46419825986           
49631.93235631334         53.22399921550767         118.5802726766099         
49727.39107838133         54.54840965393766         127.5328626938619         
49826.29437478026         55.1171688412803          137.266670200132          
49925.56165249553         54.82682293181217         147.1064370337116         
50024.87516656984         53.69399937445272         156.5978628942866         
50124.19507645536         51.7939807455259          165.4058832161754         
50223.51346439682         49.2349622528033          173.3506044695064         
50322.82709036954         46.13365873628636         -179.6054524745728        
50422.13289414067         42.59849146465937         -173.40478711195          
50521.42887694063         38.72183274054589         -167.9431186709929        
50620.70832989411         34.57895756394344         -163.1030404353938        
50652.61638642987         33.20094307113942         -161.6603887413712        
50679.56187338568         32.02188710380501         -160.480279472899         
50704.21450885478         30.93169684772602         -159.4293605011282        
50773.90968723921         27.79627261155492         -156.5939206374152        
50869.24057669239         23.39944332866041         -152.9945987331699        
50968.00707665971         18.74086076251195         -149.5367038524476        
51067.12528620847         13.98711230264187         -146.2754413529993        
51095.45215680264         12.61742996223045         -145.3731766106381        
51121.488017519           11.3549774168071          -144.5534181894429        
51196.33952700533         7.70997564547012          -142.2384831673505        
51292.35166307772         3.011459270149217         -139.3313747810693        
51391.12242932897         -1.832777024458648        -136.3697374836797        
51490.21417396143         -6.685989930880603        -133.3802074425693        
51589.34845759068         -11.51625324875425        -130.3218507195189        
51688.49115686025         -16.30237346250851        -127.1434444898662        
51787.64407974668         -21.02265292405042        -123.7875044924616        
51886.81171853095         -25.65201299094499        -120.1888694903565        
51985.99776743213         -30.16026434614039        -116.2723317703681        
52085.20647607511         -34.51018566673972        -111.9503346706936        
52184.44045175565         -38.65494919498536        -107.1218225292138        
52211.39716878533         -39.73783641445031        -105.7083431468824        
52239.64483165182         -40.85016357074399        -104.1756840080964        
52288.84296772303         -42.72769164346241        -101.3724043398891        
52378.30057129031         -45.91801405464154        -95.79819462816397        
52476.44468162907         -49.01636241164976        -88.8986620252706         
52575.62721075956         -51.61762775866144        -81.03437883424093        
52674.93501927238         -53.57270207837705        -72.29029648960406        
52774.26004725276         -54.76854873647508        -62.84104869702145        
52873.58727611136         -55.12581899849019        -53.00829509647088        
52972.91165281786         -54.61876194441211        -43.21310788224937        
53072.22771258093         -53.28335841161464        -33.8662251771175         
53171.53444139985         -51.20565742508218        -25.26335330743074        
53270.82800769713         -48.49809557027768        -17.54521542417224        
53370.10578154586         -45.2765352599114         -10.72040501318736        
53469.36482781311         -41.64582894469614        -4.715564218590001        
53544.86091990257         -38.66470030491618        -0.6291940824324093       
53571.56648661476         -37.57182266694349        0.7279016578001932        
53595.93151960289         -36.55902348258716        1.928916150521634         
53661.67057725834         -33.75862812938432        5.005950066182771         
53753.83678235812         -29.68964942961106        8.966994135215115         
53852.1889923024          -25.2001707125261         12.81959086515436         
53951.22816448566         -20.56084318822423        16.39149537361972         
54050.32224012539         -15.82965347174076        19.73004822593314         
54149.40275468398         -11.03476010202698        22.89688549144257         
54248.46639678581         -6.197947763167375        25.9487814188361          
54347.51846620347         -1.338423350656814        28.93781476672299         
54446.55881740618         3.525491801438306         31.91315870856938         
54545.59253391344         8.375983424327135         34.92353819750814         
54644.62792921113         13.19476491836556         38.01928663430675         
54743.67055107141         17.96183877688531         41.25434978687989         
54842.7274116897          22.65460771049034         44.68873268227312         
54941.80393059505         27.24638360300064         48.39085281765388         
55040.90664567193         31.70481595803232         52.44009353639375         
55140.03868316067         35.98953479156417         56.92864318338663         
55174.87608598312         37.4446352533615          58.62926084188091         
55207.80363916419         38.79211749316083         60.30266439921117         
55240.71675053565         40.10957428494017         62.04379163298484         
55325.96551899333         43.36652738434981         66.9025699471518          
55423.51610006299         46.76436264375454         73.1562856913811          
55522.58249970619         49.76548802317227         80.3557988909939          
55565.0637160521          50.88691988258294         83.7186469630883          
55594.63713364676         51.60171848107947         86.15722609531831         
55623.65338958334         52.24701877563447         88.62585993437966         
55710.71958305547         53.82140470742398         96.45214379674506         
55808.55277392548         54.8758089564191          105.8445264605107         
55907.69209675491         55.10627559912908         115.6814287435465         
56006.98835867224         54.47544585944117         125.4318414956354         
56106.30316995084         53.02646920630945         134.6835354341932         
56205.62094842317         50.85080207175763         143.1613523548206         
56304.93361477274         48.06271150678162         150.746051064142          
56404.23972249264         44.77706436522021         157.444361462981          
56503.53828869993         41.09632729558759         163.3375567073349         
56602.82530705445         37.10597928545844         168.5381363730921         
56683.25495151803         33.69372164560385         172.3243824985559         
56712.03344251262         32.44012202588248         173.5988835521595         
56739.82437914237         31.21503551117495         174.7933538314307         
56821.16060438566         27.55682593400028         178.1046273732678         
56918.15990097821         23.07583315941699         -178.2519318159398        
57017.09274358582         18.40298453428284         -174.8052881069712        
57116.23065385502         13.64356914623319         -171.5560967781172        
57142.66051043523         12.36475341486643         -170.7165897537544        
57167.98116870923         11.13640175888766         -169.9209315603059        
57240.61461759266         7.598482497286325         -167.677171511604         
57336.29985441221         2.915538116466319         -164.7812044323756        
57435.03197610844         -1.926858431622189        -161.8209676245626        
57534.11900969222         -6.779553184665152        -158.8308848446779        
57633.25271779904         -11.60914563117265        -155.7708808620336        
57732.39699307596         -16.39431155747488        -152.5897099435854        
57831.55048802728         -21.11314684007896        -149.2298634141679        
57930.71907197591         -25.74055869316359        -145.6259629368285        
58029.90644888487         -30.24624277512583        -141.7025766347562        
58129.11630480085         -34.59279397118985        -137.3719088520681        
58228.35098801879         -38.73316412676759        -132.5326513607961        
58266.11537783174         -40.24242808621252        -130.5344681689596        
58304.58301770268         -41.73628143283969        -128.4000042321566        
58362.48364535859         -43.89220656625228        -124.9835903588503        
58443.43674994307         -46.69067244200183        -119.7581264849958        
58540.50501084421         -49.64612802752405        -112.7372654364693        
58639.56640397664         -52.11080072326263        -104.6834428179287        
58738.86242480949         -53.90678428338183        -95.76486612083215        
58838.18735314999         -54.92276630153208        -86.19821416968212        
58937.51564724371         -55.0892587296792         -76.33541671435765        
59036.83932992863         -54.3940914196776         -66.60611367263081        
59136.15531268297         -52.88591931663979        -57.40288325163623        
59235.460698721           -50.65884706499864        -48.98823015766372        
59334.75160931703         -47.82784049485784        -41.4701296715779         
59434.02703832835         -44.50720184525343        -34.83444920061913        
59533.28319755383         -40.79835643800519        -28.99638246315592        
59594.21219215728         -38.36598504711446        -25.75842770016066        
59618.54285787558         -37.36635978659446        -24.53117211201512        
59640.69470035611         -36.44342208296924        -23.44424739094685        
59704.09954560455         -33.74008264342962        -20.4819729738278         
59798.40719358763         -29.57392780919358        -16.43513129540588        
59897.00992112048         -25.06915698124243        -12.58224237462227        
59996.07914274093         -20.42528767585385        -9.017068428309633        
60095.17668188782         -15.69156386406359        -5.684288660647457        
60194.25813721027         -10.89492396240319        -2.521579700939389        
60293.3216513833          -6.057008518996153        0.5277174216783103        
60392.37354540965         -1.19692894820122         3.515608360106242         
60491.41360115027         3.667008975019179         6.491219970283177         
60590.44733997434         8.517006216798199         9.503306955594807         
60689.48183002649         13.33468310797852         12.60224211019494         
60788.52222177666         18.09996321529234         15.8420965677496          
60887.57597249933         22.79017746710782         19.28309322997321         
60986.64938748116         27.37854275266637         22.99395669198838         
61085.7489115675          31.83251150970577         27.05441242363123         
61184.87740571145         36.11144143610473         31.55702370207494         
61220.5111153191          37.59704695027848         33.3032242899884          
61255.06882995833         39.00721465307802         35.06903403012134         
61305.16174184158         40.99215532387908         37.76531265146104         
61397.09921056638         44.42385278861737         43.18141691749388         
61495.49294142053         47.72728163438248         49.73465723156783         
61594.66154768597         50.57289889794989         57.21371530782285         
61618.59663493233         51.17445375955047         59.15435110251041         
61640.19906974863         51.68606407181108         60.95054265377416         
61666.25543710543         52.26183144186994         63.17230615892506         
61707.62374929618         53.07821413689214         66.81870620725611         
61797.25590463495         54.40159454740124         75.16026341343087         
61895.42034936603         55.08836003598237         84.77686792641279         
61994.60222439375         54.92740644085128         94.62604638607424         
62093.90456654364         53.91735003647078         104.1942914196484         
62193.21989425225         52.12605207134401         113.1202892510675         
62292.53393764375         49.65847240816355         121.1999046601959         
62391.84101064457         46.63143469398659         128.3767819390971         
62491.14015143132         43.15525134510268         134.6977071970101         
62590.42905288516         39.32490248601417         140.2624946619524         
62689.7066915757          35.21793544564561         145.1882907741508         
62749.3931272882          32.64174598995788         147.8905916015084         
62779.28753395099         31.32579235013989         149.1802258413938         
62806.46532231476         30.11600429648461         150.3188054561647         
62883.62240953138         26.61945745785776         153.3927979645198         
62980.02817968372         22.14275660002837         156.9538265863627         
63078.8902085158          17.45570464973238         160.351783320347          
63151.94220301928         13.94496556652795         162.7364779029905         
63234.5516778063          9.939314261486114         165.3376516637168         
63309.22777365195         6.295381304162763         167.6271633728851         
63405.25802060729         1.590955797850518         170.521452164137          
63504.03212998062         -3.253466857784225        173.4833518938224         
63603.12504640315         -8.101508708541044        176.4872844850285         
63702.25983106066         -12.92104152997606        179.5748962781257         
63801.40553649981         -17.69047972147253        -177.2012147599899        
63900.56205176516         -22.38714869688895        -173.781658220447         
63999.7334174579          -26.98464738296416        -170.0985999555192        
64098.92444961006         -31.45100514245912        -166.0733944940559        
64198.13838604605         -35.74644958900991        -161.6146059556322        
64270.11872793082         -38.72717505454602        -158.0499595198758        
64303.8592934492          -40.07777561916745        -156.2694995040528        
64335.15870688716         -41.30084896044324        -154.5497281506437        
64383.67569755064         -43.13438507637418        -151.7453914689786        
64475.38479639916         -46.36155191925214        -145.9411398757254        
64573.80924808094         -49.40453954477486        -138.9045350380538        
64673.02668322809         -51.92582737822502        -130.9149831561095        
64772.34005585779         -53.78413699539114        -122.0610563016303        
64871.66756917723         -54.86992710527326        -112.5368801813218        
64970.9957699175          -55.10998945504168        -102.6825225085852        
65070.32098963391         -54.48690608332278        -92.92481027740781        
65169.63879890973         -53.04453257743571        -83.66405079660389        
65268.94627109868         -50.87404936035608        -75.17583342754992        
65368.23863103054         -48.08963827362           -67.58061463594282        
65467.51465976704         -44.80630175555325        -60.87261665022265        
65566.77215988748         -41.12678205566862        -54.97106357148036        
65646.26215444878         -37.95200369831707        -50.75013900456886        
65670.558030135           -36.94755158563105        -49.53936253582743        
65693.02479968173         -36.00596380806118        -48.45015788201989        
65754.74917948013         -33.36149352703942        -45.59740316954956        
65848.77776729409         -29.19336817912757        -41.59821256188592        
65947.34542536316         -24.67878492167424        -37.77589965700485        
66046.40771179693         -20.02654643558386        -34.23360555518462        
66145.5033942475          -15.28649952504404        -30.91775794632203        
66244.58430327941         -10.48542228683306        -27.76688010624835        
66343.64880913636         -5.644718215749612        -24.72481407892605        
66442.70202079788         -0.7834248655049413       -21.73990132348375        
66541.74296135316         4.08016784794918          -18.76316113759123        
66640.77871529153         8.928316651342431         -15.74573662625866        
66739.81527892174         13.74249175222005         -12.63705021295247        
66838.85880162707         18.50248109218743         -9.382569903104988        
66937.91542084655         23.18526430014841         -5.921482676482188        
67036.99260862777         27.76369509077075         -2.184176652191598        
67136.09433547826         32.20453022129846         1.910017486113654         
67235.22504213033         36.46641252521634         6.454879022448394         
67270.42779451003         37.92702257693461         8.196740003108303         
67304.5757903019          39.31340483895664         9.958163974430926         
67339.28740108386         40.68911411848171         11.82607134895108         
67425.48952354118         43.93882774384007         16.8351384332064          
67523.16294203047         47.27691516137166         23.22510495368638         
67622.24701659288         50.19678311555829         30.56836593747804         
67655.10905168485         51.04262896119292         33.20308265230686         
67677.52767316997         51.58082045735616         35.05706103354783         
67698.49789675791         52.05432001367995         36.83201251038069         
67760.513362661           53.27462696114216         42.30086967976669         
67846.39440018218         54.48091363744105         50.34620327880676         
67944.12608725252         55.10571666210664         59.94372041628466         
68043.25880618999         54.88591424269885         69.78157697147525         
68142.55574044073         53.82012018766594         79.3154155763401          
68241.87151794322         51.97926878790354         88.18873897834393         
68341.18634430924         49.46991051663564         96.20756658341456         
68440.49304892542         46.40895513512351         103.3240482675796         
68539.79047886096         42.90588289163484         109.5900745909936         
68639.07724261517         39.05447525938832         115.1076580700053         
68738.35175757995         34.93115662896534         119.9942191020062         
68792.13200833183         32.60568951533636         122.4188653126071         
68824.53153901733         31.1782369515742          123.8135568074679         
68867.08275818964         29.27646517394222         125.5768207451328         
68925.38290559314         26.62641602849293         127.8790127498751         
69007.85487924004         22.8031895652209          130.9424430293321         
69105.02200772753         18.209124673917           134.3158807168056         
69203.9579768898          13.45660452318231         137.5515258653584         
69228.97796037141         12.24554087027582         138.3451462957445         
69256.80166814709         10.89522871757995         139.2181878075486         
69336.83969741687         6.994080802787143         141.6842702490259         
69433.59679273563         2.256139938732082         144.6064151605763         
69532.45555859758         -2.592779219496817        147.570235024703          
69631.55880550621         -7.444121786098687        150.5672518963004         
69730.69373286562         -12.26904027490347        153.6407087853028         
69829.83639598824         -17.04655869735992        156.8427929586583         
69928.98888071068         -21.75453425654412        160.2320215701251         
70028.15618348541         -26.36723300422308        163.8749851741538         
70127.34292860841         -30.85354773529473        167.8487240976046         
70226.55254846904         -35.17490357342922        172.2428553841327         
70305.04754993599         -38.44475010450527        176.0840525413984         
70333.93860852811         -39.60880294349595        177.591149388888          
70363.00805958454         -40.75603893165808        179.1628189756228         
70439.69883407699         -43.65326303657595        -176.4025980845398        
70536.15994270658         -46.98224590740503        -170.1654001532139        
70635.14187131077         -49.94552710031035        -162.9171216498723        
70734.42086661234         -52.34698608194592        -154.74689923913          
70833.73936425196         -54.0612432436975         -145.7410464090682        
70933.06493129348         -54.98500731680248        -136.1212317134571        
71032.39053196739         -55.05479258581107        -126.2514624290848        
71131.71226020204         -54.26543374924428        -116.5629227949804        
71231.02586794412         -52.67171498992264        -107.4373845931108        
71330.32888085581         -50.37132518903834        -99.11994846178781        
71429.61727216607         -47.48009245689143        -91.70269704108966        
71528.8881296874          -44.11138814048856        -85.16117463612021        
71628.13922519563         -40.36477374671891        -79.4054241999371         
71681.93547741976         -38.20554115250455        -76.57306858721861        
71705.02224398078         -37.2550407850575         -75.41318782923895        
71727.74477839703         -36.30667549346084        -74.30216668752726        
71792.57166506723         -33.53711143558278        -71.28700523459818        
71887.10105326027         -29.353105332589          -67.25076767338216        
71985.72485949844         -24.84069173509483        -63.41420902240547        
72084.79224139592         -20.19181250547195        -59.86246923486544        
72183.88598291203         -15.45452703769718        -56.53980727495262        
72282.96366606373         -10.65548370141826        -53.38424252411962        
72382.02572241426         -5.816076152523451        -50.33934884015759        
72481.07762649888         -0.9553750880534758       -47.35333697137127        
72580.12088203104         3.908432214584004         -44.37710518466086        
72679.15970468894         8.757471498589647         -41.36190464464685        
72778.19977048784         13.5732383199025          -38.2572619222864         
72877.24707007874         18.33558950695523         -35.0088222688188         
72976.30855090683         23.02166181900442         -31.55599860389747        
73075.38881400833         27.60434744065126         -27.82962482532838        
73174.49391509872         32.05074330079715         -23.74938266569032        
73273.62667646958         36.31974902934967         -19.22203824466403        
73308.71919037309         37.77879085602147         -17.4929107542997         
73329.3634400703          38.62261719349006         -16.44138925673663        
73351.4601370669          39.51310701246901         -15.28626290029658        
73414.724071417           41.98318035561149         -11.79809945497084        
73509.07999633346         45.41283285703621         -6.043421102130094        
73607.76983583346         48.59890571407157         0.7723527922947568        
73687.6770109171          50.80871557608212         6.936895751071246         
73711.05429403251         51.38311905197281         8.851341302682577         
73733.42629662948         51.89967348208938         10.72963593608057         
73762.68466677284         52.52403354760518         13.25247243496723         
73825.86066123331         53.6612608093185          18.93993980176888         
73920.08162409766         54.77360431072905         27.92314134591426         
74018.83849388687         55.12787277966817         37.7011318394281          
74118.09223975288         54.62291507929568         47.48972125897384         
74217.40449025529         53.28976827370401         56.83621439120724         
74316.72333459137         51.21432495139128         65.43962561951355         
74416.03726545582         48.50910217581028         73.1583230699129          
74515.34451699117         45.28993954318803         79.9836471368434          
74614.64172941633         41.6616945651779          85.98884349944029         
74713.92689547502         37.71237473369239         91.28402390682201         
74813.19732269039         33.51299733337294         95.9868398640655          
74849.72849492915         31.91610145234338         97.59086497204625         
74877.96394546749         30.66537387823442         98.78930947600793         
74903.7704820279          29.51063502894692         99.85524840675703         
74976.18427276611         26.21741815505901         102.7104450647598         
75071.96244498482         21.76066874536818         106.2243533532148         
75170.75226791203         17.07023266014175         109.6019241632105         
75246.60438521532         13.42039717460504         112.066055746848          
75275.03822157159         12.04375705895664         112.9670511408935         
75302.56790150888         10.70723303164898         113.8295568618845         
75380.02671680879         6.931134817394817         116.2143428291331         
75476.4689935022          2.208471075194878         119.1265665073854         
75575.29382491484         -2.638719848842324        122.0895059959604         
75674.39570641145         -7.489757722783541        125.0870877799282         
75773.53139097104         -12.314290728426          128.1616631255598         
75872.67446522601         -17.09120191539014        131.3653858442383         
75971.82714608498         -21.79832413964639        134.7568389960904         
76070.99568068516         -26.40993693381856        138.4027446306984         
76170.18327227561         -30.89480368295246        142.3802010252946         
76269.39336896176         -35.21426798466152        146.7789435039533         
76345.25105038192         -38.37491286968767        150.4893824732854         
76386.05616028653         -40.01403565901875        152.629334101215          
76430.76402009465         -41.75384417964112        155.1020273097425         
76512.89552869275         -44.77418143389212        160.0287732246674         
76610.08559352485         -47.9949740089302         166.5747580609855         
76709.15326679824         -50.78905790534389        174.1197582067426         
76808.44344376819         -52.98062974207819        -177.4259352643331        
76907.76305724867         -54.44890752056723        -168.1903143949346        
77007.08797804546         -55.10079200289977        -158.4450424312263        
77106.41136181075         -54.89023539929732        -148.587417839494         
77205.72955330135         -53.83230031760017        -139.0452907615699        
77305.03904437646         -51.99815561887115        -130.1624953588211        
77404.3363903882          -49.49404342370052        -122.1331388797076        
77503.61820358085         -46.43679920935097        -115.0061484518961        
77602.88223152747         -42.93609545484882        -108.7305352648203        
77702.12585750269         -39.08599483309715        -103.2046715684588        
77736.96092114551         -37.66627742994442        -101.4207714445936        
77761.72895876225         -36.63798368122662        -100.1968967103382        
77784.05559284147         -35.69851524606371        -99.12366054351428        
77846.55266477494         -33.01112007669852        -96.25967579766164        
77936.06186136603         -29.03457484122852        -92.47532875208749        
78034.08978438238         -24.54075261958147        -88.68487104017012        
78133.0840148963          -19.88907646476643        -85.15266556658533        
78232.16414472554         -15.14795958702721        -81.84291769482066        
78331.23591234908         -10.34618382410098        -78.69616735762118        
78430.29278679751         -5.505301960072048        -75.65662031885032        
78529.33934364701         -0.644327696439339        -72.67275631743152        
78628.38252971414         4.218859455385545         -69.69541056230618        
78727.42204387905         9.06614594384677          -66.67593034841568        
78826.46423606202         13.87898375097162         -63.56364173178358        
78925.51436045906         18.63705149152329         -60.30388749272241        
79024.58054196322         23.31732004645853         -56.83555843547628        
79123.66623433772         27.89230503713943         -53.08888328837658        
79222.77723775478         32.32864447437771         -48.98276406054835        
79321.91757207038         36.58468349702561         -44.42303332778735        
79356.0405158205          37.9984257146773          -42.72999629951024        
79378.65770134376         38.91904153411947         -41.56908082021364        
79399.33597318595         39.74850221471805         -40.4792720257166         
79461.09207806876         42.14970821461224         -37.05210965314218        
79555.17027899623         45.55394203423215         -31.28273258751963        
79653.83053394035         48.71963637606124         -24.43326520511884        
79733.30918778665         50.89970292648602         -18.27348053535423        
79756.79796886398         51.47122290023957         -16.34200147733943        
79778.8068476133          51.97408576342314         -14.48718556853127        
79807.0664647501          52.57135324131827         -12.04342772990314        
79868.22352936724         53.66575442117741         -6.531051322200776        
79960.86454109754         54.76234996718614         2.299440738460361         
80059.43666190142         55.12681103217014         12.05635888413772         
80158.66977822734         54.63376338019053         21.84586379249602         
80257.98120300751         53.31170000602802         31.20043514395271         
80357.2995604598          51.24594731504927         39.81514827637367         
80456.61481681745         48.54875694166292         47.54636524824939         
80555.92375814449         45.33605246497072         54.38375462308594         
80655.22233189549         41.71291970917552         60.39969184581562         
80754.50942348689         37.76757643978658         65.70404801969485         
80853.78316019196         33.57122567470142         70.41451097397827         
80898.57406024821         31.61107246671159         72.37561974926072         
80929.00762078352         30.25887248971917         73.65693669628496         
80956.48573944345         29.02505179588265         74.78095383814426         
81037.95022729319         25.30328967792644         77.94912149538028         
81134.96054399293         20.76779038837411         81.45188311678478         
81233.89228238957         16.05380433715917         84.78946607699943         
81301.15528319729         12.81041016543175         86.95613327329141         
81324.8174172244          11.66362108286011         87.70273764694457         
81352.09358094726         10.33851434361066         88.5548646996765          
81397.55533898715         8.12349515940717          89.95778451210809         
81488.17649551202         3.690807649631048         92.70738919965146         
81586.31627733121         -1.122084799185975        95.65151411486777         
81685.33900987823         -5.974112933636893        98.63337759037351         
81784.46800945094         -10.80905509442835        101.6786134522794         
81883.61206658883         -15.60315173568628        104.8361786134706         
81982.76469181292         -20.33469980943993        108.1623983237224         
82081.93026267691         -24.97921679586364        111.7211568663795         
82181.11369485268         -29.5074248100536         115.5860724529766         
82280.31821673503         -33.88323234919555        119.8427311557757         
82379.54758697888         -38.06143417147157        124.5902354009546         
82408.50658236304         -39.23545578836438        126.0838273550063         
82442.31577335158         -40.57645171549532        127.8961764965284         
82477.61442675255         -41.93952005199279        129.8720845102194         
82565.24723195471         -45.13721373365113        135.1811202735219         
82663.16093058558         -48.33387313898156        141.8672462806207         
82762.31587330112         -51.06767590665901        149.520259908627          
82861.61791936029         -53.18321798034248        158.0715179634947         
82960.94029069645         -54.56324971339745        167.3806865709006         
83060.26513699908         -55.1189995831215         177.1594618037411         
83159.58833594341         -54.81095435066792        -172.9983885582174        
83258.90465093544         -53.66115110888773        -163.5166367895599        
83358.21196313482         -51.74593527156284        -154.7239353103908        
83457.50716798939         -49.17386795299344        -146.7966130631398        
83556.7873111926          -46.06164576373172        -139.7697218642153        
83656.04867998045         -42.51747549230471        -133.584420872976         
83755.28961505042         -38.63341553364984        -128.1358458789966        
83783.24502442265         -37.48845499971581        -126.7176367594387        
83810.63943553017         -36.34746172853436        -125.3729116709949        
83840.98198871361         -35.06324785962636        -123.9325672812702        
83922.68639334943         -31.51027440155135        -120.2868644152187        
84019.68969785376         -27.14153522069621        -116.3364932027901        
84118.58002943918         -22.55615534461256        -112.648166809483         
84217.66153599601         -17.86070757717872        -109.2179437450804        
84316.7427065433          -13.09076749426809        -105.9853262584562        
84415.80635335995         -8.27004023318149         -102.8912152108204        
84514.85554673709         -3.418626255150819        -99.8817686405132         
84613.89705747133         1.445121997173813         -96.90671407523476        
84712.93611524161         6.303402628568469         -93.91733003351364        
84811.97805156698         11.13816251482057         -90.86427561033207        
84911.02494536899         15.93002940409002         -87.69555624813076        
85010.08245726116         20.65762994827134         -84.35406872457729        
85109.15751080029         25.29624819244562         -80.77526404774447        
85208.25460958295         29.81611762774884         -76.88479118626076        
85307.37887170399         34.18061836976765         -72.5961063202176         
85406.53401589952         38.34374914207329         -67.80919298821149        
85440.12463378021         39.69824363816495         -66.05537106795623        
85472.52996652387         40.97423152302387         -64.29300135281181        
85523.54202701245         42.91549697309227         -61.36844107894263        
85615.62580919126         46.17840375319459         -55.57822079035256        
85714.05266385991         49.24920961680876         -48.58465464569791        
85784.76006266428         51.13201791837305         -43.01483681445445        
85806.96140133077         51.65965925006594         -41.17161704495864        
85831.18878230453         52.19814710175134         -39.11006474833717        
85902.29560530279         53.53813017003294         -32.77472766149212        
85996.39670014149         54.70747442735833         -23.84490317570387        
86095.13996515889         55.12779611311984         -14.08407269440285        
86194.39040845027         54.68920064307104         -4.278053012465665        
86293.70124230627         53.41771237444981         5.114906955857934         
86393.01790085156         51.39607875601246         13.78235299821775         
86492.33219884336         48.73555623160544         21.57110679571748         
86591.63993820548         45.55238361034085         28.46371324833282         
86690.93939519953         41.95250274619339         34.52891007351788         
86790.22682154318         38.02533525243906         39.87505983858332         
86889.50174795464         33.84306080231712         44.61998830100102         
86988.75814700732         29.46318474166492         48.87482685433145         
87087.98781711375         24.9314088086103          52.73818272096073         
87187.19217240578         20.28390940291703         56.2956362446973          
87286.37390756048         15.55007201221719         59.62077256165182         
87347.68381911563         12.59101997528635         61.58856368978005         
87368.79779380979         11.56738667786913         62.25390292385615         
87389.5846938598          10.55763367205654         62.90361665728236         
87416.55221882975         9.245030911806055         63.73946201362376         
87461.14920114633         7.068843052974122         65.1068957179306          
87551.88654593658         2.626438433041464         67.84933703004681         
87650.03900936572         -2.187717877294911        70.79231271524174         
87749.06267198967         -7.036525911488081        73.78321592601607         
87848.19269530708         -11.86414936859138        76.84851214276949         
87947.33964137267         -16.64654383785701        80.03808139224367         
88046.49672807427         -21.36137635724863        83.40961978907629         
88145.6679611234          -25.98322911658788        87.02892176287166         
88244.85619550105         -30.48143242721419        90.97198149811689         
88344.06571540749         -34.81816692258836        95.32729997326476         
88427.64374949038         -38.31087046644512        99.39002154654467         
88471.04351503076         -40.054428881867          101.6653565615253         
88511.70460225549         -41.63796784385809        103.9113491213691         
88597.09529466927         -44.78209526834605        109.0246404973405         
88694.7120787343          -48.01480167614145        115.6030729928137         
88793.83587660268         -50.80642413501111        123.1583770064301         
88893.13689325936         -52.99318704440183        131.6194496451972         
88992.46223556111         -54.45572123591191        140.8599377109213         
89091.7899041553          -55.1013189811362         150.6071674904603         
89191.11494282261         -54.88442581949816        160.4634131573407         
89290.43333170703         -53.82059592826919        170.0011011870814         
89389.74257729715         -51.98134417399454        178.877532553533          
89489.03842525324         -49.47308378884622        -173.1002612859174        
89588.31879539648         -46.41260087383577        -165.9801739432557        
89687.5817684806          -42.90943581324216        -159.7106930896725        
89786.82515148539         -39.05748502847383        -154.1899940818295        
89819.46615139022         -37.72762768711359        -152.5177473770599        
89839.24198426539         -36.90859834623749        -151.5359900074901        
89860.78712521121         -36.00554277880615        -150.4920578485629        
89920.68668684224         -33.44078271651856        -147.7209230631962        
90004.82576413779         -29.72129417420115        -144.1179800528437        
90102.17717264313         -25.27942944791969        -140.3007250086312        
90201.0962702916          -20.64792015830281        -136.7285679849359        
90300.17089289613         -15.91943964743056        -133.3871376690429        
90399.24341803417         -11.12629770051133        -130.2181071371803        
90498.29877713928         -6.290875467541612        -127.1650156893993        
90597.34385887859         -1.43232204897936         -124.1756828614024        
90696.38216604944         3.431217644547662         -121.2008117375972        
90795.42247010395         8.282119406769498         -118.1915798274955        
90894.46756598772         13.10184627820163         -115.0978589538865        
90993.51999687497         17.87029264784071         -111.865875731355         
91092.58479756536         22.56482945007404         -108.4358214024373        
91191.66853737552         27.1589160430504          -104.7394216419444        
91290.776928782           31.62029304761596         -100.6975537555032        
91389.91224181373         35.9087319152808          -96.21833737298184        
91445.59930743417         38.2228323360923          -93.47209800094925        
91472.53177802777         39.31353700342392         -92.07675164864183        
91496.82812142419         40.28006273388789         -90.77775269299487        
91565.72187084239         42.92129394711277         -86.87119834953661        
91660.96360555384         46.28945907855169         -80.86881558978629        
91759.76525513688         49.35490725016405         -73.81762221188892        
91827.4158141925          51.1478966796208          -68.47512882645179        
91858.85010072961         51.88418760136042         -65.85055949763634        
91888.15441208426         52.51065484343063         -63.32530286300943        
91934.21952287899         53.37126727858212         -59.21097682240925        
92025.23060574895         54.58831136057716         -50.63798340603822        
92123.57070866274         55.1215189780611          -40.94875548962132        
92222.77263079304         54.80110766003374         -31.12069386433516        
92322.07651437493         53.64019558585929         -21.6489279702718         
92421.3923107367          51.71540809972168         -12.86882737906931        
92520.70625165943         49.13565149154813         -4.955436925765802        
92620.01317661488         46.01763644226775         2.057795390331115         
92719.31214892538         42.4692494227704          8.230890247087071         
92818.59934109962         38.58232442277529         13.66893564119056         
92917.87530005677         34.43125882387248         18.48975118015336         
92991.55079405755         31.21498764288411         21.73578990972348         
93016.18923068745         30.11770490186666         22.76683292884772         
93044.58380044671         28.84107268184897         23.92434217688902         
93077.72813447518         27.33573782344114         25.23661488909565         
93149.40499750664         24.03078136432781         27.94606145227695         
93245.06163453916         19.53229836869683         31.33159616018824         
93343.83644044865         14.80626786878784         34.61273051830918         
93402.59687094949         11.96553743726479         36.48637513233938         
93427.44821567321         10.75897151816615         37.26495808446372         
93451.64228675421         9.581827467479551         38.01624423000111         
93521.66433170205         6.163750198146624         40.16037351006548         
93616.91029026406         1.497234369238477         43.03054018636711         
93715.61935617356         -3.344119332421552        45.99106968087307         
93814.70466853352         -8.191562886309606        48.99625622177935         
93913.84081357392         -13.01056123673822        52.08634966897041         
94012.98997340491         -17.77914388409704        55.31384291143059         
94112.14835636783         -22.47439037316324        58.73814755755013         
94211.32065968122         -27.06983756837003        62.42729709181287         
94310.51222837996         -31.53341036639928        66.46017637100633         
94409.72593504703         -35.82514765776133        70.9284496831078          
94471.26266278792         -38.37864835187596        73.963650443353           
94507.06733178813         -39.81935193926068        75.83576261754166         
94557.29610782582         -41.77727416443083        78.60644796180755         
94623.14818067243         -44.21732912870583        82.5178343357843          
94713.39348207694         -47.28433650055335        88.44769579981056         
94811.65588160511         -50.17915373452241        95.72412440069007         
94910.86131816264         -52.52338120703565        103.9651415412272         
95010.17805371666         -54.17260937355044        113.0345037977332         
95109.50821990846         -55.02408692398276        122.6918603971537         
95208.83789230138         -55.0186911806154         132.5627656025415         
95308.16027778201         -54.15674670402916        142.2154080477942         
95407.47343667317         -52.49767036998427        151.2776402695729         
95506.7735964898          -50.14174652988862        159.5179675858104         
95606.05785290245         -47.20525965401085        166.856463580296          
95705.32353480812         -43.80067895413139        173.3252456224093         
95804.56940566655         -40.02606106101613        179.0178382486168         
95867.79145229375         -37.46582334805517        -177.7070231941345        
95891.54967122013         -36.47696466876136        -176.5391531609411        
95914.04000858311         -35.52861261488066        -175.4630267745776        
95977.9813972651          -32.7730044219423         -172.5483516845377        
96072.38311754772         -28.56683551907569        -168.5888949474424        
96170.98519412102         -24.03315743778653        -164.812021764448         
96270.04019615706         -19.36807613145362        -161.3061984808143        
96369.12326740567         -14.61913422335553        -158.0175965289932        
96468.19040916162         -9.812378944464573        -154.8857259390147        
96567.24264705554         -4.968720456253256        -151.8551699188639        
96666.28455572063         -0.1070059307464651       -148.8747935875628        
96765.32288709423         4.754939859013315         -145.8955846751994        
96864.36447169399         9.59931916711048          -142.8685848477532        
96963.41303077061         14.40731492810803         -139.7428584017737        
97062.47083152412         19.15820440090742         -136.4632461982219        
97161.54231248656         23.82839094624103         -132.9679094350882        
97260.63371828059         28.38995897353468         -129.1858564116459        
97359.74919731962         32.80868583327377         -125.0346784765937        
97458.89350842917         37.04189187579259         -120.418674278897         
97499.86865645042         38.72464655004701         -118.350487702608         
97523.58376431512         39.67812317391148         -117.1057076570671        
97545.25747967418         40.5354321623956          -115.9357267088656        
97609.48020704091         42.98913918747964         -112.275176587273         
97703.82029204629         46.32056688315281         -106.3194346092537        
97802.52391202375         49.37897364377536         -99.26775954232771        
97875.60297022574         51.30034236039224         -93.4729715469286         
97902.85354473162         51.9313042182448          -91.18756966950681        
97927.74584458675         52.46380328993163         -89.04279201457486        
97968.30575836357         53.23693363716934         -85.43672165492256        
98057.75280701928         54.49524965808249         -77.0600528617212         
98155.89619001839         55.10844068358792         -67.41723239815347        
98255.0769146299          54.87193052138304         -57.57701106413767        
98354.37929324107         53.79013385386826         -48.05275881286673        
98453.69569970062         51.93510204184611         -39.19467587647011        
98553.01099660574         49.41377147540719         -31.19323476094001        
98652.31982823461         46.34298454742286         -24.09375358594656        
98751.62018921692         42.83198124626073         -17.84303701546401        
98850.90924091637         38.97426447742281         -12.33859341067977        
98950.18693901366         34.84588163286417         -7.462848909260882        
99049.45016764104         30.50744723950696         -3.102215012246275        
99078.4014832112          29.20955748614914         -1.912271933676178        
99107.37556476379         27.89785398268053         -0.7541240303014013       
99188.01021842519         24.18779964634337         2.314863764748936         
99284.93590252474         19.63208886466229         5.752163101892577         
99383.84868137073         14.90072829664233         9.041674216598569         
99444.78401049273         11.95504457311717         10.98543136779151         
99472.26587272016         10.62053153221846         11.84591777944198         
99497.62793937698         9.38617569391522          12.63254544407446         
99569.96846903348         5.853706962045687         14.84469284218605         
99665.57763222372         1.168373712357286         17.72345182148375         
99764.29810768459         -3.673441470086335        20.68501993768939         
99863.38291807333         -8.519535647992711        23.69420855836327         
99962.51709483331         -13.33581001680797        26.79176245226386         
100061.6638941108         -18.10020688673628        30.0305306922994          
100160.8215066721         -22.7896785592162         33.47047944817394         
100259.9940378685         -27.37740696270925        37.18028805285091         
100359.186276386          -31.83083492510006        41.23964660595633         
100458.3989721956         -36.10929263309382        45.74104880475117         
100512.2194629977         -38.33903494203367        48.40449870512811         
100545.1653788332         -39.66697404378432        50.12205082439279         
100577.7886129799         -40.95132446623155        51.89311409984983         
100666.433298192          -44.26622871893532        57.09253651703979         
100764.4661016762         -47.57525779856393        63.57851951154997         
100863.6359350523         -50.44574382844041        71.00937711808923         
100962.9475719994         -52.72682035008752        79.34894802019636         
101062.278136122          -54.29880699137215        88.49342627601999         
101161.6117541911         -55.06439294903322        98.19248973156201         
101260.9427954536         -54.9701277913696         108.0614867528683         
101360.266316263          -54.0227783404199         117.6694132808542         
101459.5787849044         -52.28705931904945        126.6557230667021         
101558.8775877957         -49.86604808668325        134.8052208402885         
101658.1609103596         -46.87638814481824        142.0518534217092         
101757.4248738703         -43.42945714678984        148.4361999182266         
101856.6678740317         -39.62160226171272        154.0556070031448         
101905.6131690508         -37.63519331029985        156.5814108322479         
101927.267641027          -36.73658035515527        157.6523494766387         
101948.6093226937         -35.83996523761772        158.6815509197839         
102006.7838251591         -33.3450753656719         161.3634992191503         
102099.8663773178         -29.21934177657372        165.3225454221797         
102198.3272594749         -24.71084659139169        169.1426163027229         
102297.3693281296         -20.06064777488113        172.6857966144307         
102396.4540536515         -15.32205691638488        176.0024558666784         
102495.5238071037         -10.52230456181491        179.1537481921323         
102594.5761936717         -5.682837548865352        -177.8041761138845        
102693.6188098742         -0.8225701811365201       -174.8195825255889        
102792.656731687          4.040513138390224         -171.8433231952288        
102891.6980412556         8.888727496721065         -168.8265259981501        
102990.7458981383         13.70341361845809         -165.7187106755648        
103089.8021474015         18.46416535597299         -162.465501927391         
103188.8716245652         23.14792589587007         -159.0061727375257        
103287.9611818353         27.7275586133221          -155.2711973622457        
103387.0738970465         32.16983496309638         -151.1800269883755        
103486.2140333396         36.43346695248839         -146.6389936030687        
103546.3550629327         38.9107110144052          -143.6210141074482        
103568.1915744441         39.78644736222814         -142.4697261171939        
103588.1496825954         40.57482004985895         -141.3899014612338        
103648.6832250841         42.88940125610961         -137.9435675416545        
103742.522284342          46.21422933056704         -132.0421008235896        
103841.1581822089         49.28648431680449         -125.0239712373573        
103914.5467988681         51.2296860288549          -119.2256729309732        
103937.9621007247         51.77939209291745         -117.2721399474701        
103960.395682021          52.27168524616766         -115.3548666132101        
103984.886604175          52.76912450894983         -113.2123525585243        
104038.6056574993         53.70590939719343         -108.344128741141         
104120.9768814035         54.69975198468841         -100.5026803974632        
104218.203460006          55.13144126681125         -90.89482714727471        
104317.2786119278         54.7189304885471          -81.09873921212979        
104416.5715759853         53.47195007048643         -71.68852103955655        
104515.8890143619         51.47147811744097         -62.9950518867396         
104615.2046045288         48.82844999365427         -55.17802744015852        
104714.5145950606         45.6592311366877          -48.25832064851301        
104813.815313112          42.07029383594408         -42.16915574985538        
104913.1047375966         38.15154958805413         -36.8026864856764         
105012.3812044971         33.97573090198069         -32.04109933445585        
105096.5102049639         30.27856490885462         -28.39573670785236        
105140.7592850737         28.28614772099357         -26.59938424140458        
105186.6213549511         26.1912955692674          -24.81420172710295        
105271.1499710334         22.26233066050301         -21.70080324678129        
105368.5425226344         17.64733382515991         -18.34583931794833        
105467.5047564902         12.88586471708675         -15.12893357611612        
105501.8272521906         11.22166851451254         -14.04757719575587        
105524.5507198269         10.11697805232345         -13.33945219610818        
105545.2034178539         9.111194193257225         -12.70060747651431        
105605.2115611732         6.180943067848409         -10.86559837590587        
105698.8474984188         1.593282900109263         -8.043698313122084        
105797.3476440297         -3.238061879710742        -5.089727891230648        
105896.4075667667         -8.084898978179611        -2.086664440369979        
105995.5390252755         -12.90473052410451        1.00080165210199          
106094.6880072006         -17.67483387690249        4.224582809841282         
106193.8473859336         -22.37219432253597        7.643842368842106         
106293.0203612661         -26.9703792125002         11.3263615035628          
106392.2114525107         -31.43742114156424        15.35073476419077         
106491.424066911          -35.73358201061276        19.80835173001159         
106553.7915161694         -38.32432782025157        22.87819198793331         
106588.2180868182         -39.71157993220475        24.67377348554013         
106619.5253350306         -40.94369980899164        26.37435088028845         
106669.3894916796         -42.84237277987412        29.22556001986379         
106761.2439720193         -46.10308900961115        34.98110083579404         
106859.6831584582         -49.18414225416093        41.95098572007845         
106958.9079537545         -51.75225167020216        49.87156663955675         
107058.228679304          -53.66625067272894        58.66460933656182         
107157.5616096379         -54.8149744999421         68.14792344051769         
107256.8946374115         -55.12174725056315        77.99183158602894         
107356.2213699566         -54.56446652496723        87.77220140256121         
107455.5393627961         -53.18260844730671        97.08276712964164         
107554.8453696189         -51.06457324871052        105.6363243074797         
107654.135951749          -48.32363679993848        113.301110047423          
107753.4090016619         -45.0753488762964         120.0749176634264         
107852.6615138166         -41.42368821485015        126.034439865685          
107951.8919301219         -37.45563987528108        131.2909825442974         
108009.3273272621         -35.04203290716924        134.0592317931777         
108072.5002099411         -32.30528112606539        136.9040899364348         
108166.7620455846         -28.08866542962111        140.8160032148548         
108265.3474137769         -23.5423365405197         144.558019053371          
108364.399954048          -18.8671653291747         148.0374270575062         
108463.4823099012         -14.11077733854401        151.3066386065387         
108562.5484870048         -9.298937142695415        154.4252624110611         
108661.5985252778         -4.4523553507942          157.4481161181923         
108760.6399272569         0.4104026502014557        160.4260915734007         
108859.6793207224         5.271547685994911         163.4080924075276         
108958.7229710422         10.11320175025144         166.4431824030115         
109057.7707031392         14.91620935559522         169.5825246460617         
109156.8271787139         19.65970729634134         172.8819359071324         
109255.8999383356         24.31985120743143         176.404209175554          
109354.9939237651         28.86809287305077         -179.7785848767108        
109454.1129653226         33.26940635267473         -175.582692840253         
109553.2612821436         37.48002780617045         -170.9109699663483        
109594.1260030959         39.14711296756111         -168.8221123428008        
109618.3642036398         40.11430993702093         -167.5329826702223        
109640.2663611691         40.9734125831258          -166.3341931552032        
109704.2919640895         43.39597640497803         -162.632939448561         
109798.6247021472         46.68526356238061         -156.5924350334683        
109897.3314005882         49.68892320087117         -149.4426011925403        
109977.790469618          51.73196873410852         -142.9543559585394        
110006.1410086113         52.35234944130077         -140.5292239632876        
110032.5952879619         52.88055638403639         -138.2042384583738        
110106.5190914436         54.07924955601192         -131.4187235756081        
110202.5147608481         54.97491799260904         -122.1203684878322        
110301.4435389661         55.06332672466803         -112.2906057076524        
110400.7192907855         54.29475720857029         -102.5984493238078        
110500.0361941871         52.72012312628318         -93.45762932501626        
110599.3556061876         50.43641630052972         -85.12048291522078        
110698.6700739129         47.5593194460845          -77.682724982861          
110797.9775046115         44.20235737496419         -71.12202627964729        
110897.2741710604         40.46548292561467         -65.34958854652352        
110996.5593474917         36.43123325036822         -60.25051095380938        
111095.8318567718         32.16569476130692         -55.70826476821122        
111152.5156272808         29.64667923976427         -53.32256311079745        
111182.2482844815         28.30477893715562         -52.12356942712704        
111212.0152407442         26.94853270959276         -50.95610595256608        
111294.3265411654         23.13953402808828         -47.88041164179435        
111391.4418059983         18.55413550465854         -44.49168742263802        
111490.3769230354         13.80621155818325         -41.24323985476085        
111547.3392005078         11.0465663674672          -39.44264997168184        
111572.5739142043         9.819319226334491         -38.65763231048854        
111597.3485827446         8.612091165398605         -37.8932721605303         
111671.5985949151         4.983048586801925         -35.63206921899639        
111767.5815569353         0.2775283124526567        -32.7475635569045         
111866.3610424614         -4.565913159118616        -29.78128128350113        
111965.4559871997         -9.407883200147497        -26.75981310421019        
112064.5953942672         -14.2162137006606         -23.64055550542506        
112163.7493474991         -18.96877069564264        -20.3695084339829         
112262.9155492061         -23.64184512598163        -16.88533134289134        
112362.0969219483         -28.20764171784636        -13.11753892931961        
112461.2966183689         -32.63225004635253        -8.984246011242869        
112560.5185294524         -36.8734079689148         -4.39031757841786         
112598.5576612875         -38.43961859134841        -2.484860231266397        
112627.8070732718         -39.6180498577059         -0.9589476029913544       
112654.4619506341         -40.67075581713404        0.4804237215223794        
112731.2491765246         -43.57707979441707        4.908547415015554         
112827.7194253053         -46.91464153883513        11.12958459350871         
112926.7054416589         -49.88864230029709        18.35941823995332         
113025.9968454251         -52.30341028548637        26.51196064025692         
113125.3269289504         -54.03317761965313        35.50302094728379         
113224.6620067279         -54.97410767447325        45.1140019705834          
113323.9945608191         -55.06172786647409        54.98319212802883         
113423.3193904627         -54.28967953397913        64.67948604091238         
113522.6341835107         -52.71170208741957        73.81924826176692         
113621.9362456002         -50.42489552039689        82.15422049118422         
113721.2212419254         -47.54498619127706        89.58948136174688         
113820.4881666577         -44.18548617371581        96.14779097885483         
113919.7336848476         -40.44632199308219        101.9181491837039         
113984.7738765995         -37.82977461395809        105.3278978245811         
114013.8929065084         -36.62213928755935        106.7697649754995         
114040.8052929095         -35.48806348131109        108.0593844852652         
114084.1867171694         -33.6266099642127         110.0570340413055         
114174.5218921686         -29.63497824185639        113.9303297939049         
114272.6444098866         -25.15449472217933        117.7697061777107         
114371.6568342643         -20.51543750253747        121.3376528424154         
114470.7455654978         -15.78380936066863        124.6737614354649         
114569.8213196592         -10.98868288606833        127.8387916861561         
114668.8792297966         -6.151883654879417        130.889398805022          
114767.924896488          -1.292581630735828        133.877625547676          
114866.9641334214         3.571207594380084         136.8527985198241         
114966.00526697           8.421829163921574         139.8637454364231         
115065.0491099688         13.240615327966           142.9606112265309         
115164.0995754045         18.00746623940921         146.197349779004          
115263.162378897          22.69968980607841         149.6340004001226         
115362.2446643421         27.29063242300411         153.3391421284639         
115461.3500140607         31.74774404727318         157.3921641858003         
115560.4832497425         36.0306494555775          161.8854444334881         
115634.4371212064         39.08154811931537         165.5857283095199         
115655.4701062851         39.92279822837796         166.6999824669936         
115678.683046787          40.83624312692114         167.9639745941356         
115745.5345493741         43.37040298124042         171.818555041249          
115840.479860804          46.68250110137097         177.895614930136          
115939.2493238789         49.6882590953463          -174.9500868713769        
116012.3371227295         51.56112666193001         -169.0806258320048        
116040.1714790845         52.18462272295999         -166.7182475409734        
116072.145440639          52.83466126809999         -163.9219289018782        
116122.0040322281         53.69851358209439         -159.3974929773442        
116213.691273483          54.77231836030241         -150.6490306804311        
116312.1182447649         55.12766355601759         -140.9038143415824        
116411.3363497308         54.62666881284981         -131.1173253150818        
116510.6464710203         53.29714853848724         -121.7678813411007        
116609.9648234434         51.22479400140949         -113.1603626312358        
116709.2811572948         48.52199341268404         -105.4370659505306        
116808.5906505701         45.30468686430971         -98.60742915463427        
116907.8904690337         41.67780225909157         -92.59842583508237        
117007.1780009894         37.72946545330168         -87.30005548694632        
117106.4529814641         33.53067758092784         -82.59452889548491        
117205.7059688726         29.13813073449007         -78.37161574488829        
117239.0948376968         27.62478044884081         -77.04175936943714        
117272.6419157814         26.08867359475275         -75.74583174716255        
117326.0834978311         23.61267106265484         -73.75670073754132        
117404.0157370619         19.94734472149832         -70.99962260308637        
117500.5040612072         15.33765557750085         -67.77620484033437        
117599.3526229402         10.55482861504104         -64.63558156342606        
117637.8057163325         8.682304915863            -63.44602319437475        
117672.7468159748         6.976500833421333         -62.37671860855128        
117728.4433756722         4.251070882736555         -60.68941416000067        
117810.9552731621         0.2053086199681316        -58.21185386369426        
117908.083789784          -4.557012723347397        -55.29512153835505        
118006.9875573507         -9.389565757183524        -52.27974444837217        
118106.103063107          -14.19675764756364        -49.16178996979291        
118205.2557983436         -18.94936750977102        -45.89160081896091        
118304.4226660975         -23.62268761544049        -42.4085077161582         
118403.6059640581         -28.18891326809148        -38.64208332925315        
118502.808623272          -32.61415175079778        -34.51049474766126        
118602.0333902794         -36.85613014455762        -29.91870773552991        
118640.3950919048         -38.4357992375415         -27.99772947987808        
118672.2450458212         -39.71787778044111        -26.33371976878871        
118701.8044943456         -40.88176705024346        -24.72963148445315        
118783.5768804071         -43.95451973144381        -19.96604989437921        
118880.7391130249         -47.27201824004217        -13.61312024979989        
118979.8190174857         -50.19076709571259        -6.276309919659913        
119079.1214489029         -52.53428442383417        1.976662416188713         
119178.4539709333         -54.17986961026382        11.05111212788033         
119277.7892586775         -55.02699385362371        20.71110535486321         
119377.1216100315         -55.01701827787721        30.58226113635992         
119476.4470739756         -54.15061251519028        40.23300272911067         
119575.7609900669         -52.48751107332421        49.29148105956756         
119675.0604017987         -50.12817404437282        57.52713093654938         
119774.3428766378         -47.18891732416604        64.86081400908986         
119873.6057764851         -43.78216075775934        71.32512552559774         
119972.8476202581         -40.00588505181862        77.0137996963666          
120033.7666593608         -37.53983812166634        80.17202916834039         
120062.1481935843         -36.35816854894193        81.56635564273984         
120088.89227818           -35.22740634601733        82.83876980794831         
120168.4643096756         -31.77457068756991        86.40797069282378         
120265.1952820597         -27.42706007212601        90.37044859362639         
120364.0619502752         -22.84992550658428        94.07692473643631         
120463.1474241964         -18.15959404595105        97.52178468150575         
120562.2333510546         -13.39315028228805        100.765048399955          
120661.3011582289         -8.574573314715931        103.8662317305666         
120760.3547439328         -3.724057627756026        106.8795191686868         
120859.3983845087         1.139849860895476         109.8552836259922         
120958.4396349848         5.999444970021778         112.8423575283421         
121057.4834990432         10.83669611383995         115.8899804041755         
121156.5309473081         15.63227286756138         119.0498847040018         
121255.5869187112         20.36493239326078         122.3787736103048         
121354.6578439535         25.01018739771836         125.9406419577606         
121453.7488810485         29.53866273121525         129.8091684176273         
121552.8655937989         33.91425572312492         134.0700913433014         
121652.0109390258         38.09159931372076         138.8225297117255         
121687.8572656657         39.54215008539948         140.6826980010998         
121708.2056638319         40.34949888280892         141.7756947127269         
121729.4380537583         41.17869106957163         142.9461762234768         
121790.6466831104         43.4866803572547          146.5024397621108         
121884.6228864393         46.75463293514784         152.5385867976353         
121983.2768986467         49.74594261103851         159.7039752969385         
122056.3559901668         51.60914072200492         165.5868790711536         
122078.9956339519         52.11706006643058         167.5074162654628         
122100.7915571448         52.57279978876542         169.3985310885565         
122162.6834406867         53.67848456217729         174.9795053073074         
122256.818128936          54.78089606962588         -176.0391948641089        
122355.5411051377         55.12556161724962         -166.2624189042994        
122454.7936314368         54.61124908431258         -156.4765717280971        
122554.1082544369         53.26936010600182         -147.1364778974339        
122653.4297120408         51.18622758058579         -138.5418810697074        
122752.7469737688         48.47451920205524         -130.8327427274972        
122852.0564098377         45.25008973726747         -124.0166787319679        
122951.3555512531         41.61762995426746         -118.019731596101         
123050.6427478278         37.66495726569493         -112.7315439901999        
123149.9166008318         33.46286744192381         -108.0344185973071        
123249.1653320147         29.06795567986961         -103.8183867266287        
123300.9569607326         26.71272384179084         -101.775763322151         
123350.323052227          24.4348600396499          -99.9141625934185         
123441.3393242285         20.16457334486017         -96.6670799293684         
123539.5552978618         15.47525345655534         -93.37857481379747        
123638.6004993576         10.68448762234644         -90.22788704551927        
123663.1091178046         9.491929775560751         -89.46732843755784        
123686.0534056323         8.373492025577216         -88.76070587590432        
123752.47961852           5.126815150774743         -86.7384025592783         
123847.2443359788         0.481635507291325         -83.88967699788029        
123945.8751390106         -4.354520824654607        -80.92879665840546        
124044.9479146628         -9.196201606802472        -77.91112046401999        
124144.0800015            -14.00582419622756        -74.7975339283594         
124243.2310306001         -18.76084684168357        -71.53458614132848        
124342.3988972674         -23.43772357500268        -68.06125708112546        
124441.581965459          -28.0086686274497         -64.30766193468588        
124540.7849411946         -32.44015789774332        -60.1924035424237         
124640.0105018634         -36.69029839928602        -55.62099492886152        
124678.4734165412         -38.27784782395657        -53.70394920352813        
124707.0051567745         -39.43063747547407        -52.22339089973586        
124733.3030593581         -40.47289963353774        -50.81192265774142        
124807.3054720997         -43.28952979144208        -46.57958111144852        
124903.3723004046         -46.64454581005651        -40.44885846949724        
125002.3145255051         -49.6590010903863         -33.29670927971658        
125101.6004044446         -52.12539784033659        -25.2196904376264         
125200.9288723581         -53.91655762476526        -16.29312903908741        
125300.2632633434         -54.92648179391764        -6.72253707797043         
125399.5958831278         -55.08655216485452        3.140662895413572         
125498.9228372695         -54.38514929418303        12.867076543076           
125598.2394115767         -52.87139336392062        22.06472941713702         
125697.5422000629         -50.63969153759138        30.47231733984091         
125796.8279705616         -47.80508346019585        37.98307266755369         
125896.0949229542         -44.48183941235465        44.61183008353536         
125995.3404464875         -40.77122186127548        50.4438362640873          
126068.3942546253         -37.84136635014869        54.29445555700639         
126091.7080190498         -36.87633154688032        55.45324314536488         
126112.8434433485         -35.99010537706193        56.4766492308367          
126138.6407561484         -34.89460704440946        57.6924910257262          
126180.0427588751         -33.1070324476124         59.57186916137984         
126269.7401346406         -29.12540820135912        63.37224380210811         
126367.7808568231         -24.63364634533434        67.16990952902356         
126466.7807196616         -19.98369893273217        70.70753520250898         
126565.8643460018         -15.24384161365473        74.02128556927286         
126664.936926146          -10.44296339847783        77.17077982070862         
126763.9929783298         -5.602620749814093        80.21197218401687         
126863.0372686079         -0.7418495172313798       83.1964635025878          
126962.0776254684         4.121501341563582         86.17347357130042         
127061.1201800639         8.96963632279631          89.19183896128004         
127160.1683691842         13.78387901954751         92.30210573122653         
127259.2231144197         18.543730751958           95.5587115081473          
127358.2909737714         23.22614803364642         99.02257093746628         
127457.3761968641         27.80377741353202         102.763283792432          
127556.4838276128         32.2433564904895          106.861666763711          
127655.6183636421         36.5034392209411          111.4116156047783         
127732.1368127014         39.63548008380035         115.2985679155135         
127759.8425481236         40.72979672633519         116.7980207901851         
127785.0293152384         41.70422070098071         118.2071133026246         
127826.3391303364         43.25692898179198         120.618252648292          
127915.8729373477         46.40156104725595         126.3062776350529         
128013.9824179583         49.43098837156949         133.3350469059394         
128113.1276541157         51.94542138245247         141.3318474571963         
128135.4834732483         52.42454560101685         143.2570406699926         
128156.0734462459         52.83472403218408         145.0677995550877         
128213.2581076585         53.80907405153842         150.2728295623798         
128306.5696947975         54.83851225755455         159.2176141365908         
128405.1931565395         55.1157707988486          168.9965948989122         
128504.4347139657         54.53523525841536         178.7596935058055         
128603.748675005          53.13231005120856         -171.9498622307858        
128703.0705723446         50.99628464619462         -163.4211295919966        
128802.3887336603         48.24080585401013         -155.7824766150758        
128901.6995165963         44.98124107158614         -149.0333447646233        
129000.9997820249         41.32110201038979         -143.0955837083872        
129100.2873309539         37.34686669860169         -137.8574715281836        
129199.561513681          33.12806293969509         -133.2014646046486        
129298.8095282111         28.72031745310878         -129.0185175599524        
129338.9960913802         26.89176867017605         -127.4365405078491        
129375.7307744469         25.20144501292714         -126.0392480132453        
129432.6562112547         22.55060773531041         -123.9561312456314        
129515.2124217711         18.64875948067357         -121.0866575604249        
129612.370547466          13.98841004101288         -117.8916904859395        
129685.2702026605         10.45564694195231         -115.5910255497436        
129707.1694414015         9.389813643741771         -114.9122412520313        
129729.2050484684         8.315592489105128         -114.2339544237358        
129758.8136345381         6.869799069307335         -113.3290282611476        
129825.3460534732         3.613417689716526         -111.3161256824845        
129919.9987128493         -1.028305395612937        -108.4769007541178        
130018.6386157991         -5.86163028624965         -105.5075278385848        
130117.7130494965         -10.69441248222721        -102.4661965882513        
130216.8465668103         -15.48898513320777        -99.31253294833176        
130316.0007064347         -20.22214044570142        -95.99129736975448        
130415.1762277703         -24.86930431173888        -92.43887399822559        
130514.3681437941         -29.4008642735894         -88.58222634198376        
130613.5800849181         -33.78094082631393        -84.33606236362756        
130712.8142950824         -37.96452404999711        -79.6016814013135         
130744.1734811291         -39.23677200869129        -77.98670720602478        
130782.2731980938         -40.74544382720833        -75.93895207991689        
130840.8242820762         -42.97576252070121        -72.59413814884975        
130924.0117514273         -45.93121296039324        -67.387584618563          
131021.3762941654         -49.00486146190045        -60.54319759622655        
131120.4807024915         -51.60652292431568        -52.68938682811658        
131219.7887920076         -53.56489146244275        -43.94956207776689        
131319.1216695355         -54.76463080278986        -34.50269596428972        
131418.4556921362         -55.12599750775777        -24.67054423306179        
131517.7844240796         -54.62298304647877        -14.8741042669184         
131617.1051508863         -53.29129525367573        -5.524179951089445        
131716.4134041639         -51.21686850252588        3.082523908721734         
131815.7056666561         -48.51211505247195        10.80466571374832         
131914.9781407323         -45.29299058036509        17.63312843169646         
132014.2306365422         -41.66434082188776        23.6412267393975          
132113.4603380808         -37.71429561621148        28.93896073565639         
132138.4520266671         -36.67738325972126        30.17545176125551         
132161.8198895711         -35.69434720915912        31.29931777884009         
132230.2689094562         -32.74681030411383        34.42569727511127         
132325.3996708081         -28.50647591456631        38.41236110775802         
132424.0920022479         -23.96666110719186        42.18862266362316         
132523.1609494658         -19.29925377805637        45.69176590374186         
132622.2479258431         -14.5487767728194         48.97825389375896         
132721.3160765707         -9.740910126904913        52.108756112554           
132820.3673592419         -4.896497952954689        55.13865814897291         
132919.4081574096         -0.03429026890230669      58.1191136761697          
133018.4446493746         4.827855899936409         61.09911008020877         
133117.48526335           9.67220347212977          64.12767816178412         
133216.5342719061         14.47992897056561         67.25583119774869         
133315.592623665          19.23019514872376         70.53878417918558         
133414.6636614343         23.89928401919246         74.03846985418377         
133513.7545045931         28.45922774644405         77.82607762232985         
133612.8683956806         32.87563764106965         81.9841788528166          
133712.0090880082         37.10563182739485         86.60862814102251         
133773.0937273242         39.59553720417112         89.73619087111817         
133801.9090253511         40.73405785130641         91.29484299433133         
133829.0280164452         41.78230511809627         92.81411467948811         
133902.5250896928         44.49697704433877         97.20622709225383         
133998.4347569989         47.71356603448755         103.6010238209109         
134097.3133851425         50.55372075785282         111.0534949768868         
134196.553735889          52.80632614223269         119.4274105277039         
134286.4979658276         54.23423793465855         127.708498654154          
134384.7314911662         55.03934457432134         137.2794576766916         
134483.9247081662         55.00038573291915         147.1367223624884         
134583.2318500034         54.10699407121024         156.7704552452743         
134682.5522533734         52.41990378596691         165.803194973177          
134781.8718580529         50.04047975180323         174.0085608425617         
134881.1869352474         47.08514411181085         -178.6882212456378        
134980.4931624094         43.66596559991952         -172.2519022430649        
135079.7884405009         39.88035189666736         -166.5875368415395        
135179.071894451          35.80826415894045         -161.5788401709605        
135278.3408113522         31.51360914515908         -157.1103287531576        
135356.990905269          27.98621256775051         -153.8832201719673        
135382.6640174375         26.81486723324601         -152.8809224729723        
135410.0135264802         25.55745992368354         -151.8380012887769        
135441.2326166639         24.11096788562091         -150.6766672755891        
135509.8457286484         20.89467924346601         -148.2219906955713        
135604.982119496          16.3651618909568          -145.003722467657         
135703.7045044592         11.60036735954672         -141.8366919221824        
135744.7637303034         9.604413940775892         -140.5578130671175        
135768.1899812305         8.462737587005277         -139.8359440053239        
135789.8778630537         7.404189543482854         -139.171937585178         
135851.4222168596         4.393751063958831         -137.3054123494035        
135945.1328327763         -0.2006692349965192       -134.4919673127385        
136043.6618858948         -5.030317781232089        -131.5311945498297        
136142.7216684446         -9.867316334602659        -128.5041125898225        
136241.8525030254         -14.67012285942265        -125.3734691614632        
136341.0051989718         -19.41544046326533        -122.0853325491238        
136440.1784028159         -24.07925555496513        -118.5775625604544        
136539.3718612147         -28.63311489235063        -114.7787648157155        
136638.5833041393         -33.04216426066101        -110.6060499881972        
136737.8160879132         -37.26319283785762        -105.9630159137232        
136773.9695008728         -38.74378710993236        -104.1337439685241        
136808.5836123093         -40.12832831206391        -102.3052967917735        
136862.2115199803         -42.20260499589194        -99.31168470107069        
136954.8077996937         -45.54850332124695        -93.63363356340811        
137053.3411436132         -48.70922328727367        -86.8001302943244         
137152.5801676093         -51.37325016550565        -79.02671568447566        
137251.9052285934         -53.40206142984354        -70.36749001411893        
137351.2431377778         -54.68189505290653        -60.97840373098665        
137450.5808762857         -55.12907060078768        -51.16620033151947        
137549.912893516          -54.71158862744436        -41.34622094993081        
137649.2371033179         -53.45922272457704        -31.93562681603115        
137748.5494151129         -51.4538718961561         -23.24561188087091        
137847.8447607835         -48.80649325863748        -15.43290732130265        
137947.1222504857         -45.63343438798336        -8.517467649588315        
138046.3794909767         -42.0410931608937         -2.432060843182521        
138145.6136895111         -38.11936104571575        2.931254862430585         
138173.6939894501         -36.96009164539798        4.33440390478913          
138194.5478959009         -36.08669837513634        5.34678632458348          
138215.1566612301         -35.21373679226323        6.323573626189683         
138275.0993317226         -32.62362390648914        9.039929963059558         
138365.1850993163         -28.60744478915094        12.81381112360327         
138463.2812960772         -24.09809625127739        16.57560386568038         
138562.2848185594         -19.43638058381087        20.08378159037889         
138661.3649955369         -14.6881157292646         23.37555742519387         
138760.4327816516         -9.881502802635236        26.50986253579568         
138859.4830713817         -5.037795719445864        29.5420059501275          
138958.521515911          -0.1758231787705056       32.52321617242835         
139057.5542545645         4.686540813929519         35.50251100061938         
139156.5900559654         9.531587711164272         38.52889779717445         
139255.6359480252         14.34066715212999         41.65337896721092         
139354.6909984667         19.09291871222504         44.93095121701021         
139453.7594773457         23.76477430510921         48.42334853916071         
139552.8469255194         28.32834529560934         52.20140039291446         
139651.9581150147         32.7495265652621          56.34736800936774         
139751.0965253692         36.98570865018881         60.95670172832245         
139819.6215173579         39.77727754176786         64.46908635672524         
139850.5741026253         40.99507869518786         66.15515088206396         
139879.1900970158         42.09439394509616         67.7734662948031          
139925.558646745          43.81656178055735         70.52460086847313         
140016.5804206277         46.95341292527343         76.42822862028305         
140114.8783202399         49.90391030749843         83.62048973011775         
140188.8338126591         51.76115409382567         89.61561474837987         
140212.0869624079         52.27194093452695         91.60232966062968         
140235.2378844749         52.74312499589118         93.62653929228804         
140260.0355905714         53.20484130719979         95.8437149868394          
140315.0612451369         54.06233233499897         100.9288360721301         
140400.4452679656         54.9058151120721          109.1758601333454         
140498.1129381456         55.09944320763199         118.8717156501915         
140597.2428492503         54.44330561083381         128.5960658100821         
140696.5429770062         52.97107581376744         137.8263884059238         
140795.859611663          50.77525449165333         146.2782736325308         
140895.17336305           47.97050342554852         153.8357701935317         
140994.4796071853         44.67154929446384         160.5083638454514         
141093.7749368255         40.98049275323698         166.3787312255039         
141193.0575477658         36.98222582696859         171.5600057669527         
141292.3283348791         32.74479523622065         176.1694645683246         
141391.5800989489         28.3224179718632          -179.6846944826268        
141429.5577096054         26.5903686969403          -178.2002836281527        
141462.4842616729         25.07337544943918         -176.9530071786476        
141496.3123198017         23.50140062298705         -175.7067059865578        
141582.4783933698         19.44398092004544         -172.6725800941277        
141680.0730020623         14.77404054836195         -169.4336559906535        
141779.0460319142         9.979869691752945         -166.3051610409302        
141804.2991349823         8.749772773030504         -165.5253893217687        
141830.0318343099         7.494114267669914         -164.7367474415258        
141868.7473115511         5.601489221092073         -163.5595552592216        
141953.5320998635         1.447180453834209         -161.0074445159928        
142050.9072088287         -3.328142957842773        -158.0875194737876        
142149.8325265828         -8.167228765192208        -155.0880205750167        
142248.9440558595         -12.98462863445625        -151.9998619155822        
142348.0897908448         -17.75279009677029        -148.7739941213791        
142447.2556166234         -22.44830384272749        -145.3513285417769        
142546.4436668088         -27.04459701820818        -141.6639100672199        
142645.6506557995         -31.50922180136982        -137.6331911910285        
142744.8769708397         -35.8021621818722         -133.1676771977898        
142791.4509578724         -37.74383124538214        -130.8927770018854        
142823.1267312309         -39.03334490080324        -129.2718863140767        
142863.3127217065         -40.62934465256204        -127.1228330863332        
142925.8842117386         -43.01477826475976        -123.5527632807621        
143014.1326169134         -46.13745659965488        -118.0037661868881        
143112.145506253          -49.20094557153729        -111.0576910388776        
143211.327584961          -51.76426263077141        -103.1360934138218        
143310.6501093716         -53.67421959113044        -94.33923201032592        
143409.9902895279         -54.8185121749498         -84.85290667771493        
143509.3299035914         -55.12055023163736        -75.00804197101165        
143608.6641597329         -54.55852926464816        -65.22885955901664        
143707.9896045034         -53.17220662520618        -55.92135650343531        
143807.3023069999         -51.05018949022089        -47.37203101154408        
143906.5991934738         -48.30581987603079        -39.71182299106822        
144005.8756870916         -45.05470806863593        -32.94253490237519        
144105.1317941397         -41.40067036178313        -26.98694864798527        
144204.3649340398         -37.43063989430726        -21.73372225471113        
144227.2036438342         -36.47973343994573        -20.61146714332163        
144248.0848566396         -35.59955249494833        -19.61123813422906        
144309.0971988975         -32.9737757432674         -16.8202124734            
144402.9946584371         -28.79722987059105        -12.86216223376431        
144501.5466765035         -24.27184861744408        -9.069766668850169        
144600.6045322632         -19.61101294514012        -5.550219489069113        
144699.6936460258         -14.86476373510765        -2.251248075563318        
144798.7649019342         -10.05959753239316        0.8878900245028731        
144897.8162521846         -5.216719819881535        3.922833534734601         
144996.8550726422         -0.3549296797530402       6.904995645409801         
145095.8875585813         4.507882641313189         9.883442893392715         
145194.9208501261         9.353942959604073         12.90709984806005         
145293.9626846113         14.16468526863031         16.02687249978798         
145393.0143146077         18.91944243508729         19.29762632550843         
145492.0787959476         23.59472137514842         22.78076733523892         
145591.1617210368         28.16282926349766         26.54674277184195         
145690.2691933676         32.58998832981081         30.67740387580388         
145789.4035288598         36.83389555833561         35.26765049852649         
145862.8851092071         39.82964847791077         39.02899538007359         
145889.3422061345         40.87139186262752         40.46844620974057         
145914.2164186807         41.83106571088079         41.86614130576993         
145953.3143376466         43.29781796505117         44.15456044141195         
146034.7166675027         46.16728967078031         49.30565415326579         
146131.7549842643         49.20061436661287         56.19166434928463         
146230.7775121881         51.7618286410658          64.10476721814935         
146255.9951519477         52.31412293054087         66.2615034271936          
146281.6801275476         52.83102265220987         68.51427425043607         
146308.3917103708         53.31764436699407         70.91420224499598         
146350.6867890595         53.9769036762677          74.82364018388424         
146439.9742331821         54.89156886765495         83.42785356550773         
146538.105931913          55.10506292195132         93.16770976449972         
146637.2897503898         54.46510582600981         102.9040315467851         
146736.5958354785         53.00765069077011         112.148078474353          
146835.9122598544         50.82458248725314         120.6166928855881         
146935.2242903318         48.03036020741623         128.1915977629617         
147034.5269816928         44.73989796249975         134.8804070746546         
147133.819488727          41.05552361791946         140.7650447390658         
147233.0995615222         37.06247284469413         145.9583288673174         
147332.3654339067         32.82920442238005         150.5774956411843         
147431.6177741275         28.40983194397387         154.7313150954566         
147530.843159405          23.84788329771648         158.5149460378903         
147621.9533141702         19.56198209611062         161.7348382208841         
147720.1695364318         14.86371095646255         164.998437448387          
147819.2153492826         10.06677602288462         168.1315573644653         
147847.6960525266         8.67944537145412          169.0110314575853         
147876.5053514158         7.27336312921087          169.8932417664771         
147909.2354133376         5.673161278108932         170.8880552511618         
147994.865491963          1.477451782330554         173.465902439352          
148092.3629467492         -3.304016679238892        176.3893889183658         
148191.3032148848         -8.144069938708624        179.3889993241509         
148290.4165087617         -12.96188441256589        -177.5233682839636        
148389.5619237679         -17.73046253657719        -174.2983547119107        
148488.7276477064         -22.42652211219795        -170.8768308222783        
148587.9143881146         -27.02344637962589        -167.1909368012805        
148687.119380536          -31.48884647800267        -163.1621680457227        
148786.3451178535         -35.78284208512967        -158.6989996834644        
148831.2679832219         -37.65715216213582        -156.5081163383747        
148862.7229156438         -38.93957283695855        -154.9028652163688        
148897.9764843592         -40.34464203705667        -153.0288326986866        
148985.867897782          -43.67867812456348        -147.9778999760414        
149083.8108609896         -47.05263927077294        -141.6335858812545        
149182.9720316688         -50.00943893386034        -134.3523800980851        
149282.2878214298         -52.39670707956598        -126.1585612084482        
149381.6253361409         -54.09341430597464        -117.133559452022         
149480.9668251313         -54.99731611959724        -107.5018214182918        
149580.305637361          -55.04618207066086        -97.63026983536606        
149679.6383910463         -54.23639556636076        -87.95038378413518        
149778.9609934087         -52.62408392885478        -78.84148350742345        
149878.2694701687         -50.30776085199552        -70.54501260598946        
149977.5604822906         -47.40345283195683        -63.14954652281877        
150076.8318065791         -44.024310172787          -56.62833897558718        
150176.0819933843         -40.2694807979795         -50.89032408773366        
150251.9084300031         -37.19843693560291        -46.96202389488436        
150279.6512996661         -36.03794334495706        -45.61161790151802        
150306.48644662           -34.8986011356041         -44.34593453698139        
150386.5767494193         -31.41041271445311        -40.78410562851622        
150483.3853962715         -27.04646010410998        -36.84985996172698        
150582.2611581185         -22.45855604057038        -33.16832272076196        
150681.3458151184         -17.76033931782743        -29.74273084834672        
150780.4301819997         -12.98811359087652        -26.51343595734723        
150879.495089245          -8.165623366688147        -23.42152819423722        
150978.5430401098         -3.312964858068796        -20.41326060941669        
151077.580803819          1.551522397830291         -17.43839793140922        
151176.6156924306         6.410134650117405         -14.44815388165468        
151275.6535171182         11.24481929167568         -11.39312652416           
151374.7020394192         16.03643311256851         -8.221039430920442        
151473.759842373          20.76318539358992         -4.874852745854628        
151572.8324366617         25.40019442218561         -1.289865194534413        
151671.9244503533         29.91756712280132         2.6085232260639           
151771.040864184          34.27850062094952         6.907130905189359         
151870.1851765509         38.43675492063912         11.7062406059334          
151925.4170809407         40.64379555660698         14.63735030952814         
151988.0169526208         43.03185535517726         18.21447989809185         
152052.521349967          45.34606104626388         22.21379129559103         
152147.0644730609         48.41665667985434         28.7100019228519          
152245.7942914101         51.12675073443568         36.35740594687121         
152291.7537044152         52.18412242148104         40.22076124960606         
152316.4442435838         52.69267536946744         42.37248624443748         
152345.4720542883         53.23434764419751         44.96666213439057         
152426.6348904348         54.40477077026679         52.54607481496664         
152523.6967932433         55.0867886100207          62.05437190084855         
152622.7571179974         54.93432680687366         71.89278215611341         
152722.050823539          53.93274938428501         81.46558512664461         
152821.3698822423         52.14883328779737         90.40009132751716         
152920.6865250715         49.6874346321376          98.48921587262286         
153019.9950357783         46.66541597539243         105.6753342466433         
153119.2936796229         43.19327962539842         112.0044667270386         
153218.5803173343         39.36620396251027         117.5761772112715         
153317.8528432734         35.26196974735645         122.5075587461092         
153417.1101271408         30.94250414939136         126.9131755042259         
153516.3513435284         26.45677731828721         130.8963246486023         
153544.4240337471         25.16316241322831         131.9592361028749         
153570.6091226195         23.94800293126868         132.9284163508512         
153602.7417388279         22.44646734689439         134.0905145469595         
153673.6072610831         19.09928570681696         136.5591849185948         
153769.1172260209         14.52464075405223         139.7175669057819         
153867.8613472497         9.738899790089388         142.8322555644115         
153896.7720512417         8.329880832244616         143.7230964652493         
153929.1717302869         6.747676125066665         144.7129574393873         
153961.72435591           5.155297205295188         145.7001804177676         
154049.279313453          0.8639509315688082        148.3326898131804         
154147.0272694831         -3.929340385830671        151.2652689325491         
154245.9986394038         -8.768129118704065        154.2736916784895         
154345.1190702617         -13.58101353585444        157.3761039910031         
154444.2676551989         -18.34170398086901        160.6230913621254         
154543.4375127777         -23.0267258865146         164.0748813633478         
154642.6254252903         -27.60865421060638        167.8004526437541         
154741.8318708194         -32.05438286981389        171.8799794808944         
154841.0586042213         -36.32281690459263        176.4067072682574         
154879.5863351086         -37.92143806462485        178.3070603155365         
154905.8897024835         -38.99119577614643        179.6556820953847         
154931.096023845          -39.99856545283141        -179.0106056973462        
155004.5534231351         -42.82405594840004        -174.874718651472         
155100.5513311364         -46.22544473848314        -168.847549829754         
155199.4788746            -49.30268189485511        -161.8092083638182        
155298.7638498656         -51.84720267561249        -153.8466106798874        
155398.0954930536         -53.73124686976857        -145.0192791930715        
155497.4349971046         -54.84582752064667        -135.5127326257963        
155596.7738693696         -55.11622753501909        -125.6620656952812        
155696.1072337814         -54.52289742711516        -115.8930630575081        
155795.4319474404         -53.10772415853028        -106.6088633775057        
155894.7431880282         -50.96070821731531        -98.09054566976825        
155994.0379518899         -48.19565553289393        -90.46355070522606        
156093.3142173104         -44.92786618738765        -83.72567696135856        
156192.5686986884         -41.26069784255603        -77.79796348141574        
156291.800283012          -37.28039944600589        -72.5683216067689         
156318.0856048828         -36.18257249679375        -71.28481315646469        
156347.9824032169         -34.91452607639324        -69.87163452531367        
156431.3751033624         -31.28056396872446        -66.1678501617852         
156528.6243580515         -26.89210568630368        -62.22762794497342        
156627.5458068238         -22.29818581189159        -58.55465151465286        
156726.6317820875         -17.59698619197001        -55.13687336340451        
156825.7126716315         -12.82285954676462        -51.91337924709813        
156924.7749929549         -7.999169306172893        -48.82530846629191        
157023.8216623315         -3.145918669261848        -45.81907084610661        
157122.8590906598         1.718573215206338         -42.84453202872924        
157221.8951356597         6.576635719821675         -39.85290299439815        
157320.9338605637         11.4101064309732          -36.79477402375994        
157419.9840874295         16.19983718386175         -33.61769953551789        
157519.0454478725         20.92399130269914         -30.26438428828375        
157618.1227186345         25.55750615583432         -26.66984001496363        
157717.2202056041         30.07026716250443         -22.75908097473514        
157816.3416265743         34.42513288357274         -18.44487836195498        
157915.4897334287         38.57546113485139         -13.6265228580667         
157972.3641099874         40.84114534982699         -10.59240095897974        
157995.8936104551         41.7500321733969          -9.272732087879625        
158018.1527364766         42.59316821958004         -7.987480469065984        
158080.0040904782         44.84292769838392         -4.217019930125658        
158173.8942275872         47.95565201635102         2.113595845524908         
158272.5563574582         50.74827477558314         9.618754200039136         
158333.4581236588         52.17960695506476         14.69601007392168         
158356.7604266689         52.66100891524636         16.72497407682013         
158383.2686743699         53.16118883357132         19.08789908265908         
158460.0325637846         54.30651542845536         26.22431014362718         
158556.4796873135         55.05690171883062         35.64102794384906         
158655.4695607047         54.98409490815752         45.47759833929885         
158754.7570470837         54.05910446232194         55.09298701023819         
158854.0776682785         52.34353752911802         64.09778161740418         
158953.3981411136         49.93988397246946         72.26967389985415         
159052.7107012225         46.96483439181313         79.53870778868365         
159152.012817061          43.53002067334931         85.94350770296838         
159251.3026721659         39.73220629096452         91.580493336378           
159350.5778654362         35.65076707365127         96.56619391162712         
159449.8377534561         31.34896351992466         101.0159431460091         
159549.0828639711         26.87677388866794         105.0342965104381         
159603.573536966          24.36326125100519         107.0908008911509         
159654.7942556092         21.96954729596156         108.9426526484848         
159746.7471738579         17.60989290919115         112.1022112142604         
159845.0771213626         12.87908707362059         115.2973898139851         
159924.7766761808         9.00729714762071          117.7869524895089         
159948.3484472148         7.857510143393172         118.5106589828991         
159972.6980891428         6.668033615547233         119.2535320768348         
160004.1297903867         5.130422567747232         120.2065858511163         
160075.6397044519         1.626025837165459         122.3581097839121         
160171.1389145697         -3.057656706348243        125.2214406813454         
160269.8773204931         -7.888976112733896        128.2122042531679         
160368.9715206041         -12.708027888491          131.2937667431362         
160468.1171675795         -17.47989243839371        134.5103649663386         
160567.2854900127         -22.18061883676978        137.920253658707          
160666.4719795925         -26.7835839797078         141.5906147403714         
160765.6769805006         -31.2568853817001         145.5994359851137         
160864.9001957034         -35.5609854879843         150.0374044079005         
160910.4241940891         -37.46566541329354        152.2449766858474         
160944.1008945345         -38.84173115422606        153.956446850054          
160974.4316364639         -40.05479391815518        155.5591634974379         
161060.6223660288         -43.34759215902569        160.4612148011839         
161158.3434133208         -46.75073502444705        166.7170956888866         
161257.4752678745         -49.75414739490318        173.9129313771073         
161356.7839134252         -52.19972465905384        -177.9770512590845        
161456.1166435364         -53.96548630617744        -169.0231409719594        
161555.454800406          -54.94675318369661        -159.4350176125013        
161654.7915774048         -55.07659433606273        -149.5684132700018        
161754.1221632157         -54.34555349721428        -139.8536439528506        
161853.4436497372         -52.80466969517674        -130.6792895873814        
161952.7522242512         -50.54950439097325        -122.3013565013102        
162052.0447356859         -47.69540060062916        -114.8216200398599        
162151.3168156031         -44.35643703625467        -108.2220798877334        
162250.5664561177         -40.63332888403973        -102.4157625137865        
162331.649433577          -37.36453968255879        -98.1805607257696         
162355.01754008           -36.39056746569285        -97.03480555614439        
162379.3383427081         -35.36330398867986        -95.87495814858714        
162424.3272372521         -33.42929575402218        -93.8116889385828         
162506.4557808568         -29.79925967461142        -90.29204239805958        
162603.5187976202         -25.37253849961786        -86.47932368283685        
162702.4076028611         -20.74399789277472        -82.90242818275138        
162801.4798130491         -16.01661993293779        -79.5566307754204         
162900.5493920529         -11.22411972174617        -76.38449522715321        
162999.6010132483         -6.388956699320618        -73.32943309535582        
163098.6393128755         -1.530433289537527        -70.33924400312509        
163197.6703013876         3.333406393656363         -67.36451537139742        
163296.7024466023         8.18492083760257          -64.35644094458415        
163395.7425152301         13.00578230802318         -61.26481854803411        
163494.795778126          17.77604653978189         -58.0358634370973         
163593.86577392           22.47305788127817         -54.6099176008012         
163692.9537033197         27.070098527395           -50.91904969620864        
163792.063351383          31.5349441257037          -46.88443829330474        
163891.1979769939         35.82758610274841         -42.41443477856932        
163990.361643699          39.89766467507817         -37.40387073154737        
164025.3446313785         41.26864125086942         -35.48618534090945        
164058.6370582343         42.53730491990764         -33.58078354794856        
164091.4009197615         43.74851115582992         -31.62468751071341        
164176.3889969909         46.69503707681545         -26.14754191915008        
164273.9191855188         49.66422814545221         -19.08488259056011        
164372.9994388763         52.12608340013754         -11.01899649579291        
164394.0407003509         52.56597246273099         -9.19331481263591         
164415.5776953441         52.98356439933931         -7.286128760976323        
164440.9632942989         53.4318206033459          -4.990542993117409        
164482.0919251302         54.05280732021758         -1.171063961956685        
164572.3123825737         54.93067942480459         7.549281278174992         
164670.5641577253         55.08709881747602         17.30673061734274         
164769.7673754883         54.3897892495018          27.02188509497337         
164869.0797554911         52.87988972592909         36.22037418633209         
164968.4015594772         50.65165370405767         44.63066122923053         
165067.7180316299         47.82020455030223         52.14433701455708         
165167.0259957318         44.49986718109865         58.77577304188418         
165266.3215510547         40.79199336968308         64.60997733019738         
165365.6023140997         36.78066378181987         69.76075880654381         
165464.8689779453         32.53318963239796         74.34519843914373         
165564.1201928956         28.10291888307073         78.47116483951579         
165629.5134857297         25.10451170275342         80.98583837010061         
165663.8737430563         23.50794783184203         82.25222474070385         
165697.3909247783         21.93821775123572         83.45512514098513         
165750.1333445194         19.44614934377161         85.29000039744447         
165842.4497826607         15.03038804683895         88.35842296543183         
165940.8190652844         10.26811632596147         91.47537200396424         
165982.3157123756         8.246460386967792         92.75601822710674         
166014.0028456226         6.69897678128975          93.7238528722276          
166043.5848438763         5.251985708976414         94.62113464759601         
166127.9903057031         1.115448599570667         97.16000336548446         
166225.3322745091         -3.658058919366407        100.0798954782572         
166324.2608436034         -8.495886756959374        103.0837712410441         
166423.3792445739         -13.31088383686946        106.179950563956          
166522.5312053226         -18.07513865925513        109.4176902365363         
166621.7028479325         -22.76502139639961        112.8565845416272         
166720.8937273244         -27.35350688239188        116.5651552481656         
166820.1029388816         -31.80780009229039        120.6228446252183         
166919.3313529599         -36.08728250584827        125.1220836362074         
166958.9266707189         -37.734908501686          127.0636078787234         
166989.9553707917         -38.99847863740143        128.6504704732221         
167022.374417691          -40.29043201341827        130.3740495547645         
167106.4617205993         -43.48914873200584        135.1863960529497         
167203.8992830203         -46.86724755398938        141.4542320765391         
167303.0005698209         -49.85121603143775        148.6798399208094         
167402.3074215394         -52.27414051562445        156.821417221815          
167501.6415444086         -54.01327550912959        165.8022507625585         
167600.9797314531         -54.96476927240461        175.406617743257          
167700.3165565431         -55.06351956088654        -174.7253676591483        
167799.6473111445         -54.30231197551586        -165.024497870719         
167898.9687417168         -52.73414110860951        -155.8757632461034        
167998.2763298904         -50.45571533644667        -147.5295924277939        
168097.5665103178         -47.58265113444536        -140.0826657443066        
168196.8383972417         -44.22857166587055        -133.5134220736573        
168296.0890762741         -40.49359761607629        -127.7334265818928        
168372.9684366728         -37.39129379206586        -123.7251885307648        
168394.9868333875         -36.47434804046658        -122.6439334978294        
168418.0118185119         -35.50327614917913        -121.5425324166164        
168442.2897747369         -34.46661522589201        -120.4121047538458        
168481.8538014893         -32.7512064123742         -118.6338519035416        
168570.8063893137         -28.79090848710637        -114.8945079169944        
168668.749927415          -24.29408482640018        -111.1250450198398        
168767.7340952447         -19.63764746900664        -107.6068255834457        
168866.8101734715         -14.89285946099247        -104.3072463468568        
168965.8742443076         -10.08876218969352        -101.1676086871428        
169064.9203881389         -5.24674869552679         -98.13240092610606        
169163.9538780204         -0.3857216762552405       -95.15027211859893        
169262.9806279088         4.476418316328506         -92.17217091625983        
169362.0087004616         9.321951599115852         -89.14916497053808        
169461.0446517938         14.13227013931939         -86.0304193887394         
169560.0963936886         18.88704846839379         -82.76089669794032        
169659.1701607103         23.56295778610444         -79.27910137939601        
169758.2649272284         28.13200947031663         -75.5148378671623         
169857.382852945          32.56028317083481         -71.3864681530963         
169956.526425085          36.80554491261088         -66.79917704020809        
170055.6987922057         40.81452780396747         -61.64489950284538        
170086.9837779785         42.01958633967174         -59.88297297737972        
170119.3529172451         43.23201487005232         -57.98455559668982        
170170.6602933467         45.07504504543321         -54.80852304165089        
170262.7842131071         48.10479938392277         -48.55085055752817        
170361.2256711465         50.86433942473155         -41.01930639253679        
170422.1140950336         52.27643817104098         -35.91788357234282        
170467.6877150196         53.16607870034035         -31.89003434805419        
170512.6040085568         53.89103617105476         -27.76189920303456        
170596.0953590926         54.80732451420236         -19.75326197627558        
170693.4635954211         55.12182094717463         -10.10579150043186        
170792.5629422301         54.58915512724131         -0.3415352989640558       
170891.8630416971         53.23049910290485         8.983072872786106         
170991.1826146301         51.13281401776192         17.55891293061468         
171090.4995786957         48.40910519130691         25.2481896520951          
171189.8088098271         45.17511076359725         32.04543795400761         
171289.1066185199         41.53522486578295         38.02572211752051         
171388.3918883046         37.57686514398493         43.29982441716516         
171487.6620722353         33.37052774562542         47.9853290062246          
171586.9175610133         28.97197825816281         52.19245618732348         
171686.1526465626         24.42564911518116         56.01836640444373         
171716.4487958536         23.01364149570381         57.12379749683189         
171748.1432031258         21.52615041925498         58.25310378324225         
171799.7213032795         19.08529807103641         60.0375170456829          
171891.8989675934         14.67122224749994         63.08829503196421         
171990.2497725212         9.906206296992387         66.19507036846834         
172089.3037215807         5.069562428130505         69.22282223644156         
172179.1739895009         0.6645952583328375        71.92456263394536         
172277.2399155423         -4.14389288527514         74.86771914130252         
172376.2512781424         -8.983417319423252        77.88057950640034         
172475.3797785728         -13.79458645624386        80.98879226523245         
172574.533205945          -18.55241398750435        84.2440306484043          
172673.7067960901         -23.23337073160931        87.70691769349281         
172772.9008636437         -27.80996800882342        91.44700497369894         
172872.1125951153         -32.24862930564165        95.54489364183767         
172971.3438776904         -36.50784449823865        100.0944249125369         
173030.0438415608         -38.92174162773431        103.0408648625365         
173096.4167141123         -41.53699692075571        106.6373853415202         
173191.3134877221         -45.0230846578345         112.3358391269154         
173290.1175164036         -48.2614399481596         119.0579558586409         
173389.38340639           -51.01144214678758        126.6977411082986         
173488.7157769175         -53.14314723113468        135.2317282652398         
173588.0573551753         -54.54126068438266        144.5277183118799         
173687.3988070758         -55.11638245519551        154.3013543882529         
173786.7354834918         -54.82773030602828        164.1479286367844         
173886.064158543          -53.69600414512859        173.6427889974778         
173985.3808937827         -51.79661970364745        -177.5459907710745        
174084.6814955352         -49.23780384455716        -169.5982987054267        
174183.9636676828         -46.13634286854624        -162.5517402791761        
174283.2247067476         -42.60075154793421        -156.3488627822238        
174382.4635767261         -38.72346879698114        -150.8853251847282        
174427.1039039595         -36.88822953947395        -148.6370112808493        
174452.4725540774         -35.82346727424225        -147.4111939832723        
174480.2299460163         -34.64177720511949        -146.1102418979379        
174562.7004373237         -31.03918278761983        -142.4706500317018        
174659.8236145684         -26.64912331123126        -138.555725165456         
174758.7271262775         -22.05057922185142        -134.8992314499867        
174857.8070637421         -17.34573948683147        -131.4936048925899        
174956.8822936155         -12.56924006670027        -128.2788716688402        
175055.9377322439         -7.744346138659645        -125.1966100991982        
175154.9768274184         -2.890922424879462        -122.1934741894474        
175254.0061041364         1.972778299269961         -119.2194712266208        
175353.031744156          6.829017270605916         -116.2258976679809        
175452.0612314693         11.65976826154787         -113.1631668878236        
175551.1012356612         16.44569705916265         -109.9787140552584        
175650.1597675262         21.16522661348525         -106.614652434152         
175749.2422418785         25.79309208377058         -103.0054821657346        
175848.3481866075         30.29862797556061         -99.0757665483018         
175947.4780301331         34.64410782017895         -94.737705483261          
176046.6354855336         38.78235655947756         -89.88984060691872        
176107.541986357          41.19572779208698         -86.61152540686103        
176138.1625033566         42.36580661580658         -84.86619685116828        
176167.929916014          43.47265018991883         -83.10276191463008        
176247.7890759939         46.27462728879938         -78.02317857531297        
176344.6570431464         49.28719103190885         -71.12196686187259        
176443.6589490739         51.82911489429978         -63.18300791879491        
176476.5274711302         52.53328972350401         -60.35243043215974        
176498.448415962          52.96052580313696         -58.41374888895514        
176518.2690808084         53.3164418210196          -56.62749710687119        
176576.6793485032         54.18931709003748         -51.19668273110186        
176658.7560425978         54.9437124592175          -43.23704149295209        
176755.9910805314         55.08255167187193         -33.57872474111936        
176855.073451472          54.37500535449433         -23.87981392959011        
176954.3712309329         52.8557028875975          -14.69102751371167        
177053.6897782353         50.61928456503126         -6.291529089324237        
177153.0049563269         47.78103605689115         1.211097180436382         
177252.3111064802         44.45523248801839         7.832184123688028         
177351.6051288578         40.74300194354327         13.65736228702752         
177450.8856885368         36.72816698712712         18.80064048260447         
177550.1522015082         32.47790041893925         23.37896054308428         
177649.4042547536         28.04536039875666         27.50008098282125         
177735.9492685064         24.06414164947993         30.79509494019771         
177771.7349955579         22.39215278214047         32.09019272588975         
177806.1281987932         20.7729986249873          33.30266005262197         
177860.8143209014         18.17670854926872         35.1727483870737          
177941.9208240579         14.28493898896244         37.83661659019719         
178038.834794343          9.585933353318545         40.8888978340091          
178085.7617344125         7.296964947042099         42.33006049094814         
178104.7832459793         6.367292863187299         42.90921589973866         
178124.6081811958         5.397427452850309         43.51032895509883         
178181.8315956043         2.594002727119521         45.23465713400976         
178274.9975359649         -1.97552908720387         48.02779506071988         
178373.4414523118         -6.796615155548757        50.99886973541745         
178472.4978493061         -11.62230047965183        54.05689582778594         
178571.6340160347         -16.40687413284003        57.23830922973498         
178670.7945920178         -21.1257646473773         60.59904415536899         
178769.977242162          -25.75344866722021        64.20429953625825         
178869.1787050688         -30.2592599348791         68.12933471892471         
178968.3993079467         -34.60561231813777        72.46185646581161         
179021.4450584957         -36.84765591416451        74.97944806330501         
179052.0578535623         -38.11136066540357        76.50487858561256         
179084.3584688846         -39.41833395179858        78.17657641136665         
179167.8182153497         -42.65323464014069        82.82004462393292         
179265.1764606591         -46.1173473035781         88.90227645752186         
179364.2611956107         -49.21449830723332        95.92406166674827         
179463.561392203          -51.77754985787325        103.8600965745597         
179562.9012244055         -53.68338844412394        112.6633803237375         
179662.2480156831         -54.82261927818989        122.1535773598773         
179761.5922568715         -55.11919216327941        131.9995596702466         
179860.9299806063         -54.5517540052865         141.7768921921782         
179960.2569960407         -53.16049266175005        151.0800288813341         
180059.5698160934         -51.03429475946311        159.6235385774527         
180158.8665303192         -48.28656967849322        167.2775855634241         
180258.1417647656         -45.03290947978984        174.0409979778238         
180357.3953050654         -41.37704061536516        179.9913420860832         
180456.6263204673         -37.40571041807483        -174.7598340743058        
180481.4103476121         -36.37295572531544        -173.5443218859483        
180507.0990960114         -35.28733331149915        -172.3208701773835        
180540.5320836115         -33.85289931767713        -170.780987351136         
180612.1015411452         -30.70893641491909        -167.6659922987454        
180707.6623051311         -26.37986922913776        -163.8384847804087        
180806.3996411045         -21.78242181639864        -160.2052936612839        
180905.4577973555         -17.07372321076318        -156.8132524295731        
181004.5296536176         -12.29389207169123        -153.6078748261542        
181103.5840647295         -7.466766706763861        -150.5317115449321        
181202.622907504          -2.61217385976974         -147.5317280618442        
181301.6526572756         2.251687992912486         -144.5580642410054        
181400.6796598784         7.107093603191036         -141.5620193541444        
181499.7116271872         11.93598208381331         -138.4938839459811        
181598.7550741411         16.71890973112518         -135.3008530924425        
181697.8164000087         21.43405549267053         -131.9247140699763        
181796.9012980931         26.05592261176684         -128.2994411660057        
181896.0087364772         30.55347391921581         -124.3489662044588        
181995.1412328752         34.88860039492367         -119.9846383905167        
182094.3001979613         39.01339176642286         -115.1043258658421        
182155.206757877          41.41660999633051         -111.8027887690455        
182185.3222987382         42.56202268289335         -110.0743617370077        
182214.9835644406         43.65954233875542         -108.3056167165087        
182299.0890052635         46.58567399560359         -102.9057126044499        
182396.5246839565         49.56894566167659         -95.87971609078357        
182495.5958389677         52.05203636906453         -87.84540020631587        
182523.6582618789         52.63857118981699         -85.41034992037461        
182546.6283058282         53.07680378851624         -83.36814329069711        
182569.9294197606         53.48133340309788         -81.25383000837785        
182639.7084377124         54.43862945737159         -74.69564886383593        
182735.1876513334         55.08987869689657         -65.33419887033565        
182834.0972017846         54.92432796635833         -55.51214233896408        
182933.3749976358         53.91088491379301         -45.94806846341715        
183032.6933978358         52.11631529510424         -37.02477866467395        
183132.0134054753         49.64578446939517         -28.94827390976551        
183231.3262355863         46.61620224624112         -21.77465662031673        
183330.6284960127         43.13795128159703         -15.45693238623205        
183429.9190404243         39.3059408510257          -9.894999944681222        
183529.1952753556         35.19773684588462         -4.971717249484975        
183628.4570665914         30.87502616901737         -0.5725889388574229       
183727.7036572457         26.38661798423192         3.405494124886113         
183793.0588546442         23.35918644282521         5.839410883055326         
183827.6625717874         21.73710335851478         7.077880714396105         
183862.0739085367         20.11250657704262         8.279001842150073         
183916.1201295443         17.54043182762532         10.1110586319448          
183996.4805019787         13.67749024829018         12.73212931127649         
184093.2929074857         8.977672334864083         15.76622569864242         
184130.7284096489         7.150659349681118         16.91334679815944         
184154.6195434523         5.982614348685739         17.63987990182087         
184176.3647392625         4.918356430143512         18.29810265859345         
184242.9090709775         1.656911948258222         20.2998825135339          
184337.5958527671         -2.987243161013954        23.13897927366256         
184436.2470709719         -7.814882411226305        26.12650401003322         
184535.3260026081         -12.63407057825562        29.20616816946489         
184634.4659946277         -17.40685726145833        32.42027807810258         
184733.6291078129         -22.10889218633097        35.82669915918633         
184832.8143665101         -26.71378510108645        39.49260266771319         
184932.0178376161         -31.1895277811917         43.49565292699894         
185031.2403386808         -35.49676553194858        47.92638164947453         
185065.8489498077         -36.95053653106866        49.5909623915653          
185103.0304416432         -38.48005807214929        51.4565574663913          
185143.0551883997         -40.08541113584374        53.56109798707357         
185232.255762897          -43.48656808858505        58.64930661517223         
185330.3552559461         -46.88704150677006        64.96179097408971         
185429.5268941554         -49.87044795803613        72.19817528983614         
185528.8370160735         -52.28980061677664        80.34616261333834         
185628.1776403659         -54.0245658282639         89.3331000272605          
185727.5257574511         -54.97094142866674        98.94225867044577         
185826.8723544781         -55.06404460461498        108.8124583719364         
185926.2102121138         -54.29710794487885        118.5123204129279         
186025.5364452023         -52.72358067670366        127.6573987326127         
186124.847287545          -50.44045956006123        135.9983411294642         
186224.1394186509         -47.56347200843226        143.4394842716052         
186323.4097103938         -44.20630787093116        150.0029534623081         
186422.6571085397         -40.46895792657679        155.7777137443761         
186521.8792566215         -36.43413549110048        160.8786154981543         
186548.1692920555         -35.32374682961953        162.1323650600624         
186576.66969602           -34.10287170470421        163.4498944349845         
186656.1439396231         -30.61439942668478        166.9160101072281         
186752.8539854335         -26.22931287581355        170.7797728059542         
186851.7051378032         -21.62271525560387        174.4074341389996         
186950.7752102916         -16.91049482261517        177.792372289262          
187049.8463807045         -12.12856576670587        -179.0076798704448        
187148.9000091562         -7.300075224678209        -175.9350568496147        
187247.938106989          -2.444779446271092        -172.9368691989268        
187346.9670781866         2.41915072330318          -169.9633333712049        
187445.9955926752         7.274104823541955         -166.965679803534         
187545.0292714639         12.1018892030188          -163.8941879438106        
187644.0750906011         16.88301914818132         -160.6958874216796        
187743.1410153047         21.59564391352444         -157.3122756057357        
187842.2309271293         26.21402515696563         -153.677059352559         
187941.3412795868         30.70679703760445         -149.7138651975233        
188040.4760765028         35.03563129332725         -145.3335302060724        
188139.6373307914         39.15225837718216         -140.433433833352         
188200.544850016          41.54930966670919         -137.1177491320677        
188222.331736784          42.37852750474801         -135.8685666301127        
188245.3235226567         43.23601987336102         -134.512014661444         
188314.0530203003         45.68111600828994         -130.2085291746842        
188408.4395767772         48.70353920749795         -123.6429520226884        
188507.1620214614         51.35832441348017         -115.909454642672         
188562.4546511681         52.57724112634173         -111.1923236186842        
188582.9821964842         52.97536610399521         -109.3745281025509        
188606.1813162756         53.38792070131031         -107.2795151473792        
188673.3163379948         54.34646335141588         -101.0000499840711        
188768.2317122002         55.06379991897727         -91.72284549268801        
188867.0736769564         54.9756767850971          -81.90147691836468        
188966.3465128164         54.0366359007443          -72.29501993868809        
189065.6682168483         52.30835121137651         -63.30263151256281        
189164.9913158384         49.89379855009553         -55.14540728354929        
189264.3079558387         46.90970239827381         -47.89111388255589        
189363.6147610378         43.46752560760538         -41.49983058128039        
189462.9092850722         39.66377776008406         -35.87455876995772        
189562.1892843163         35.57755338984057         -30.8986219532712         
189661.4546380704         31.27185257049184         -26.45677420315965        
189760.7055537868         26.79647848865684         -22.44468103418489        
189844.378770038          22.92057526054981         -19.32850137746437        
189883.0713939155         21.10238340561575         -17.95541750162233        
189918.1588846492         19.44148432513276         -16.74232454535786        
189994.8530497262         15.77675004306782         -14.18214609391622        
190091.2163971807         11.11940541393724         -11.10657708144664        
190164.3702245783         7.555800602533896         -8.847130443950173        
190190.5198894325         6.277812089002223         -8.050635665445137        
190215.2878940455         5.065844707394379         -7.300290027937025        
190254.5797530678         3.140898874336995         -6.116130859346979        
190341.3996241987         -1.117326305263273        -3.512709846771206        
190439.052681264          -5.902493875886535        -0.5726343496999279       
190538.0155839957         -10.72995151448633        2.465932376023013         
190637.1369295288         -15.52392404436556        5.620224816195413         
190736.2908607582         -20.25689551896826        8.942912957631632         
190835.4675372248         -24.90374223254622        12.49736029867471         
190934.6654813038         -29.43495970093           16.35685110500269         
191033.8819222525         -33.81430290570246        20.60656672846196         
191097.6719576516         -36.52876452238453        23.5898634446214          
191129.4004807365         -37.84415642590388        25.15767051202835         
191161.9729884434         -39.16778709379596        26.83040695393355         
191212.8229147405         -41.17443725751372        29.57962202006406         
191304.9821793102         -44.59618714121977        35.03736668440104         
191403.4508566372         -47.87875671297855        41.63174966189933         
191502.6681805146         -50.69763278879024        49.15414158409354         
191601.9866027171         -52.91425713686665        57.5792213103479          
191701.3283494511         -54.41107450029635        66.79237923571156         
191800.6759824813         -55.09382644360382        76.52792960150173         
191900.0207180972         -54.91438951450546        86.39135482440373         
191999.3563484517         -53.88566908215389        95.95328166439776         
192098.6795326229         -52.07725216016457        104.8651707712044         
192197.9853571393         -49.5947341206492         112.9271688209838         
192297.2713649506         -46.55502701754022        120.0860352019346         
192396.5356622706         -43.06831404853278        126.3902603245481         
192495.7749782712         -39.2293412948038         131.9404428394716         
192556.6924511106         -36.73182869517006        135.0251678302565         
192577.323227108          -35.86516290207454        136.0203929108496         
192596.3598763919         -35.05687990180784        136.9179861502081         
192650.3881380195         -32.72142210726356        139.3639836484219         
192742.9299037205         -28.59734764232224        143.2444545023226         
192841.3149712491         -24.07426069188872        147.0157313238277         
192940.3488266864         -19.41063726408222        150.5232492115655         
193039.4306928269         -14.66196218252464        153.8136766574786         
193138.4954756009         -9.855306915478561        156.9468108124065         
193237.5416690949         -5.011735339864835        159.9780496874805         
193336.5755251609         -0.1500324073459083       162.9586147166696         
193435.6041836087         4.711987133898136         165.9375377422835         
193534.634402662          9.556522584039886         168.9637595331409         
193633.6738247308         14.3649570321181          172.0883027311539         
193732.7282886487         19.11675244493022         175.3664042605869         
193831.8056615652         23.78848550272977         178.8599975787247         
193930.9041587636         28.35188102918661         -177.3602389142457        
194030.0251827459         32.77263728198297         -173.2120798695732        
194129.1720068548         37.00808621482975         -168.5999984625601        
194228.3468872891         41.00430986782612         -163.4153643827805        
194259.615361446          42.20396621604589         -161.6436437039842        
194281.9628284313         43.0412886279498          -160.3334223321423        
194310.0104496349         44.06687429699789         -158.6348276892504        
194392.5068253069         46.90138764288341         -153.2666314570128        
194489.73818128           49.83105545712755         -146.1716766427143        
194588.7941847439         52.2552587186103          -138.0541104536367        
194618.7536487007         52.85958052628865         -135.4281828257545        
194640.4019675218         53.25569964339071         -133.4849574044356        
194661.9537720806         53.6149934341169          -131.5145088551773        
194721.7793192016         54.42051275482452         -125.8784099576185        
194810.0035549491         55.06320669439734         -117.2428676241693        
194908.0349172698         54.98038274861824         -107.5015348363022        
195007.2153058718         54.05041758261367         -97.89951716786058        
195106.5292216488         52.33000110977327         -88.90004964440524        
195205.8532243129         49.92201188400733         -80.73350461466562        
195305.1718942006         46.94322981063787         -73.46977313244292        
195404.4801185606         43.50529108865767         -67.06991098442411        
195503.7759536295         39.70487455193002         -61.43724448302275        
195603.0587471905         35.62118858557875         -56.45508561475842        
195702.3258677451         31.31748977913312         -52.00823354520962        
195801.5783770708         26.84367040831382         -47.99216758792849        
195900.8058497566         22.23991294857719         -44.316272407239          
195938.3472593618         20.47078102567035         -42.99745969420777        
195974.6231806464         18.74928245064561         -41.75492133912476        
196032.0687750005         16.00214145572588         -39.84326694087351        
196117.5789293367         11.87402047614552         -37.1018100651741         
196215.1177767897         7.124155985266365         -34.08515223507631        
196237.3643635889         6.036547032545662         -33.40862603601512        
196260.5813333765         4.900296604624684         -32.7058377974227         
196288.9609068632         3.510060039652028         -31.8503639943182         
196336.6035328014         1.174015604193            -30.42009188870057        
196427.701899258          -3.293857704053218        -27.6882118085535         
196525.8965122397         -8.097817823885446        -24.7113224699371         
196624.9272206915         -12.91225160018844        -21.62709553099682        
196724.0644004778         -17.68127834165746        -18.40380435447085        
196823.2296934817         -22.3783872857261         -14.98440337332368        
196922.4183603656         -26.97673598462302        -11.30128530662977        
197021.6280804947         -31.44400828438438        -7.276020277426195        
197120.856702968          -35.74019636780685        -2.817395092829568        
197159.8636482144         -37.37141424859119        -0.923834770150751        
197203.5337339039         -39.15268689034878        1.30290788161575          
197261.1353382119         -41.4204545902199         4.428946394680964         
197343.6218815972         -44.47900028231298        9.322687496937039         
197440.8909545629         -47.73836824648964        15.80387830786802         
197539.9724127143         -50.57830744601111        23.27422707042492         
197639.2763189273         -52.82550098716812        31.65727587454006         
197738.6167464545         -54.35839040581751        40.83791353807849         
197837.9658828839         -55.08083190386709        50.55697776317063         
197937.3110327753         -54.9420423664768         60.42400670493695         
198036.6479785647         -53.95200083876964        70.00877702645471         
198135.9716775944         -52.17802473488182        78.95673291802503         
198235.2784325019         -49.72457054877786        87.06071685090031         
198334.5651249052         -46.70850387078163        94.26139402735586         
198433.8287473773         -43.24062616182047        100.6035920113058         
198533.0685873516         -39.41639911358244        106.1865461046208         
198595.4492632532         -36.86531993754101        109.3603906884045         
198619.0882427967         -35.87323408730587        110.5029960333243         
198640.8232926275         -34.94983268734937        111.5264821720094         
198701.6016691457         -32.31553802816646        114.2606258756198         
198795.4195025959         -28.11932188687011        118.1559757652877         
198893.9558036509         -23.57593053509604        121.8985349775107         
198993.0074628792         -18.90124569609161        125.379880537508          
199092.0914792921         -14.14499587357036        128.6506561275231         
199191.1584708025         -9.333136454351871        131.7704134837786         
199290.2068937779         -4.48647946247026         134.7939703526754         
199389.2420583637         0.3762851453433139        137.7721839020103         
199488.2722698734         5.237442098133739         140.7540165970505         
199587.305223837          10.0791833606025          143.7885613142388         
199686.3466434181         14.88264500694672         146.9271390288665         
199785.4045054642         19.62712458900829         150.2256598277518         
199884.4833764364         24.28863492219203         153.7468122838729         
199983.5812704521         28.83831782922614         157.5623825993655         
200082.7017663745         33.24117567326321         161.7560331573757         
200181.8487419863         37.4534906119             166.4247935190675         
200281.0247533489         41.41995596920074         171.6785821215299         
200308.1663171179         42.45357711406582         173.2335709487369         
200335.9645353165         43.4859969709142          174.8831401603687         
200367.5365194445         44.62404891946061         176.8297414625376         
200454.9176358967         47.55814980645715         -177.3498746625749        
200552.7609843761         50.39823663979547         -170.0244650968001        
200651.881774189          52.68830110594062         -161.7134936806297        
200678.4122686135         53.18614239082476         -159.3455090617415        
200706.0611366993         53.64884734717751         -156.8194252819994        
200787.4149277923         54.65794745731699         -149.0938485962974        
200884.5168286236         55.12877979262674         -139.50860910295          
200983.5896237637         54.7573626969435          -129.7029399741135        
201082.8919307096         53.5486245104992          -120.2639192733291        
201182.2187999845         51.58148287106604         -111.530421237701         
201281.5426643472         48.96614721548659         -103.6696478084702        
201380.8586389292         45.81925594252905         -96.70797578301027        
201480.1630977192         42.24802894117144         -90.58153841666224        
201579.454295605          38.34324321576357         -85.183502821093          
201678.7305940292         34.17843358602087         -80.39600795193667        
201777.9925817158         29.81188813736478         -76.10676364331117        
201877.233292046          25.29005808108095         -72.21608679848846        
201954.4785303762         21.68614966078963         -69.40715087423405        
201994.445570244          19.79793239680241         -68.01587304479926        
202030.4845023318         18.08351548177543         -66.79262092592934        
202087.3838655534         15.3570231360589          -64.91392444241406        
202172.239240387          11.25454113288577         -62.20976265102937        
202269.6889742743         6.504742200042916         -59.20773764265954        
202368.6322573805         1.65822366216237          -56.22440005833278        
202461.7861042265         -2.910563073005371        -53.43155145047837        
202560.2137808455         -7.727356749830409        -50.4519098840229         
202659.2698522029         -12.54588449647493        -47.37507749705467        
202758.409015357          -17.31946622538924        -44.16417158719052        
202857.5728219352         -22.02281060767663        -40.76208345001474        
202956.7596182926         -26.62958273343309        -37.10183934199382        
203055.9699287172         -31.10809441467783        -33.10580393908232        
203155.2010469022         -35.41898069142742        -28.68379266689152        
203187.1935348725         -36.76510222601563        -27.15076089287535        
203221.2922152132         -38.17287528503552        -25.45218398179688        
203256.6882890649         -39.60213816528196        -23.61353201452747        
203344.2559998832         -42.97767578965962        -18.70042930146379        
203442.142973654          -46.42589683753486        -12.51420906485128        
203541.2928410224         -49.4794758347003         -5.405673076646647        
203640.6028104946         -51.98623385316937        2.615190468884266         
203739.9425820331         -53.82469235654533        11.49256539437032         
203839.2937772674         -54.88771826971597        21.03259999245886         
203938.6433496606         -55.10344673101378        30.89143499037194         
204037.984682119          -54.45628062670463        40.6408960011063          
204137.3145465623         -52.9917948238077         49.88317497711824         
204236.6291554179         -50.8022864067179         58.34698662896929         
204335.9239485115         -48.00231162704695        65.91617649840042         
204435.1971914177         -44.70673165744049        72.5994397346203          
204534.4462680398         -41.01788862686606        78.47904573305652         
204633.6712654447         -37.02086908543181        83.66813986326947         
204657.80989778           -36.00980234333411        84.83964768910222         
204685.74792078           -34.82298380155094        86.15547125364145         
204714.5190132782         -33.58338483282159        87.46806315750112         
204777.5002120994         -30.81421124127298        90.20342065416708         
204871.6370525071         -26.5537212905924         93.98483112156413         
204970.2070120373         -21.96819649941692        97.62325145100539         
205069.2545574275         -17.26309842736602        101.0238162127348         
205168.3323757374         -12.48509735603819        104.2358159470797         
205267.3941381974         -7.658870724414025        107.3164362359613         
205366.4397558547         -2.804424085659901        110.3188414797802         
205465.4747120454         2.059949193093796         113.2929678018104         
205564.5061374642         6.916551030655248         116.2875592785733         
205663.5416166857         11.74733743124956         119.3522562792178         
205762.588836439          16.53298148072545         122.5397499316259         
205861.6532454849         21.25171896988049         125.9079823670392         
205960.7361111674         25.87800646432979         129.5224738011838         
206059.8398603615         30.38120608149722         133.4589572398977         
206158.9669218287         34.72352859257493         137.8055505439739         
206258.1202649628         38.8575616555225          142.663922701763          
206333.8551058201         41.83746577399604         146.7886431619069         
206361.6488411673         42.88543502106623         148.4040293297899         
206391.6902276454         43.98743388791826         150.2161002955918         
206439.7224502056         45.67710689605333         153.2635282989936         
206531.1508493847         48.61184494726576         159.6110135780567         
206629.5039293705         51.27525069133122         167.2869198262917         
206697.8787266649         52.76732470118949         173.1385808390949         
206723.9748201566         53.24959232121478         175.4759021882653         
206748.7385779736         53.65985542441216         177.7425097805647         
206816.4525545086         54.5335961232158          -175.8499612548847        
206911.6019761772         55.10926378362846         -166.4930826427549        
207010.4720387491         54.86776038150143         -156.684018947527         
207109.7527005826         53.78207903566742         -147.1642271761174        
207209.0788755217         51.92324629501892         -138.3091031243833        
207308.4050281439         49.39855353190043         -130.3113808344588        
207407.7232630108         46.32497004579353         -123.215928900292         
207507.0300367777         42.81179537627251         -116.9691870969841        
207606.3229345134         38.95248734624488         -111.4683753347512        
207705.6017893134         34.82304618963592         -106.5958287540061        
207804.8642211361         30.48399961152571         -102.237920574269         
207904.1045379359         25.98340073545874         -98.29286754307398        
208003.3178397571         21.35956956487167         -94.67231998956576        
208036.4641316934         19.79256092243059         -93.5213236507535         
208068.8189504785         18.25389079030733         -92.4219299263597         
208104.9956857692         16.52393779830047         -91.21807359125411        
208191.2512293435         12.36524144376412         -88.43880129310298        
208288.8470406295         7.616592618274821         -85.41036868395591        
208322.140243859          5.98942435107455          -84.39683946662868        
208344.3488606368         4.902566072468964         -83.72464334274267        
208364.7226393106         3.904698259954269         -83.11016196013186        
208423.440234724          1.025981144202635         -81.34693948638275        
208511.4183536964         -3.288571152994788        -78.70865057187258        
208609.2525591957         -8.074647803177397        -75.74294961689264        
208708.2382549415         -12.88676317898932        -72.66076954869501        
208807.3671460734         -17.65537803590458        -69.4387451593191         
208906.5269114217         -22.35234742524456        -66.02091956413042        
209005.7106846361         -26.95076071314409        -62.33982412996836        
209104.9201482791         -31.41852558300676        -58.31694578612308        
209204.1531747091         -35.71567392187802        -53.86111124624423        
209243.3580044308         -37.35546676864085        -51.95909018786702        
209280.8099770336         -38.88643556151042        -50.05761444574132        
209338.194972428          -41.15684739454521        -46.96940456588639        
209420.9889265127         -44.24590910763438        -42.09948478108169        
209518.2998073637         -47.53399682078845        -35.66988406751999        
209617.3904122668         -50.40892397976337        -28.25810130010098        
209716.699980665          -52.69871423510464        -19.9320328513391         
209816.0448313225         -54.28137921045973        -10.79729178305011        
209915.3957150644         -55.05872379745288        -1.102996229356909        
210014.7430809215         -54.97644855944394        8.767219132373071         
210114.0816024039         -54.0404498974581         18.38207274350817         
210213.4074328467         -52.31476556383365        27.37929321346212         
210312.7170735388         -49.90216582419357        35.54141467715323         
210412.0057917433         -46.91939105538542        42.80039126872327         
210511.271148012          -43.47799167690146        49.19589027189019         
210610.512591654          -39.67453605191898        54.82488729364624         
210683.5551197408         -36.68996104982048        58.54689079670951         
210704.0705658845         -35.82771187144129        59.53550117278603         
210725.1201895648         -34.93310425437213        60.52591360399031         
210751.4288519975         -33.80167005673309        61.73126647014413         
210793.6143497704         -31.95881580257986        63.59334690955666         
210883.108076721          -27.94731100967604        67.28723283657779         
210981.1180853052         -23.42385838580201        70.998737170311           
211080.1089044893         -18.74901203165816        74.470178470733           
211179.1861843667         -13.99087892837353        77.73514454352797         
211278.2528709853         -9.177515503554227        80.85116717933167         
211377.3012392689         -4.329957210275884        83.87268760215426         
211476.338111877          0.5332181157899517        86.85051513485305         
211575.3706723102         5.394247667105329         89.83355668219704         
211674.4043721585         10.23519173004686         92.87088480603821         
211773.4473212273         15.03725091038337         96.01401074998397         
211872.5069117267         19.77960570974946         99.31902020097415         
211971.5861297096         24.43806335220569         102.8488164472282         
212070.6846196787         28.98365883812085         106.6755893128504         
212169.8049559258         33.38109601046688         110.8833769076488         
212268.9499821165         37.58628061011317         115.5695897609138         
212368.122193648          41.54348407522883         120.8444720530255         
212402.2222035681         42.83439820806631         122.8150875819226         
212434.3469240237         44.01316884767326         124.7520755534946         
212465.8436706173         45.13079042662928         126.730833175588          
212553.9021291886         48.02922473298543         132.7090663929            
212651.8327279366         50.78981590241468         140.1774576547414         
212750.9626318119         52.97897171326522         148.622145333073          
212774.1831377149         53.39131529954055         150.7197118187381         
212795.5543589895         53.73455300075454         152.6861475800283         
212855.3478915361         54.50180168227628         158.348270074694          
212949.1135429242         55.09927945909768         167.5583873366627         
213047.8043920244         54.89723426783701         177.3546250595817         
213147.06468269           53.84977366836908         -173.1039630221539        
213246.3894274668         52.02477654620286         -164.2126798214891        
213345.7177595934         49.52850868326691         -156.1731523189526        
213445.0392898056         46.47796121940539         -149.0363303633252        
213544.3483851501         42.98310020601195         -142.7522017939391        
213643.6438952107         39.13815247739176         -137.2192883263368        
213742.9246123647         35.01994336386102         -132.320147605524         
213842.1889439458         30.68963105301398         -127.9406924134547        
213941.4300817531         26.19583841372582         -123.9785697373695        
214040.6433741446         21.57726820119935         -120.3447968351278        
214097.0158998622         18.90896161730949         -118.3962874548181        
214151.0704783606         16.32620591601618         -116.5922177718057        
214215.2503410936         13.23441268998875         -114.5177863626661        
214309.7096937709         8.646030312062098         -111.5666131584919        
214363.7781442143         6.005239510208488         -109.9162516421876        
214386.3188880379         4.902182015493228         -109.2339958013356        
214417.6697090501         3.366483715847161         -108.2891711350313        
214501.1098258314         -0.7252650902770754       -105.7867376014681        
214598.3157246024         -5.488903145290233        -102.8630320557245        
214697.2232630826         -10.31562874162352        -99.83343095959523        
214796.3349935249         -15.11283373696208        -96.6913683924772         
214895.4834382748         -19.85119694014538        -93.385948363987          
214994.6530472254         -24.5056714635021         -89.85473657705624        
215093.846283399          -29.04743406419772        -86.02526705326233        
215193.0653407588         -33.44112828236941        -81.8132582723667         
215248.1399518205         -35.79975781084015        -79.27535802261072        
215279.9194411724         -37.13025145153335        -77.73675164703886        
215312.8645542311         -38.4834754307342         -76.07951784283659        
215365.2325757314         -40.57418432298989        -73.30456174915132        
215457.6134893578         -44.05258988088004        -67.94017633623811        
215556.1144452891         -47.40093430474472        -61.47182574740562        
215655.3425444174         -50.30170822615193        -54.08715051637197        
215754.6680856845         -52.61811598115828        -45.7955351010304         
215854.0159802302         -54.23154054038796        -36.68962053045156        
215953.3680844819         -55.04288112523475        -27.01132675842166        
216052.7162188548         -54.99569934004932        -17.13993888400566        
216152.0569915068         -54.09333929942269        -7.506898698389439        
216251.3851925614         -52.39776670347143        1.52066706317121          
216350.6969341775         -50.01068112868035        9.718856337708347         
216449.9885821715         -47.04865842080304        17.01429012753617         
216549.2572762189         -43.62371158218541        23.44325278907126         
216648.5005297232         -39.83317423271561        29.10113039146767         
216722.5055987947         -36.81614022875929        32.88840377296835         
216745.62367365           -35.84543975918096        34.00472947806272         
216769.9238784844         -34.8120459004355         35.1465952880397          
216795.5242698896         -33.70975573851202        36.31633562742859         
216853.16289654           -31.18134746672126        38.83451222505155         
216945.7910877303         -27.00165767012795        42.58766624664571         
217044.1833893652         -22.43559686954771        46.24916582539599         
217143.2118915953         -17.73987604275537        49.67197309415759         
217242.2873911564         -12.96801096288398        52.90050002503119         
217341.3469477091         -8.145776296712263        55.99202136971923         
217440.3901787242         -3.293395950752312        59.00015389789616         
217539.4225342199         1.570730094413524         61.97507344123369         
217638.4518367122         6.428922837401442         64.96557264663696         
217737.4857798452         11.26321706878641         68.02111207794809         
217836.5294094197         16.05432780607186         71.19389524813181         
217935.5917860637         20.78094821129295         74.54134154070204         
218034.6770412172         25.41808389850039         78.12820578430798         
218133.7826345349         29.93545148849767         82.02893624410854         
218232.9101753421         34.29604194487833         86.33029820901763         
218332.0632349583         38.45356069870315         91.13263366589527         
218431.2438919907         42.34938508599459         96.5484623166173          
218453.5568251158         43.18241818678418         97.8632828499728          
218478.323327587          44.08602632345731         99.36756420572961         
218511.555192573          45.26139216435241         101.4631620643243         
218583.4600945003         47.64303029321889         106.3170760985523         
218679.1564174346         50.41229840425403         113.496354297094          
218778.0443623778         52.69384264771035         121.7919435792514         
218802.8635523398         53.16046949161788         124.0061722147628         
218828.1025706674         53.58776310203789         126.3072205820723         
218855.1964298822         53.99152961749321         128.8285106209698         
218898.8959241076         54.51817399029098         132.9925420811053         
218989.5618833718         55.09568511062798         141.8990738501187         
219087.8761361819         54.90907684742497         151.6595894973265         
219187.0938755921         53.87786774920945         161.2063798987993         
219286.4135289914         52.06722035709344         170.1121819206031         
219385.7407006435         49.58305182438697         178.1689531158009         
219485.0612772047         46.54238494317924         -174.6770745297593        
219584.3716219766         43.05534740032761         -168.377235970936         
219683.6687287898         39.21655059079157         -162.8308100533574        
219782.9507418908         35.10317291134233         -157.9204743629676        
219882.2167139151         30.77662359917018         -153.5319401374948        
219981.4620167948         26.28564182106041         -149.5625190860458        
220080.6793343858         21.66921164171056         -145.9230851398491        
220130.6123987655         19.30805057151051         -144.1912352694825        
220163.0857035052         17.76120173185502         -143.094983052463         
220196.724535455          16.15055270121225         -141.9814862859335        
220251.4939011773         13.51248031486628         -140.2105318410671        
220333.9876965852         9.509572739585439         -137.6222526500104        
220405.6721316185         6.010476684992669         -135.4289759427631        
220431.5007737721         4.746488709811459         -134.6474477033743        
220457.2781903436         3.483821762035714         -133.8706830480626        
220502.0862906938         1.287091636545975         -132.5255448509412        
220592.6033807569         -3.151750206504514        -129.8115818884266        
220690.7235039747         -7.952009281867576        -126.8388716801731        
220789.7412567283         -12.76634449172375        -123.7585682939427        
220888.8729233178         -17.53629858611957        -120.54071756442          
220988.0331381457         -22.23512986456046        -117.1287236423502        
221087.2159897699         -26.83609908018764        -113.4553399374214        
221186.4238830633         -31.30732028116872        -109.4423410286614        
221285.659211583          -35.60924904070264        -104.9986960725579        
221317.5601201365         -36.94811482634451        -103.4622096735897        
221350.3246659413         -38.29761919782502        -101.8228867903288        
221402.6464306517         -40.39323222946341        -99.06606299799833        
221495.0235051569         -43.88588664931997        -93.73347093483368        
221593.5262153158         -47.25366552816558        -87.30346572700829        
221692.7542126039         -50.17889751743398        -79.96066638782862        
221792.0786141418         -52.52520841384168        -71.71013054540907        
221891.4259919431         -54.17375902967336        -62.63790595920837        
221990.7801430556         -55.02407258384208        -52.9783804534295         
222090.1312251342         -55.01718287335734        -43.10598767295789        
222189.474142401          -54.15351843369082        -33.45255906959           
222288.8043953455         -52.4926491881025         -24.39044066575035        
222388.1195027148         -50.13496032416383        -16.15077437163919        
222487.4146390473         -47.19686375560717        -8.813355061651421        
222586.6869097576         -43.79089039097918        -2.345817806117173        
222685.9346920042         -40.01513461705229        3.34551678975782          
222785.1561457501         -35.95030456135952        8.376670746637195         
222803.3512473456         -35.17873549645017        9.237070328006563         
222820.7609475357         -34.43371242537333        10.04388986685352         
222870.8385365666         -32.25644509675683        12.28031243295011         
222936.9165964192         -29.31405425724733        15.05768576349862         
223031.6326814471         -24.9816515896302         18.74602515497972         
223130.2578917588         -20.35667462007929        22.2910867523445          
223229.3008342269         -15.62421697045517        25.61955659431075         
223328.3682403271         -10.82720598829135        28.78025724311583         
223427.4188226904         -5.989111689722221        31.82837276431312         
223526.4539637021         -1.129267844474998        34.81569247459267         
223625.4806815297         3.734380165902715         37.79152800210624         
223724.5077495114         8.584183504271            40.80473397749267         
223823.541693273          13.40170676203261         43.90571782904102         
223922.5900574704         18.16693670815364         47.14873414616718         
224021.6580378357         22.8570142251246          50.59410203150606         
224120.7499097683         27.44494948208335         54.31069859345225         
224219.8632011306         31.89765188303429         58.37814449700119         
224319.0010438208         36.17434106251795         62.88921805860295         
224418.1668164791         40.22362622289354         67.95011942607024         
224479.2571987608         42.57682159683485         71.39098062602596         
224499.2965030367         43.32153699675483         72.5792691324887          
224527.6062094839         44.34857295651884         74.31111578129654         
224560.0181568065         45.4860054156713          76.37332874670655         
224610.691789363          47.17443124848504         79.77545540301541         
224702.730117843          49.91984139972465         86.54091173306553         
224801.1677901959         52.31027871040145         94.63462796425182         
224844.8921359261         53.16204429256616         98.5015676103187          
224890.2673946111         53.89479944139406         102.6718975449348         
224936.5394461085         54.47368839760831         107.0657052414682         
224999.0608100547         54.97131909445095         113.1708775625252         
225087.2963836882         55.09486261580173         121.9385737500259         
225185.335951054          54.43422493296642         131.551998253783          
225284.5204220619         52.9575845605714          140.766462105951          
225383.8339009322         50.75695072566553         149.2118792964619         
225483.1561056781         47.94793055690197         156.7634080533488         
225582.4692400522         44.64550680353388         163.4301395746001         
225681.7701947875         40.95169981431041         169.2952012763058         
225781.0568142682         36.95131761416583         174.4718761433739         
225880.3283444373         32.71238487800966         179.0773896476407         
225979.583868105          28.28876040693795         -176.779842542878         
226078.8160596974         23.72344086261268         -173.0047681022417        
226178.0216474435         19.05083298886798         -169.5153312569363        
226211.9056073134         17.43518422802868         -168.3758028328783        
226245.8846481401         15.80660078399187         -167.2555139839841        
226297.4981924286         13.31881726264633         -165.5913179161062        
226389.5873278147         8.846877895391353         -162.7114216325438        
226487.9098321893         4.040743367973091         -159.7216356775299        
226585.3104159585         -0.7348628020705046       -156.7992798459633        
226684.2388555524         -5.582589045857852        -153.8236335619373        
226783.3460116759         -10.41828293385772        -150.7865425134136        
226882.4826671742         -15.21548424433488        -147.6410957829798        
226981.6368847503         -19.9524474931952         -144.3316063102592        
227080.810291646          -24.60488394720542        -140.7949337305692        
227180.0071230275         -29.14393977118674        -136.9583202265779        
227279.2314455844         -33.5341778589402         -132.7371179066645        
227323.3407476102         -35.42639950762344        -130.7124238126294        
227357.8282538569         -36.87624785033022        -129.057203359491         
227395.4437980428         -38.42489787800714        -127.1736110640848        
227483.9035400189         -41.91265589972896        -122.3866579442119        
227581.9129733951         -45.47190160044649        -116.4148888355413        
227681.0766517301         -48.66182237084287        -109.5549904628155        
227780.3869399242         -51.33702671959096        -101.7908468285404        
227879.7272423515         -53.37705973340558        -93.14350736205968        
227979.0800249088         -54.66951542638716        -83.7624557510626         
228078.4366211272         -55.1300342152818         -73.95186846830156        
228177.7884528623         -54.72558103336806        -64.12662658359876        
228277.1311290446         -53.48502379135758        -54.70526069256554        
228376.4595403802         -51.48971881526182        -46.00138554365631        
228475.7692489657         -48.85045562682458        -38.17403277672516        
228575.0576104154         -45.68377655431753        -31.24492829790645        
228674.3217920652         -42.09639394503409        -25.14766340556985        
228773.5610099975         -38.17843757735964        -19.77440343856178        
228828.636808251          -35.88839235088307        -17.06074473894365        
228846.7481406871         -35.11976304923019        -16.20571256593766        
228866.0235937452         -34.29391200767263        -15.31475443020952        
228919.7990221786         -31.95047606344655        -12.92633157193288        
229007.3933852487         -28.02481407711648        -9.308005123710178        
229105.1708667423         -23.51394580181125        -5.599293081676102        
229204.1379505768         -18.84164578973014        -2.123662844973029        
229303.2146338723         -14.0844655886973         1.145037821123644         
229402.2809904534         -9.271604650741779        4.263657403124573         
229501.3284858665         -4.424189940727042        7.286720435167807         
229600.3612647532         0.4390374186468955        10.26502054034323         
229699.386969523          5.30032497066404          13.2474968629827          
229798.4126683208         10.14182039845123         16.28324083865221         
229897.4470093846         14.94477842605013         19.42370502962412         
229996.4966214378         19.68839363951315         22.72482657044753         
230095.5679728999         24.34871561654078         26.24945813957001         
230194.6630380233         28.89698782925845         30.06968327888129         
230293.7813670142         33.29791248239476         34.26920207072855         
230392.9252563044         37.5075627577023          38.94515526113965         
230492.0971365413         41.47045665715564         44.20758628181154         
230533.5036896984         43.03557195365349         46.60587767020529         
230556.8311641924         43.89079619810919         48.01417799914778         
230582.7124237432         44.81556794015587         49.627101846077           
230657.0643561892         47.31657169056813         54.57230685565214         
230753.1631475198         50.15014038562904         61.69289075236011         
230852.0843740669         52.49691000735431         69.90403776006607         
230885.9001328005         53.14600512074919         72.90603986225049         
230905.9475597693         53.49078646939133         74.72857303053904         
230932.1005752892         53.89405012406338         77.15047831976199         
231006.6836757003         54.74048081854701         84.28909712811425         
231102.8680815711         55.13098174954004         93.80384728600635         
231201.8380596768         54.68616087631195         103.5815605534242         
231301.1298069963         53.40903744405587         112.9693496434118         
231400.4547960008         51.3820653097212          121.6321499488051         
231499.7780744685         48.71692591304257         129.4152487875443         
231599.0920785698         45.53000968626319         136.3018381775897         
231698.3931596624         41.92731127846202         142.3611539523933         
231797.679359524          37.99812025322306         147.7019883864563         
231896.9505712856         33.81450656074367         152.4422769074532         
231996.205006144          29.43369359298229         156.6933017912154         
232095.4445786308         24.9008185615312          160.5539334236148         
232194.6597704664         20.25246972299389         164.1091848957205         
232246.1202355335         17.80550251190098         165.8579491421731         
232278.5373914754         16.25366453607874         166.9318652491009         
232312.1307904716         14.63811118434516         168.0249200888696         
232398.5720728291         10.45236979635065         170.7605395007876         
232496.1924649891         5.689420546522799         173.7531900298706         
232522.4264223478         4.405224369893271         174.5459826834472         
232549.7390297474         3.06702291788041          175.3681103070041         
232578.8214016124         1.641180064399419         176.2409836443543         
232660.7636642293         -2.377571506248489        178.6968006312455         
232757.7530879877         -7.12572796594957         -178.373342445814         
232856.6388131934         -11.94024938434207        -175.3148326780276        
232955.7541995076         -16.71966378741868        -172.1248224652043        
233054.9105840153         -21.43269672597654        -168.7509882416951        
233154.0907296469         -26.05283457930607        -165.1280239200506        
233253.2966983505         -30.54926382065851        -161.1797086873323        
233352.5308604236         -34.88392266649955        -156.8172968045986        
233391.3722070283         -36.52616327337647        -154.975655098941         
233430.9687937028         -38.16374984270572        -153.0102565966203        
233491.6396446526         -40.59226388161119        -149.8099007038109        
233579.7690923908         -43.91610037046291        -144.703948934602         
233677.7640245506         -47.26457176491971        -138.3026524702242        
233776.9348543254         -50.18702494546222        -130.9615845498511        
233876.2529112864         -52.53196437740931        -122.7092019540241        
233975.5976877641         -54.17897517624147        -113.6350093375406        
234074.9524844927         -55.02753413166548        -103.9737360952911        
234174.3086997536         -55.0186812827366         -94.1000066623734         
234273.6562347156         -54.15293078878967        -84.44632184346671        
234372.9920973536         -52.489977151165          -75.38479264913933        
234472.312237008          -50.13033480886124        -67.14641935808895        
234571.6120963334         -47.19047410330058        -59.81063833628212        
234670.8894857671         -43.78291739917285        -53.34478004101956        
234770.141274354          -40.00580242071777        -47.65509959582275        
234869.3664223189         -35.93979042085179        -42.62543817468851        
234892.5482742372         -34.95526458737351        -41.53268047540777        
234913.7948133401         -34.04276444006013        -40.55593243269033        
234975.1381165115         -31.35830031768918        -37.85914257438485        
235069.0953178564         -27.12301363952309        -34.03993165167656        
235167.6456599613         -22.55215492475801        -30.36482443916833        
235266.6976375971         -17.85703477701501        -26.93555471997828        
235365.7807295909         -13.0859009961403         -23.70274202945554        
235464.846395608          -8.263942436334471        -20.60839362252327        
235563.8928349013         -3.411511748918381        -17.59879618237506        
235662.9267472308         1.453019932962224         -14.62365752981371        
235761.9542257162         6.311881097471455         -11.63421868477593        
235860.9828627901         11.14711879346871         -8.581064327131095        
235960.020511772          15.93962745106361         -5.412004706356101        
236059.0731259086         20.66802280139651         -2.069885475416639        
236158.1479587941         25.30756903925803         1.50992099148299          
236257.2469834238         29.82833662563991         5.401760641388884         
236356.368598016          34.19336201472528         9.691972574255242         
236455.5165037047         38.35661865725015         14.48058653735932         
236554.6914932085         42.25976954141558         19.87982114690445         
236591.4425165858         43.62562830800667         22.05899200141734         
236625.8047604235         44.85749134314973         24.19205478617886         
236660.908037948          46.06676661411797         26.47125825964358         
236747.0853456762         48.79714427924047         32.52149399214851         
236844.7784413118         51.40936742059641         40.19872511356998         
236917.8608687245         52.96441229173531         46.50312196799525         
236940.6140369014         53.37047008580097         48.55654062681581         
236964.1670812969         53.74932294209751         50.72332344480238         
236989.124545001          54.10324659440442         53.06138103655331         
237045.7336377818         54.71745404321443         58.50034152639158         
237134.7548708785         55.12909685263334         67.29624961105461         
237232.8884775401         54.77744103213789         77.01306685282429         
237332.0860727224         53.58956924303384         86.45614043955551         
237431.4026759472         51.64027459606007         95.20905034712452         
237530.7261527516         49.03975690975979         103.0923021733918         
237630.0409024232         45.90492205085265         110.0756661797222         
237729.3428060948         42.34337350980805         116.2214049662301         
237828.6298879422         38.44634263830577         121.6357700680914         
237927.8998672497         34.28780504302264         126.4366017631131         
238027.1528631449         29.92641252467802         130.7364454260157         
238126.3894432923         25.40853255518974         134.6356155729707         
238225.6081567844         20.77124980269934         138.2208502634067         
238297.72512411           17.34255067931098         140.673094225351          
238337.2943544528         15.44467996142909         141.9742882506149         
238377.4507588008         13.50857372289638         143.2677965518842         
238440.4037331347         10.45638198090158         145.2500019836993         
238534.5479792682         5.863403872426034         148.1374059400648         
238568.6268102145         4.195135821753058         149.1672496914225         
238591.1305508693         3.092458388987188         149.8444631126939         
238612.9205726786         2.024193385011069         150.4986802632559         
238677.7016642969         -1.153103752025971        152.4398982207378         
238772.2277458292         -5.784652959197096        155.2849356239279         
238870.861062489          -10.59628794838716        158.3106709241192         
238969.9465983314         -15.38941595548477        161.4594408079748         
239069.096067769          -20.12374337395067        164.7758555098182         
239168.269966892          -24.77282945088098        168.3221052281629         
239267.4688341329         -29.30743181852902        172.1712407951368         
239366.6952142376         -33.69175544466381        176.4083418684397         
239432.6060064021         -36.49872514384379        179.4842973008073         
239497.4419461563         -39.16024062808319        -177.2503718670644        
239592.0680900104         -42.82988027103375        -171.9909601688837        
239690.8390360535         -46.32314032790415        -165.7775115323844        
239790.0917201419         -49.39512762273969        -158.6889638254469        
239889.4134094007         -51.92065465331386        -150.6942711423666        
239988.7542339158         -53.78105049732957        -141.8403245265431        
240088.1057346705         -54.86879221591027        -132.3154816371245        
240187.4620451708         -55.11057638204216        -122.4589954817585        
240286.8126532529         -54.48879299882076        -112.6985689616225        
240386.1526853638         -53.04727772553796        -103.4349419095423        
240485.477471631          -50.8773028354742         -94.94419998497166        
240584.783628385          -48.09312466354682        -87.34685959955846        
240684.0675157844         -44.80992704528026        -80.6373481573587         
240783.3267085254         -41.13057110575654        -74.73481151996388        
240882.5584258069         -37.14082262196862        -69.52662753397784        
240918.7792877317         -35.62089314213952        -67.77495537037561        
240954.3298671953         -34.10051138880213        -66.1248809796506         
240987.7557451604         -32.64738760881163        -64.6314410139363         
241074.7017625719         -28.77374281371696        -60.98163060278441        
241172.3974868772         -24.28725312928953        -57.22255677210823        
241271.3593774941         -19.63100322653223        -53.70544809376554        
241370.439393539          -14.88518745959069        -50.40596027512474        
241469.5104727987         -10.07992364623092        -47.26625521970142        
241568.5622558696         -5.236826122943971        -44.23095143153687        
241667.6003200701         -0.3747923463137685       -41.2486694349451         
241766.6310197208         4.488289029414145         -38.27032563034665        
241865.6616021297         9.334647609367593         -35.24699120085545        
241964.6975826938         14.14561329182169         -32.12784135156846        
242063.7474361458         18.90087597363171         -28.85779839153858        
242162.8158430452         23.57702048602713         -25.37539767273295        
242261.9094600901         28.14639702346684         -21.61012590849042        
242361.0264705028         32.57486383682244         -17.48041878178686        
242460.1671093958         36.82005111600385         -12.89149882997734        
242559.3343351618         40.82864851868607         -7.735277298222496        
242620.244133845          43.14451944654517         -4.237355132941696        
242641.7160448269         43.93014767398351         -2.937756245050549        
242661.5701654111         44.64108408455676         -1.703585927128691        
242694.1109631211         45.77212085599232         0.3890442477993124        
242745.6933719921         47.47048201513871         3.891475070959924         
242837.8432675847         50.17396585831771         10.74326441576435         
242936.2932871096         52.50558062929963         18.92092185881275         
242976.970723446          53.27493277475158         22.54459170062132         
242997.7718603681         53.62058245155402         24.44762103156879         
243017.6340665552         53.91929542676749         26.29379804114981         
243074.0817050217         54.59450214439847         31.67531572951308         
243163.2537611411         55.1111102836547          40.45430982334053         
243261.4066765644         54.87438474354155         50.19310329651027         
243360.6106323539         53.79570218833788         59.70957861403016         
243459.9309606012         51.9427622988339          68.57045126055267         
243559.2589856358         49.42293389753932         76.57540959534839         
243658.5791997844         46.35331381927863         83.6779077286654          
243757.8859273461         42.84338949008289         89.93083172342644         
243857.1776680648         38.98673946130999         95.43684298813939         
243956.4514984377         34.85961615423523         100.3134822118232         
244055.7084547821         30.52251944703173         104.6746462632457         
244154.9477157765         26.02335454415001         108.6224010402904         
244254.1707992787         21.40017874803879         112.2453755380208         
244353.371853882          16.68416413368973         115.6194872460824         
244391.6697190376         14.84396118380333         116.8700133591638         
244450.873184565          11.98235100796634         118.7578195061972         
244544.4441955886         7.427551203437999         121.6552422095004         
244604.9099967931         4.470041140236884         123.4892355293148         
244626.4739897917         3.413601410891            124.1386941196917         
244653.2427938771         2.101368304893647         124.9427272821931         
244727.4129523896         -1.536370894549757        127.1654938129791         
244823.3105739579         -6.233950386403363        130.0550225232788         
244922.0739105949         -11.04894335631687        133.0928408884147         
245021.1780020851         -15.83805666930913        136.2554293012363         
245120.3338770778         -20.56561406762864        139.5909405332729         
245219.51412895           -25.20538036767346        143.1627449605602         
245318.7176358886         -29.72749505830887        147.0448636626723         
245417.9479233222         -34.09546676248714        151.323630292039          
245454.414187884          -35.65288469113992        153.0147379737347         
245491.7131994502         -37.21512284330234        154.8191069486204         
245547.4577302462         -39.4852239817321         157.6694870051894         
245629.1741821915         -42.65046028744271        162.2200806254979         
245726.3327419641         -46.10804980347368        168.2880592122863         
245825.3981301212         -49.20595542210936        175.3055713388949         
245924.6976452647         -51.77080736297057        -176.761450841624         
246024.035933835          -53.67884595497375        -167.9609147391676        
246123.3866079245         -54.82066415784578        -158.4720301948932        
246222.742063785          -55.11990293871745        -148.6252574707411        
246322.0916525228         -54.55486737197369        -138.8456773466091        
246421.4317937032         -53.16553991650235        -129.5391966718346        
246520.7574996748         -51.04073212174963        -120.9919706591271        
246620.0647650403         -48.2939295801656         -113.3344651712139        
246719.3512298749         -45.04071452234513        -106.5678811652423        
246818.6123990687         -41.3850478827369         -100.6150180174451        
246917.8467399906         -37.41381364689652        -95.36429022767709        
246955.6311762775         -35.83355544561177        -93.52452549550935        
246977.6777182706         -34.89634804648971        -92.48757327778947        
246998.4215283184         -34.00499957758671        -91.53511897213804        
247054.839321028          -31.53784220148387        -89.05076047303363        
247146.1327122641         -27.43039582822266        -85.32055170672358        
247244.3670850131         -22.88251130328319        -81.63617236564211        
247343.3790520532         -18.19580700865198        -78.19169804647709        
247442.4542212626         -13.42983995306005        -74.94704103796278        
247541.5154918097         -8.611356379288058        -71.84476773830394        
247640.5585015425         -3.760976974925975        -68.83091800085346        
247739.5901535871         1.102861755590436         -65.8550154429194         
247838.6171546183         5.962406406862323         -62.86825383164597        
247937.6464269357         10.79972119604912         -59.82135661916569        
248036.6839888506         15.59572915837216         -56.66246597922719        
248135.737667908          20.32933376207732         -53.33480837106863        
248234.8131130915         24.97601654616403         -49.77442705690986        
248333.9163920609         29.50645106108172         -45.90760830586313        
248433.0453048809         33.88420117393569         -41.64893256353706        
248532.200101437          38.0638370121844          -36.89946572330589        
248631.3804740086         41.98795121123658         -31.5477993552056         
248679.3157180538         43.77178483326806         -28.71092087354819        
248699.5395245729         44.49914876488747         -27.46050999849829        
248727.5264075724         45.47902945761761         -25.67526859064018        
248808.779869799          48.12915411620236         -20.11233102432736        
248905.8156770188         50.84943943850823         -12.68742975249146        
249004.841471999          53.02095079325203         -4.231963238053376        
249029.9597789766         53.46099086278698         -1.956807146093949        
249055.2108144388         53.8546351653692          0.3775757391297558        
249082.5007636682         54.22327629325162         2.948774579451727         
249126.9709581742         54.69302577569989         7.23002182191151          
249217.6921710488         55.12619935029297         16.18899698850828         
249316.0198324942         54.78071287426356         25.92570621839006         
249415.2437278884         53.5981918287649          35.37458520797077         
249514.5686766598         51.65365518058064         44.13327266536393         
249613.8984889258         49.05709650959189         52.02279442462388         
249713.2195256534         45.92541191968047         59.01228716024448         
249812.5273618265         42.36631783284248         65.16353928214382         
249911.8199980468         38.47117471389877         70.58263254571614         
250011.0952167772         34.31407537699327         75.38740607569024         
250110.3530195891         29.95377620936859         79.69047109951761         
250209.5935903606         25.43674062028759         83.59222317710412         
250308.8176749763         20.80000979218633         87.17957244214101         
250408.0181760597         16.07405083856891         90.52695585159239         
250445.5944351037         14.26563454199147         91.74612276565267         
250481.8533622893         12.51292100550139         92.90189060459676         
250540.3653585236         9.671240730252222         94.73124197095142         
250628.8662615116         5.350102986096034         97.43604492000246         
250662.0545379817         3.724875333036326         98.43742920238418         
250717.1376904123         1.024395456807932         100.0911411806862         
250768.7342066551         -1.506253739164404        101.6371655340408         
250859.9897183944         -5.976773228341493        104.3857399198212         
250958.2116572186         -10.76703036428982        107.4022280355602         
251057.2552726488         -15.55615697696929        110.5547756766118         
251156.4056457602         -20.28774872121485        113.8783967362914         
251255.5857813335         -24.93338853163739        117.434433242271          
251354.7896484844         -29.46331598030351        121.2960971348528         
251454.0199814946         -33.84146898497755        125.5489159064489         
251492.1862321207         -35.47546277224176        127.3089635052826         
251529.5644951053         -37.04454203481145        129.1085211382152         
251588.1072932621         -39.43256769995401        132.0923703948533         
251674.083379365          -42.76016427323865        136.8855149277395         
251771.7981678899         -46.2248738138533         143.0137963255483         
251870.9306435427         -49.3072815828921         150.0674099024514         
251970.2402656898         -51.85047759799915        158.0334438537718         
252069.5805514581         -53.73244945243983        166.8625678013416         
252168.933079415          -54.84476932928698        176.3704989538108         
252268.2884092326         -55.11274124449599        -173.7782284560636        
252367.6380284596         -54.51693148042133        -164.0098464877701        
252466.9777537929         -53.09941152008265        -154.727360992566         
252566.3038561237         -50.9502865897875         -146.2113071887812        
252665.6110894284         -48.18346857297151        -138.586864624929         
252764.8966725916         -44.91430089833547        -131.85153097219          
252864.1575409798         -41.24611960615335        -125.9261230344898        
252963.3927315124         -37.26513431493463        -120.6984627044626        
253002.6901210193         -35.61770123716031        -118.7946752686361        
253024.3807610124         -34.69335487002152        -117.7801400373998        
253047.9863769142         -33.676101935899          -116.7036651461807        
253116.7687270674         -30.65105666746784        -113.7182369463505        
253211.8858629023         -26.34041483419328        -109.9119590691503        
253310.5686075403         -21.74438075042594        -106.282751973575         
253409.6249030088         -17.03485658280767        -102.89210584009          
253508.6985345581         -12.25418534526736        -99.68750313765909        
253607.7530704555         -7.426444051987015        -96.6117176141728         
253706.7902526702         -2.571463012966404        -93.6117417051224         
253805.8176029124         2.292607364827746         -90.63769326516854        
253904.8401512671         7.147967797091074         -87.6409069702929         
254003.8659977959         11.97656124280852         -84.57164428760079        
254102.9028961784         16.75898201062159         -81.37702862779317        
254201.9564152462         21.47333819858916         -77.99882454073126        
254301.0338507127         26.09416716296612         -74.37088278988512        
254400.1401059912         30.59063819181018         -70.4167956095849         
254499.2770890123         34.92450597453831         -66.04775419938144        
254598.4406419331         39.04748858616846         -61.16170873645388        
254697.6304623764         42.89878915908903         -55.64483522825186        
254728.722024837          44.03821893193106         -53.76719920004064        
254750.9268163238         44.82957984698075         -52.37934759452297        
254774.813198531          45.65870838318546         -50.84120297131403        
254843.0989903864         47.89021147114926         -46.17383980266109        
254938.2563967607         50.60381387732984         -38.96828957828131        
255037.0849271072         52.83551797934927         -30.61353727679625        
255069.8289254098         53.42368876283839         -27.66306338298086        
255091.3313437952         53.76561763389365         -25.68144250555357        
255111.9322639774         54.05914666097933         -23.75282397240254        
255169.0703036729         54.69214972284103         -18.27207843803179        
255251.8846122664         55.11560370968179         -10.10017622656723        
255349.2243229877         54.84442921117075         -0.4481528160992955       
255448.3340917504         53.73558318189492         9.038455443205477         
255547.6440709666         51.85565505765129         17.86792719883167         
255646.9725567964         49.31306354360132         25.83857814415482         
255746.293848753          46.22500331264634         32.9075371111592          
255845.6041140016         42.700374103094           39.13043117413722         
255944.8997554486         38.83215505844638         44.61080518321332         
256044.1782868118         34.69595027078615         49.46630442041479         
256143.4400742757         30.35175941955223         53.81042564633933         
256242.6835364895         25.84711221056697         57.74469940562639         
256341.9112131698         21.21971234101142         61.35729737659191         
256441.114671703          16.50063083496502         64.72362204956029         
256480.8872733149         14.58845838701448         66.01932542848074         
256514.5396987209         12.96319510091065         67.09596934587556         
256549.5331775048         11.26699593411135         68.19892715958565         
256636.8253331515         7.014169605913552         70.89200564255935         
256698.1558993924         4.013258055173551         72.7492086011908          
256718.2999980985         3.026160492024571         73.35529486296875         
256745.3333570505         1.700783253848192         74.16677924526951         
256776.6536477138         0.1646749465792124        75.10543995421015         
256828.7944057491         -2.392426058308897        76.66846535082493         
256920.9527603583         -6.904457783760806        79.45163356325666         
257019.2879680311         -11.69385765754645        82.48884696843928         
257118.3465640177         -16.47336351863362        85.66965241196628         
257217.5015746267         -21.19036693075851        89.03285034229212         
257316.685762431          -25.81613299918589        92.64174387665973         
257415.8944635303         -30.31983522993826        96.5717359499159          
257496.9207924209         -33.88078459231168        100.0796769491541         
257535.4744051583         -35.53044670308362        101.859793728141          
257574.3371674209         -37.15997337250806        103.7352792874364         
257634.7761271521         -39.61935018328069        106.8297488581086         
257723.7019190798         -43.04359903802734        111.8261892353616         
257821.7914352543         -46.4910595379913         118.0403303700056         
257920.9695267957         -49.53504981035493        125.1686274302902         
258020.2865964733         -52.02912311839425        133.207994506216          
258119.6303680656         -53.8524689187895         142.1011251531158         
258218.9836516511         -54.89850109360641        151.650987057009          
258318.3405200718         -55.09636966593124        161.5118283204729         
258417.6918627229         -54.43164276099671        171.2546833019444         
258517.0315660536         -52.95103997648143        -179.5167197920748        
258616.3562715403         -50.74756460258405        -171.0704705667214        
258715.6620721682         -47.93595312085716        -163.5196771882397        
258814.9461280438         -44.63093884121189        -156.8537060177133        
258914.2052997253         -40.93456653366901        -150.9892985124431        
259013.4386150166         -36.93162161341706        -145.8130450310656        
259046.163950488          -35.55607683299429        -144.2364800659506        
259067.6523271948         -34.63974412580619        -143.2329740676122        
259088.1128321635         -33.75817961685001        -142.2996337629552        
259150.0552177196         -31.03997227553637        -139.596313166634         
259199.9999996857         -28.80003254390658        -137.5378567784209        
